volume,plate,name,role,as_printed
I,1,Joseph Wolf,drew,J.Wolf
I,1,Joseph Wolf,lithographed,J.Wolf
I,1,Henry Constantine Richter,drew,H.C.Richter
I,1,Henry Constantine Richter,lithographed,H.C.Richter
I,1,Walter,printed,Walter
I,2,Joseph Wolf,drew,J.Wolf
I,2,Joseph Wolf,lithographed,J.Wolf
I,2,Henry Constantine Richter,drew,H.C.Richter
I,2,Henry Constantine Richter,lithographed,H.C.Richter
I,2,Walter & Cohn,printed,Walter & Cohn
I,3,Joseph Wolf,drew,J.Wolf
I,3,Joseph Wolf,lithographed,J.Wolf
I,3,Henry Constantine Richter,drew,H.C.Richter
I,3,Henry Constantine Richter,lithographed,H.C.Richter
I,3,Walter,printed,Walter
I,4,Joseph Wolf,drew,J.Wolf
I,4,Joseph Wolf,lithographed,J.Wolf
I,4,Henry Constantine Richter,drew,H.C.Richter
I,4,Henry Constantine Richter,lithographed,H.C.Richter
I,4,Walter & Cohn,printed,Walter & Cohn
I,5,Joseph Wolf,drew,J.Wolf
I,5,Joseph Wolf,lithographed,J.Wolf
I,5,Henry Constantine Richter,drew,H.C.Richter
I,5,Henry Constantine Richter,lithographed,H.C.Richter
I,5,Walter,printed,Walter
I,6,Joseph Wolf,drew,J Wolf
I,6,Joseph Wolf,lithographed,J Wolf
I,6,Henry Constantine Richter,drew,H.C.Richter
I,6,Henry Constantine Richter,lithographed,H.C.Richter
I,6,Walter & Cohn,printed,Walter & Cohn
I,7,Joseph Wolf,drew,J. Wolf
I,7,Joseph Wolf,lithographed,J. Wolf
I,7,Henry Constantine Richter,drew,H. C. Richter
I,7,Henry Constantine Richter,lithographed,H. C. Richter
I,7,Walter & Cohn,printed,Walter & Cohn
I,8,John Gould,drew,J.Gould
I,8,John Gould,lithographed,J.Gould
I,8,Henry Constantine Richter,drew,H.C.Richter
I,8,Henry Constantine Richter,lithographed,H.C.Richter
I,8,Walter,printed,Walter
I,9,Joseph Wolf,drew,J.Wolf
I,9,Joseph Wolf,lithographed,J.Wolf
I,9,Henry Constantine Richter,drew,H.C.Richter
I,9,Henry Constantine Richter,lithographed,H.C.Richter
I,9,Walter,printed,Walter
I,10,Joseph Wolf,drew,J.Wolf
I,10,Joseph Wolf,lithographed,J.Wolf
I,10,Henry Constantine Richter,drew,H.C.Richter
I,10,Henry Constantine Richter,lithographed,H.C.Richter
I,10,Walter & Cohn,printed,Walter & Cohn
I,11,Joseph Wolf,drew,J.Wolf
I,11,Joseph Wolf,lithographed,J.Wolf
I,11,Henry Constantine Richter,drew,H.C.Richter
I,11,Henry Constantine Richter,lithographed,H.C.Richter
I,11,Walter,printed,Walter
I,12,Joseph Wolf,drew,J.Wolf
I,12,Joseph Wolf,lithographed,J.Wolf
I,12,Henry Constantine Richter,drew,H.C.Richter
I,12,Henry Constantine Richter,lithographed,H.C.Richter
I,12,Walter,printed,Walter
I,13,Joseph Wolf,drew,J.Wolf
I,13,Joseph Wolf,lithographed,J.Wolf
I,13,Henry Constantine Richter,drew,H.C.Richter
I,13,Henry Constantine Richter,lithographed,H.C.Richter
I,13,Walter,printed,Walter
I,14,Joseph Wolf,drew,J.Wolf
I,14,Joseph Wolf,lithographed,J.Wolf
I,14,William Matthew Hart,drew,W.Hart
I,14,William Matthew Hart,lithographed,W.Hart
I,14,Walter,printed,Walter
I,15,Joseph Wolf,drew,J.Wolf
I,15,Joseph Wolf,lithographed,J.Wolf
I,15,Henry Constantine Richter,drew,H.C.Richter
I,15,Henry Constantine Richter,lithographed,H.C.Richter
I,15,Walter,printed,Walter
I,16,Joseph Wolf,drew,J.Wolf
I,16,Joseph Wolf,lithographed,J.Wolf
I,16,Henry Constantine Richter,drew,H.C.Richter
I,16,Henry Constantine Richter,lithographed,H.C.Richter
I,16,Walter,printed,Walter
I,17,Joseph Wolf,drew,J.Wolf
I,17,Joseph Wolf,lithographed,J.Wolf
I,17,Henry Constantine Richter,drew,H.C.Richter
I,17,Henry Constantine Richter,lithographed,H.C.Richter
I,17,Walter & Cohn,printed,Walter & Cohn
I,18,Joseph Wolf,drew,J.Wolf
I,18,Joseph Wolf,lithographed,J.Wolf
I,18,Henry Constantine Richter,drew,H.C.Richter
I,18,Henry Constantine Richter,lithographed,H.C.Richter
I,18,Walter,printed,Walter
I,19,Joseph Wolf,drew,J.Wolf
I,19,Joseph Wolf,lithographed,J.Wolf
I,19,Henry Constantine Richter,drew,H. C. Richter
I,19,Henry Constantine Richter,lithographed,H. C. Richter
I,19,Walter,printed,Walter
I,20,John Gould,drew,J.Gould
I,20,John Gould,lithographed,J.Gould
I,20,Henry Constantine Richter,drew,H.C.Richter
I,20,Henry Constantine Richter,lithographed,H.C.Richter
I,20,Walter,printed,Walter
I,21,Joseph Wolf,drew,J.Wolf
I,21,Joseph Wolf,lithographed,J.Wolf
I,21,Henry Constantine Richter,drew,H.C.Richter
I,21,Henry Constantine Richter,lithographed,H.C.Richter
I,21,Walter & Cohn,printed,Walter & Cohn
I,22,Joseph Wolf,drew,J.Wolf
I,22,Joseph Wolf,lithographed,J.Wolf
I,22,Henry Constantine Richter,drew,H.C.Richter
I,22,Henry Constantine Richter,lithographed,H.C.Richter
I,22,Walter,printed,Walter
I,23,Joseph Wolf,drew,J.Wolf
I,23,Joseph Wolf,lithographed,J.Wolf
I,23,William Matthew Hart,drew,W. Hart
I,23,William Matthew Hart,lithographed,W. Hart
I,23,Walter,printed,Walter
I,24,John Gould,drew,J.Gould
I,24,John Gould,lithographed,J.Gould
I,24,Henry Constantine Richter,drew,H.C.Richter
I,24,Henry Constantine Richter,lithographed,H.C.Richter
I,27,John Gould,drew,J. Gould
I,27,John Gould,lithographed,J. Gould
I,27,Henry Constantine Richter,drew,H.C. Richter
I,27,Henry Constantine Richter,lithographed,H.C. Richter
I,27,Walter,printed,Walter
I,28,John Gould,drew,J.Gould
I,28,John Gould,lithographed,J.Gould
I,28,Henry Constantine Richter,drew,H.C.Richter
I,28,Henry Constantine Richter,lithographed,H.C.Richter
I,28,Walter,printed,Walter.
I,29,Joseph Wolf,drew,J.Wolf
I,29,Joseph Wolf,lithographed,J.Wolf
I,29,Henry Constantine Richter,drew,H.C.Richter
I,29,Henry Constantine Richter,lithographed,H.C.Richter
I,29,Walter & Cohn,printed,Walter & Cohn
I,30,Joseph Wolf,drew,J.Wolf
I,30,Joseph Wolf,lithographed,J.Wolf
I,30,Henry Constantine Richter,drew,H.C.Richter
I,30,Henry Constantine Richter,lithographed,H.C.Richter
I,30,Walter,printed,Walter
I,31,Joseph Wolf,drew,J.Wolf
I,31,Joseph Wolf,lithographed,J.Wolf
I,31,Henry Constantine Richter,drew,H.C.Richter
I,31,Henry Constantine Richter,lithographed,H.C.Richter
I,31,Walter & Cohn,printed,Walter & Cohn
I,32,John Gould,drew,J.Gould
I,32,John Gould,lithographed,J.Gould
I,32,Henry Constantine Richter,drew,H.C.Richter
I,32,Henry Constantine Richter,lithographed,H.C.Richter
I,32,Walter & Cohn,printed,Walter & Cohn
I,33,John Gould,drew,J.Gould
I,33,John Gould,lithographed,J.Gould
I,33,Henry Constantine Richter,drew,H.C.Richter
I,33,Henry Constantine Richter,lithographed,H.C.Richter
I,33,Walter,printed,Walter
I,34,Joseph Wolf,drew,J.Wolf
I,34,Joseph Wolf,lithographed,J.Wolf
I,34,Henry Constantine Richter,drew,H.C.Richter
I,34,Henry Constantine Richter,lithographed,H.C.Richter
I,34,Walter & Cohn,printed,Walter & Cohn
I,35,John Gould,drew,J. Gould
I,35,John Gould,lithographed,J. Gould
I,35,Henry Constantine Richter,drew,H.C.Richter.
I,35,Henry Constantine Richter,lithographed,H.C.Richter.
I,35,Walter,printed,Walter
I,36,John Gould,drew,J. Gould
I,36,John Gould,lithographed,J. Gould
I,36,Henry Constantine Richter,drew,H.C. Richter
I,36,Henry Constantine Richter,lithographed,H.C. Richter
I,36,Walter,printed,Walter
I,37,Joseph Wolf,drew,J. Wolf
I,37,Joseph Wolf,lithographed,J. Wolf
I,37,Henry Constantine Richter,drew,H. C. Richter
I,37,Henry Constantine Richter,lithographed,H. C. Richter
I,37,Walter,printed,Walter
II,1,John Gould,drew,J.Gould
II,1,John Gould,lithographed,J.Gould
II,1,Henry Constantine Richter,drew,H.C.Richter
II,1,Henry Constantine Richter,lithographed,H.C.Richter
II,1,Walter & Cohn,printed,Walter & Cohn
II,2,John Gould,drew,J.Gould
II,2,John Gould,lithographed,J.Gould
II,2,Henry Constantine Richter,drew,H.C.Richter
II,2,Henry Constantine Richter,lithographed,H.C.Richter
II,2,Walter,printed,Walter
II,3,John Gould,drew,J.Gould
II,3,John Gould,lithographed,J.Gould
II,3,Henry Constantine Richter,drew,H.C.Richter
II,3,Henry Constantine Richter,lithographed,H.C.Richter
II,3,Walter & Cohn,printed,Walter & Cohn
II,4,John Gould,drew,J.Gould
II,4,John Gould,lithographed,J.Gould
II,4,Henry Constantine Richter,drew,H.C.Richter
II,4,Henry Constantine Richter,lithographed,H.C.Richter
II,4,Walter,printed,Walter
II,5,John Gould,drew,J.Gould
II,5,John Gould,lithographed,J.Gould
II,5,Henry Constantine Richter,drew,H.C.Richter
II,5,Henry Constantine Richter,lithographed,H.C.Richter
II,5,Walter & Cohn,printed,Walter & Cohn
II,6,John Gould,drew,J.Gould
II,6,John Gould,lithographed,J.Gould
II,6,Henry Constantine Richter,drew,H.C.Richter
II,6,Henry Constantine Richter,lithographed,H.C.Richter
II,6,Walter,printed,Walter
II,7,John Gould,drew,J.Gould
II,7,John Gould,lithographed,J.Gould
II,7,Henry Constantine Richter,drew,H.C.Richter
II,7,Henry Constantine Richter,lithographed,H.C.Richter
II,7,Walter & Cohn,printed,Walter & Cohn
II,9,John Gould,drew,J. Gould
II,9,John Gould,lithographed,J. Gould
II,9,Henry Constantine Richter,drew,H.C. Richter
II,9,Henry Constantine Richter,lithographed,H.C. Richter
II,9,Walter,printed,Walter
II,10,John Gould,drew,J.Gould
II,10,John Gould,lithographed,J.Gould
II,10,Henry Constantine Richter,drew,H.C. Richter
II,10,Henry Constantine Richter,lithographed,H.C. Richter
II,10,Walter & Cohn,printed,Walter & Cohn
II,11,John Gould,drew,J. Gould
II,11,John Gould,lithographed,J. Gould
II,11,Henry Constantine Richter,drew,H C.Richter
II,11,Henry Constantine Richter,lithographed,H C.Richter
II,11,Walter,printed,Walter
II,12,John Gould,drew,J.Gould
II,12,John Gould,lithographed,J.Gould
II,12,Henry Constantine Richter,drew,H.C.Richter
II,12,Henry Constantine Richter,lithographed,H.C.Richter
II,12,Walter,printed,Walter
II,13,John Gould,drew,J.Gould
II,13,John Gould,lithographed,J.Gould
II,13,Henry Constantine Richter,drew,H.C.Richter
II,13,Henry Constantine Richter,lithographed,H.C.Richter
II,13,Walter,printed,Walter
II,14,John Gould,drew,J.Gould
II,14,John Gould,lithographed,J.Gould
II,14,Henry Constantine Richter,drew,H.C.Richter.
II,14,Henry Constantine Richter,lithographed,H.C.Richter.
II,14,Walter,printed,Walter
II,15,John Gould,drew,J.Gould
II,15,John Gould,lithographed,J.Gould
II,15,Henry Constantine Richter,drew,H.C.Richter
II,15,Henry Constantine Richter,lithographed,H.C.Richter
II,15,Walter & Cohn,printed,Walter & Cohn
II,16,John Gould,drew,J.Gould
II,16,John Gould,lithographed,J.Gould
II,16,Henry Constantine Richter,drew,H.C.Richter
II,16,Henry Constantine Richter,lithographed,H.C.Richter
II,16,Walter & Cohn,printed,Walter & Cohn
II,17,John Gould,drew,J.Gould
II,17,John Gould,lithographed,J.Gould
II,17,Henry Constantine Richter,drew,H.C.Richter
II,17,Henry Constantine Richter,lithographed,H.C.Richter
II,17,Walter & Cohn,printed,Walter & Cohn
II,18,John Gould,drew,J.Gould
II,18,John Gould,lithographed,J.Gould
II,18,William Matthew Hart,drew,W.Hart
II,18,William Matthew Hart,lithographed,W.Hart
II,18,Walter,printed,Walter
II,19,John Gould,drew,J.Gould
II,19,John Gould,lithographed,J.Gould
II,19,Henry Constantine Richter,drew,H.C.Richter
II,19,Henry Constantine Richter,lithographed,H.C.Richter
II,19,Walter & Cohn,printed,Walter & Cohn
II,20,John Gould,drew,J.Gould
II,20,John Gould,lithographed,J.Gould
II,20,Henry Constantine Richter,drew,H.C.Richter
II,20,Henry Constantine Richter,lithographed,H.C.Richter
II,20,Walter,printed,Walter
II,21,John Gould,drew,J.Gould
II,21,John Gould,lithographed,J.Gould
II,21,Henry Constantine Richter,drew,H.C.Richter
II,21,Henry Constantine Richter,lithographed,H.C.Richter
II,21,Walter & Cohn,printed,Walter & Cohn
II,22,John Gould,drew,J.Gould
II,22,John Gould,lithographed,J.Gould
II,22,Henry Constantine Richter,drew,H.C.Richter
II,22,Henry Constantine Richter,lithographed,H.C.Richter
II,22,Walter & Cohn,printed,Walter & Cohn
II,23,John Gould,drew,J. Gould
II,23,John Gould,lithographed,J. Gould
II,23,Henry Constantine Richter,drew,H.C. Richter
II,23,Henry Constantine Richter,lithographed,H.C. Richter
II,23,Walter,printed,Walter
II,24,John Gould,drew,J.Gould
II,24,John Gould,lithographed,J.Gould
II,24,Henry Constantine Richter,drew,H.C.Richter
II,24,Henry Constantine Richter,lithographed,H.C.Richter
II,24,Walter & Cohn,printed,Walter & Cohn
II,25,John Gould,drew,J.Gould
II,25,John Gould,lithographed,J.Gould
II,25,Henry Constantine Richter,drew,H.C. Richter
II,25,Henry Constantine Richter,lithographed,H.C. Richter
II,25,Walter & Cohn,printed,Walter & Cohn
II,26,John Gould,drew,J.Gould
II,26,John Gould,lithographed,J.Gould
II,26,Henry Constantine Richter,drew,H.C.Richter
II,26,Henry Constantine Richter,lithographed,H.C.Richter
II,26,Walter,printed,Walter
II,27,John Gould,drew,J. Gould
II,27,John Gould,lithographed,J. Gould
II,27,Henry Constantine Richter,drew,H.C.Richter
II,27,Henry Constantine Richter,lithographed,H.C.Richter
II,27,Walter,printed,Walter
II,28,John Gould,drew,J.Gould
II,28,John Gould,lithographed,J.Gould
II,28,Henry Constantine Richter,drew,H.C. Richter
II,28,Henry Constantine Richter,lithographed,H.C. Richter
II,28,Walter & Cohn,printed,Walter & Cohn
II,29,John Gould,drew,J.Gould
II,29,John Gould,lithographed,J.Gould
II,29,William Matthew Hart,drew,W.Hart
II,29,William Matthew Hart,lithographed,W.Hart
II,29,Walter,printed,Walter
II,30,John Gould,drew,J.Gould
II,30,John Gould,lithographed,J.Gould
II,30,Henry Constantine Richter,drew,H.C.Richter
II,30,Henry Constantine Richter,lithographed,H.C.Richter
II,30,Walter & Cohn,printed,Walter & Cohn
II,31,John Gould,drew,J. Gould
II,31,John Gould,lithographed,J. Gould
II,31,Henry Constantine Richter,drew,H.C.Richter
II,31,Henry Constantine Richter,lithographed,H.C.Richter
II,31,Walter,printed,Walter
II,32,John Gould,drew,J. Gould
II,32,John Gould,lithographed,J. Gould
II,32,Henry Constantine Richter,drew,H. C.Richter
II,32,Henry Constantine Richter,lithographed,H. C.Richter
II,32,Walter,printed,Walter.
II,33,John Gould,drew,J.Gould
II,33,John Gould,lithographed,J.Gould
II,33,Henry Constantine Richter,drew,H.C.Richter
II,33,Henry Constantine Richter,lithographed,H.C.Richter
II,33,Walter,printed,Walter
II,34,John Gould,drew,J.Gould
II,34,John Gould,lithographed,J.Gould
II,34,Henry Constantine Richter,drew,H.C.Richter
II,34,Henry Constantine Richter,lithographed,H.C.Richter
II,34,Walter & Cohn,printed,Walter & Cohn
II,35,John Gould,drew,J.Gould
II,35,John Gould,lithographed,J.Gould
II,35,Henry Constantine Richter,drew,H.C.Richter
II,35,Henry Constantine Richter,lithographed,H.C.Richter
II,35,Walter & Cohn,printed,Walter & Cohn
II,36,John Gould,drew,J.Gould
II,36,John Gould,lithographed,J.Gould
II,36,Henry Constantine Richter,drew,H.C.Richter
II,36,Henry Constantine Richter,lithographed,H.C.Richter
II,36,Walter,printed,Walter.
II,37,John Gould,drew,J. Gould
II,37,John Gould,lithographed,J. Gould
II,37,Henry Constantine Richter,drew,H. C.Richter
II,37,Henry Constantine Richter,lithographed,H. C.Richter
II,37,Walter,printed,Walter
II,38,John Gould,drew,J. Gould
II,38,John Gould,lithographed,J. Gould
II,38,Henry Constantine Richter,drew,H.C. Richter
II,38,Henry Constantine Richter,lithographed,H.C. Richter
II,38,Walter,printed,Walter.
II,39,John Gould,drew,J.Gould
II,39,John Gould,lithographed,J.Gould
II,39,Henry Constantine Richter,drew,H.C.Richter
II,39,Henry Constantine Richter,lithographed,H.C.Richter
II,39,Walter,printed,Walter
II,40,John Gould,drew,J.Gould
II,40,John Gould,lithographed,J.Gould
II,40,William Matthew Hart,drew,W.Hart
II,40,William Matthew Hart,lithographed,W.Hart
II,40,Walter,printed,Walter
II,41,John Gould,drew,J.Gould
II,41,John Gould,lithographed,J.Gould
II,41,Henry Constantine Richter,drew,H.C.Richter
II,41,Henry Constantine Richter,lithographed,H.C.Richter
II,41,Walter & Cohn,printed,Walter & Cohn
II,42,John Gould,drew,J.Gould
II,42,John Gould,lithographed,J.Gould
II,42,Henry Constantine Richter,drew,H.C.Richter
II,42,Henry Constantine Richter,lithographed,H.C.Richter
II,42,Walter,printed,Walter
II,43,John Gould,drew,J.Gould
II,43,John Gould,lithographed,J.Gould
II,43,Henry Constantine Richter,drew,H.C.Richter
II,43,Henry Constantine Richter,lithographed,H.C.Richter
II,43,Walter,printed,Walter
II,44,John Gould,drew,J.Gould
II,44,John Gould,lithographed,J.Gould
II,44,Henry Constantine Richter,drew,H.C.Richter
II,44,Henry Constantine Richter,lithographed,H.C.Richter
II,44,Walter,printed,Walter
II,45,John Gould,drew,J.Gould
II,45,John Gould,lithographed,J.Gould
II,45,Henry Constantine Richter,drew,H.C.Richter
II,45,Henry Constantine Richter,lithographed,H.C.Richter
II,45,Walter,printed,Walter
II,46,John Gould,drew,J.Gould
II,46,John Gould,lithographed,J.Gould
II,46,Henry Constantine Richter,drew,H.C. Richter
II,46,Henry Constantine Richter,lithographed,H.C. Richter
II,46,Walter & Cohn,printed,Walter & Cohn
II,47,John Gould,drew,J.Gould
II,47,John Gould,lithographed,J.Gould
II,47,Henry Constantine Richter,drew,H.C. Richter
II,47,Henry Constantine Richter,lithographed,H.C. Richter
II,47,Walter & Cohn,printed,Walter & Cohn
II,48,John Gould,drew,J. Gould
II,48,John Gould,lithographed,J. Gould
II,48,Henry Constantine Richter,drew,H.C.Richter
II,48,Henry Constantine Richter,lithographed,H.C.Richter
II,48,Walter,printed,Walter
II,49,John Gould,drew,J. Gould
II,49,John Gould,lithographed,J. Gould
II,49,Henry Constantine Richter,drew,H.C.Richter
II,49,Henry Constantine Richter,lithographed,H.C.Richter
II,49,Walter,printed,Walter
II,50,John Gould,drew,J.Gould
II,50,John Gould,lithographed,J.Gould
II,50,William Matthew Hart,drew,W.Hart
II,50,William Matthew Hart,lithographed,W.Hart
II,50,Walter,printed,Walter
II,51,John Gould,drew,J. Gould
II,51,John Gould,lithographed,J. Gould
II,51,Henry Constantine Richter,drew,H.C.Richter
II,51,Henry Constantine Richter,lithographed,H.C.Richter
II,51,Walter & Cohn,printed,Walter & Cohn
II,52,John Gould,drew,J. Gould
II,52,John Gould,lithographed,J. Gould
II,52,Henry Constantine Richter,drew,H.C. Richter
II,52,Henry Constantine Richter,lithographed,H.C. Richter
II,52,Walter & Cohn,printed,Walter & Cohn
II,53,John Gould,drew,J.Gould
II,53,John Gould,lithographed,J.Gould
II,53,Henry Constantine Richter,drew,H.C.Richter
II,53,Henry Constantine Richter,lithographed,H.C.Richter
II,53,Walter,printed,Walter
II,54,John Gould,drew,J.Gould
II,54,John Gould,lithographed,J.Gould
II,54,Henry Constantine Richter,drew,H.C. Richter
II,54,Henry Constantine Richter,lithographed,H.C. Richter
II,54,Walter,printed,Walter
II,55,John Gould,drew,J.Gould
II,55,John Gould,lithographed,J.Gould
II,55,Henry Constantine Richter,drew,H.C.Richter
II,55,Henry Constantine Richter,lithographed,H.C.Richter
II,55,Walter,printed,Walter
II,56,John Gould,drew,J. Gould
II,56,John Gould,lithographed,J. Gould
II,56,Henry Constantine Richter,drew,H.C. Richter
II,56,Henry Constantine Richter,lithographed,H.C. Richter
II,56,Walter,printed,Walter
II,57,John Gould,drew,J. Gould
II,57,John Gould,lithographed,J. Gould
II,57,Henry Constantine Richter,drew,H.C.Richter
II,57,Henry Constantine Richter,lithographed,H.C.Richter
II,57,Walter,printed,Walter
II,58,John Gould,drew,J. Gould
II,58,John Gould,lithographed,J. Gould
II,58,Henry Constantine Richter,drew,H.C.Richter
II,58,Henry Constantine Richter,lithographed,H.C.Richter
II,58,Walter,printed,Walter
II,59,John Gould,drew,J.Gould
II,59,John Gould,lithographed,J.Gould
II,59,Henry Constantine Richter,drew,H.C.Richter
II,59,Henry Constantine Richter,lithographed,H.C.Richter
II,59,Walter & Cohn,printed,Walter & Cohn
II,60,John Gould,drew,J.Gould
II,60,John Gould,lithographed,J.Gould
II,60,Henry Constantine Richter,drew,H.C. Richter
II,60,Henry Constantine Richter,lithographed,H.C. Richter
II,60,Walter,printed,Walter
II,61,John Gould,drew,J.Gould
II,61,John Gould,lithographed,J.Gould
II,61,Henry Constantine Richter,drew,H.C.Richter
II,61,Henry Constantine Richter,lithographed,H.C.Richter
II,61,Walter,printed,Walter
II,62,John Gould,drew,J.Gould
II,62,John Gould,lithographed,J.Gould
II,62,Henry Constantine Richter,drew,H.C.Richter
II,62,Henry Constantine Richter,lithographed,H.C.Richter
II,62,Walter,printed,Walter
II,63,John Gould,drew,J.Gould
II,63,John Gould,lithographed,J.Gould
II,63,Henry Constantine Richter,drew,H.C.Richter
II,63,Henry Constantine Richter,lithographed,H.C.Richter
II,63,Walter & Cohn,printed,Walter & Cohn
II,64,John Gould,drew,J.Gould
II,64,John Gould,lithographed,J.Gould
II,64,Henry Constantine Richter,drew,H.C.Richter.
II,64,Henry Constantine Richter,lithographed,H.C.Richter.
II,64,Walter,printed,Walter
II,65,John Gould,drew,J.Gould
II,65,John Gould,lithographed,J.Gould
II,65,Henry Constantine Richter,drew,H.C.Richter
II,65,Henry Constantine Richter,lithographed,H.C.Richter
II,65,Walter & Cohn,printed,Walter & Cohn
II,66,John Gould,drew,J.Gould
II,66,John Gould,lithographed,J.Gould
II,66,Henry Constantine Richter,drew,H.C. Richter
II,66,Henry Constantine Richter,lithographed,H.C. Richter
II,66,Walter & Cohn,printed,Walter & Cohn
II,67,John Gould,drew,J.Gould
II,67,John Gould,lithographed,J.Gould
II,67,Henry Constantine Richter,drew,H.C.Richter
II,67,Henry Constantine Richter,lithographed,H.C.Richter
II,67,Walter & Cohn,printed,Walter & Cohn
II,68,John Gould,drew,J.Gould
II,68,John Gould,lithographed,J.Gould
II,68,Henry Constantine Richter,drew,H.C.Richter
II,68,Henry Constantine Richter,lithographed,H.C.Richter
II,68,Walter,printed,Walter
II,69,John Gould,drew,J.Gould
II,69,John Gould,lithographed,J.Gould
II,69,Henry Constantine Richter,drew,H.C.Richter
II,69,Henry Constantine Richter,lithographed,H.C.Richter
II,69,Walter & Cohn,printed,Walter & Cohn
II,70,John Gould,drew,J.Gould
II,70,John Gould,lithographed,J.Gould
II,70,Henry Constantine Richter,drew,H.C.Richter
II,70,Henry Constantine Richter,lithographed,H.C.Richter
II,70,Walter & Cohn,printed,Walter & Cohn
II,71,John Gould,drew,J.Gould
II,71,John Gould,lithographed,J.Gould
II,71,Henry Constantine Richter,drew,H.C.Richter
II,71,Henry Constantine Richter,lithographed,H.C.Richter
II,71,Walter,printed,Walter
II,72,John Gould,drew,J.Gould
II,72,John Gould,lithographed,J.Gould
II,72,Henry Constantine Richter,drew,H.C.Richter
II,72,Henry Constantine Richter,lithographed,H.C.Richter
II,72,Walter,printed,Walter
II,73,John Gould,drew,J.Gould
II,73,John Gould,lithographed,J.Gould
II,73,Henry Constantine Richter,drew,H.C.Richter
II,73,Henry Constantine Richter,lithographed,H.C.Richter
II,73,Walter & Cohn,printed,Walter & Cohn
II,74,John Gould,drew,J.Gould
II,74,John Gould,lithographed,J.Gould
II,74,Henry Constantine Richter,drew,H.C.Richter
II,74,Henry Constantine Richter,lithographed,H.C.Richter
II,74,Walter,printed,Walter
II,75,John Gould,drew,J.Gould
II,75,John Gould,lithographed,J.Gould
II,75,Henry Constantine Richter,drew,H.C.Richter
II,75,Henry Constantine Richter,lithographed,H.C.Richter
II,75,Walter & Cohn,printed,Walter & Cohn
II,76,John Gould,drew,J.Gould
II,76,John Gould,lithographed,J.Gould
II,76,Henry Constantine Richter,drew,H.C.Richter
II,76,Henry Constantine Richter,lithographed,H.C.Richter
II,76,Walter,printed,Walter
II,77,John Gould,drew,J.Gould
II,77,John Gould,lithographed,J.Gould
II,77,Henry Constantine Richter,drew,H.C. Richter
II,77,Henry Constantine Richter,lithographed,H.C. Richter
II,77,Walter,printed,Walter.
II,78,John Gould,drew,J. Gould
II,78,John Gould,lithographed,J. Gould
II,78,Henry Constantine Richter,drew,H. C. Richter
II,78,Henry Constantine Richter,lithographed,H. C. Richter
II,78,Walter,printed,Walter
III,1,John Gould,drew,J.Gould
III,1,John Gould,lithographed,J.Gould
III,1,Henry Constantine Richter,drew,H.C. Richter
III,1,Henry Constantine Richter,lithographed,H.C. Richter
III,1,Walter,printed,Walter
III,2,John Gould,drew,J. Gould
III,2,John Gould,lithographed,J. Gould
III,2,Henry Constantine Richter,drew,H.C. Richter
III,2,Henry Constantine Richter,lithographed,H.C. Richter
III,2,Walter,printed,Walter
III,3,John Gould,drew,J.Gould
III,3,John Gould,lithographed,J.Gould
III,3,Henry Constantine Richter,drew,H.C.Richter
III,3,Henry Constantine Richter,lithographed,H.C.Richter
III,3,Walter,printed,Walter
III,4,John Gould,drew,J.Gould
III,4,John Gould,lithographed,J.Gould
III,4,Henry Constantine Richter,drew,H.C.Richter
III,4,Henry Constantine Richter,lithographed,H.C.Richter
III,4,Walter,printed,Walter
III,5,John Gould,drew,J.Gould
III,5,John Gould,lithographed,J.Gould
III,5,William Matthew Hart,drew,W.Hart
III,5,William Matthew Hart,lithographed,W.Hart
III,5,Walter,printed,Walter
III,6,John Gould,drew,J.Gould
III,6,John Gould,lithographed,J.Gould
III,6,Henry Constantine Richter,drew,H.C.Richter
III,6,Henry Constantine Richter,lithographed,H.C.Richter
III,6,Walter,printed,Walter
III,7,John Gould,drew,J.Gould
III,7,John Gould,lithographed,J.Gould
III,7,Henry Constantine Richter,drew,H.C.Richter
III,7,Henry Constantine Richter,lithographed,H.C.Richter
III,7,Walter,printed,Walter
III,8,John Gould,drew,J. Gould
III,8,John Gould,lithographed,J. Gould
III,8,Henry Constantine Richter,drew,H.C.Richter
III,8,Henry Constantine Richter,lithographed,H.C.Richter
III,8,Walter,printed,Walter
III,9,John Gould,drew,J. Gould
III,9,John Gould,lithographed,J. Gould
III,9,Henry Constantine Richter,drew,H.C. Richter
III,9,Henry Constantine Richter,lithographed,H.C. Richter
III,9,Walter,printed,Walter
III,10,John Gould,drew,J. Gould
III,10,John Gould,lithographed,J. Gould
III,10,Henry Constantine Richter,drew,H. C. Richter
III,10,Henry Constantine Richter,lithographed,H. C. Richter
III,10,Walter,printed,Walter
III,11,John Gould,drew,J. Gould
III,11,John Gould,lithographed,J. Gould
III,11,Henry Constantine Richter,drew,H. C. Richter
III,11,Henry Constantine Richter,lithographed,H. C. Richter
III,11,Walter,printed,Walter
III,12,John Gould,drew,J.Gould
III,12,John Gould,lithographed,J.Gould
III,12,William Matthew Hart,drew,W.Hart
III,12,William Matthew Hart,lithographed,W.Hart
III,12,Walter,printed,Walter
III,13,John Gould,drew,J.Gould
III,13,John Gould,lithographed,J.Gould
III,13,Henry Constantine Richter,drew,H.C.Richter
III,13,Henry Constantine Richter,lithographed,H.C.Richter
III,13,Walter & Cohn,printed,Walter & Cohn
III,14,John Gould,drew,J.Gould
III,14,John Gould,lithographed,J.Gould
III,14,Henry Constantine Richter,drew,H.C.Richter
III,14,Henry Constantine Richter,lithographed,H.C.Richter
III,14,Walter,printed,Walter
III,15,John Gould,drew,J.Gould
III,15,John Gould,lithographed,J.Gould
III,15,Henry Constantine Richter,drew,H.C.Richter
III,15,Henry Constantine Richter,lithographed,H.C.Richter
III,15,Walter,printed,Walter
III,16,John Gould,drew,J.Gould
III,16,John Gould,lithographed,J.Gould
III,16,Henry Constantine Richter,drew,H.C.Richter
III,16,Henry Constantine Richter,lithographed,H.C.Richter
III,16,Walter,printed,Walter.
III,17,John Gould,drew,J. Gould
III,17,John Gould,lithographed,J. Gould
III,17,Henry Constantine Richter,drew,H.C. Richter
III,17,Henry Constantine Richter,lithographed,H.C. Richter
III,17,Walter,printed,Walter
III,18,John Gould,drew,J.Gould
III,18,John Gould,lithographed,J.Gould
III,18,Henry Constantine Richter,drew,H.C.Richter
III,18,Henry Constantine Richter,lithographed,H.C.Richter
III,18,Walter,printed,Walter
III,19,John Gould,drew,J.Gould
III,19,John Gould,lithographed,J.Gould
III,19,Henry Constantine Richter,drew,H.C.Richter
III,19,Henry Constantine Richter,lithographed,H.C.Richter
III,19,Walter,printed,Walter
III,20,John Gould,drew,J.Gould
III,20,John Gould,lithographed,J.Gould
III,20,Henry Constantine Richter,drew,H.C.Richter
III,20,Henry Constantine Richter,lithographed,H.C.Richter
III,20,Walter,printed,Walter
III,21,John Gould,drew,J.Gould
III,21,John Gould,lithographed,J.Gould
III,21,Henry Constantine Richter,drew,H.C.Richter
III,21,Henry Constantine Richter,lithographed,H.C.Richter
III,21,Walter,printed,Walter
III,22,John Gould,drew,J. Gould
III,22,John Gould,lithographed,J. Gould
III,22,Henry Constantine Richter,drew,H.C. Richter
III,22,Henry Constantine Richter,lithographed,H.C. Richter
III,22,Walter,printed,Walter
III,23,John Gould,drew,J. Gould
III,23,John Gould,lithographed,J. Gould
III,23,Henry Constantine Richter,drew,H. C. Richter
III,23,Henry Constantine Richter,lithographed,H. C. Richter
III,23,Walter,printed,Walter
III,24,John Gould,drew,J.Gould
III,24,John Gould,lithographed,J.Gould
III,24,Henry Constantine Richter,drew,H.C.Richter
III,24,Henry Constantine Richter,lithographed,H.C.Richter
III,24,Walter,printed,Walter.
III,25,John Gould,drew,J.Gould
III,25,John Gould,lithographed,J.Gould
III,25,Henry Constantine Richter,drew,H.C.Richter
III,25,Henry Constantine Richter,lithographed,H.C.Richter
III,25,Walter,printed,Walter
III,26,John Gould,drew,J.Gould
III,26,John Gould,lithographed,J.Gould
III,26,Henry Constantine Richter,drew,H.C.Richter
III,26,Henry Constantine Richter,lithographed,H.C.Richter
III,26,Walter,printed,Walter
III,27,John Gould,drew,J. Gould
III,27,John Gould,lithographed,J. Gould
III,27,Henry Constantine Richter,drew,H. C .Richter
III,27,Henry Constantine Richter,lithographed,H. C .Richter
III,28,John Gould,drew,J.Gould
III,28,John Gould,lithographed,J.Gould
III,28,Henry Constantine Richter,drew,H.C.Richter
III,28,Henry Constantine Richter,lithographed,H.C.Richter
III,28,Walter,printed,Walter
III,29,John Gould,drew,J.Gould
III,29,John Gould,lithographed,J.Gould
III,29,Henry Constantine Richter,drew,H.C.Richter
III,29,Henry Constantine Richter,lithographed,H.C.Richter
III,29,Walter,printed,Walter
III,30,John Gould,drew,J.Gould
III,30,John Gould,lithographed,J.Gould
III,30,Henry Constantine Richter,drew,H.C.Richter
III,30,Henry Constantine Richter,lithographed,H.C.Richter
III,30,Walter,printed,Walter
III,31,John Gould,drew,J.Gould
III,31,John Gould,lithographed,J.Gould
III,31,Henry Constantine Richter,drew,H.C.Richter
III,31,Henry Constantine Richter,lithographed,H.C.Richter
III,31,Walter,printed,Walter
III,32,John Gould,drew,J.Gould
III,32,John Gould,lithographed,J.Gould
III,32,Henry Constantine Richter,drew,H.C.Richter
III,32,Henry Constantine Richter,lithographed,H.C.Richter
III,32,Walter & Cohn,printed,Walter & Cohn
III,33,John Gould,drew,J.Gould
III,33,John Gould,lithographed,J.Gould
III,33,Henry Constantine Richter,drew,H.C.Richter
III,33,Henry Constantine Richter,lithographed,H.C.Richter
III,33,Walter & Cohn,printed,Walter & Cohn
III,34,John Gould,drew,J.Gould
III,34,John Gould,lithographed,J.Gould
III,34,Henry Constantine Richter,drew,H.C.Richter
III,34,Henry Constantine Richter,lithographed,H.C.Richter
III,34,Walter & Cohn,printed,Walter & Cohn
III,35,John Gould,drew,J.Gould
III,35,John Gould,lithographed,J.Gould
III,35,Henry Constantine Richter,drew,H.C.Richter
III,35,Henry Constantine Richter,lithographed,H.C.Richter
III,35,Walter & Cohn,printed,Walter & Cohn
III,36,John Gould,drew,J.Gould
III,36,John Gould,lithographed,J.Gould
III,36,Henry Constantine Richter,drew,H.C.Richter
III,36,Henry Constantine Richter,lithographed,H.C.Richter
III,36,Walter & Cohn,printed,Walter & Cohn
III,37,John Gould,drew,J.Gould
III,37,John Gould,lithographed,J.Gould
III,37,Henry Constantine Richter,drew,H.C.Richter
III,37,Henry Constantine Richter,lithographed,H.C.Richter
III,37,Walter,printed,Walter.
III,38,John Gould,drew,J.Gould
III,38,John Gould,lithographed,J.Gould
III,38,Henry Constantine Richter,drew,H.C.Richter
III,38,Henry Constantine Richter,lithographed,H.C.Richter
III,38,Walter,printed,Walter
III,39,John Gould,drew,J.Gould
III,39,John Gould,lithographed,J.Gould
III,39,Henry Constantine Richter,drew,H.C.Richter.
III,39,Henry Constantine Richter,lithographed,H.C.Richter.
III,39,Walter,printed,Walter
III,40,John Gould,drew,J.Gould
III,40,John Gould,lithographed,J.Gould
III,40,Henry Constantine Richter,drew,H.C.Richter
III,40,Henry Constantine Richter,lithographed,H.C.Richter
III,40,Walter & Cohn,printed,Walter & Cohn
III,41,John Gould,drew,J. Gould
III,41,John Gould,lithographed,J. Gould
III,41,Henry Constantine Richter,drew,H.C.Richter
III,41,Henry Constantine Richter,lithographed,H.C.Richter
III,41,Walter,printed,Walter
III,42,John Gould,drew,J.Gould
III,42,John Gould,lithographed,J.Gould
III,42,William Matthew Hart,drew,W.Hart
III,42,William Matthew Hart,lithographed,W.Hart
III,42,Walter,printed,Walter
III,43,John Gould,drew,J.Gould
III,43,John Gould,lithographed,J.Gould
III,43,Henry Constantine Richter,drew,H.C.Richter
III,43,Henry Constantine Richter,lithographed,H.C.Richter
III,43,Walter,printed,Walter
III,44,John Gould,drew,J. Gould
III,44,John Gould,lithographed,J. Gould
III,44,Henry Constantine Richter,drew,H.C.Richter
III,44,Henry Constantine Richter,lithographed,H.C.Richter
III,44,Walter,printed,Walter
III,45,John Gould,drew,J.Gould
III,45,John Gould,lithographed,J.Gould
III,45,Henry Constantine Richter,drew,H.C.Richter
III,45,Henry Constantine Richter,lithographed,H.C.Richter
III,45,Walter & Cohn,printed,Walter & Cohn
III,46,John Gould,drew,J.Gould
III,46,John Gould,lithographed,J.Gould
III,46,Henry Constantine Richter,drew,H.C.Richter
III,46,Henry Constantine Richter,lithographed,H.C.Richter
III,46,Walter & Cohn,printed,Walter & Cohn
III,47,John Gould,drew,J.Gould
III,47,John Gould,lithographed,J.Gould
III,47,Henry Constantine Richter,drew,H.C.Richter
III,47,Henry Constantine Richter,lithographed,H.C.Richter
III,47,Walter & Cohn,printed,Walter & Cohn
III,48,John Gould,drew,J.Gould
III,48,John Gould,lithographed,J.Gould
III,48,Henry Constantine Richter,drew,H.C.Richter
III,48,Henry Constantine Richter,lithographed,H.C.Richter
III,48,Walter & Cohn,printed,Walter & Cohn
III,49,John Gould,drew,J. Gould
III,49,John Gould,lithographed,J. Gould
III,49,Henry Constantine Richter,drew,H.C.Richter
III,49,Henry Constantine Richter,lithographed,H.C.Richter
III,49,Walter,printed,Walter
III,50,John Gould,drew,J.Gould
III,50,John Gould,lithographed,J.Gould
III,50,Henry Constantine Richter,drew,H. C.Richter
III,50,Henry Constantine Richter,lithographed,H. C.Richter
III,50,Walter,printed,Walter
III,51,John Gould,drew,J. Gould
III,51,John Gould,lithographed,J. Gould
III,51,Henry Constantine Richter,drew,H. C. Richter
III,51,Henry Constantine Richter,lithographed,H. C. Richter
III,51,Walter,printed,Walter
III,52,John Gould,drew,J. Gould
III,52,John Gould,lithographed,J. Gould
III,52,Henry Constantine Richter,drew,H. C. Richter
III,52,Henry Constantine Richter,lithographed,H. C. Richter
III,52,Walter,printed,Walter
III,53,John Gould,drew,J.Gould
III,53,John Gould,lithographed,J.Gould
III,53,Henry Constantine Richter,drew,H.C.Richter
III,53,Henry Constantine Richter,lithographed,H.C.Richter
III,53,Walter,printed,Walter
III,54,John Gould,drew,J.Gould
III,54,John Gould,lithographed,J.Gould
III,54,William Matthew Hart,drew,W.Hart
III,54,William Matthew Hart,lithographed,W.Hart
III,54,Walter,printed,Walter
III,55,John Gould,drew,J. Gould
III,55,John Gould,lithographed,J. Gould
III,55,Henry Constantine Richter,drew,H.C.Richter
III,55,Henry Constantine Richter,lithographed,H.C.Richter
III,55,Walter,printed,Walter
III,56,John Gould,drew,J.Gould
III,56,John Gould,lithographed,J.Gould
III,56,William Matthew Hart,drew,W.Hart
III,56,William Matthew Hart,lithographed,W.Hart
III,56,Walter,printed,Walter
III,57,John Gould,drew,J.Gould
III,57,John Gould,lithographed,J.Gould
III,57,Henry Constantine Richter,drew,H.C.Richter
III,57,Henry Constantine Richter,lithographed,H.C.Richter
III,57,Walter,printed,Walter
III,58,John Gould,drew,J.Gould
III,58,John Gould,lithographed,J.Gould
III,58,Henry Constantine Richter,drew,H.C.Richter
III,58,Henry Constantine Richter,lithographed,H.C.Richter
III,58,Walter,printed,Walter
III,59,Joseph Wolf,drew,J.Wolf
III,59,Joseph Wolf,lithographed,J.Wolf
III,59,Henry Constantine Richter,drew,H.C.Richter
III,59,Henry Constantine Richter,lithographed,H.C.Richter
III,59,Walter,printed,Walter
III,60,John Gould,drew,J.Gould
III,60,John Gould,lithographed,J.Gould
III,60,Henry Constantine Richter,drew,H.C.Richter
III,60,Henry Constantine Richter,lithographed,H.C.Richter
III,60,Walter & Cohn,printed,Walter & Cohn
III,61,John Gould,drew,Gould
III,61,John Gould,lithographed,Gould
III,61,Henry Constantine Richter,drew,H.C.Richter
III,61,Henry Constantine Richter,lithographed,H.C.Richter
III,61,Walter,printed,Walter
III,62,John Gould,drew,J.Gould
III,62,John Gould,lithographed,J.Gould
III,62,Henry Constantine Richter,drew,H.C.Richter
III,62,Henry Constantine Richter,lithographed,H.C.Richter
III,62,Walter,printed,Walter
III,63,John Gould,drew,J.Gould
III,63,John Gould,lithographed,J.Gould
III,63,Henry Constantine Richter,drew,H.C.Richter
III,63,Henry Constantine Richter,lithographed,H.C.Richter
III,63,Walter & Cohn,printed,Walter & Cohn
III,64,John Gould,drew,J.Gould
III,64,John Gould,lithographed,J.Gould
III,64,Henry Constantine Richter,drew,H.C.Richter
III,64,Henry Constantine Richter,lithographed,H.C.Richter
III,64,Walter & Cohn,printed,Walter & Cohn
III,65,John Gould,drew,J. Gould
III,65,John Gould,lithographed,J. Gould
III,65,Henry Constantine Richter,drew,H. C.Richter
III,65,Henry Constantine Richter,lithographed,H. C.Richter
III,65,Walter,printed,Walter
III,66,John Gould,drew,J.Gould
III,66,John Gould,lithographed,J.Gould
III,66,William Matthew Hart,drew,W.Hart
III,66,William Matthew Hart,lithographed,W.Hart
III,66,Walter,printed,Walter
III,67,John Gould,drew,J.Gould
III,67,John Gould,lithographed,J.Gould
III,67,Henry Constantine Richter,drew,H.C.Richter
III,67,Henry Constantine Richter,lithographed,H.C.Richter
III,67,Walter & Cohn,printed,Walter & Cohn
III,68,John Gould,drew,J. Gould
III,68,John Gould,lithographed,J. Gould
III,68,William Matthew Hart,drew,W.Hart
III,68,William Matthew Hart,lithographed,W.Hart
III,68,Walter,printed,Walter
III,69,John Gould,drew,J.Gould
III,69,John Gould,lithographed,J.Gould
III,69,Henry Constantine Richter,drew,H.C.Richter
III,69,Henry Constantine Richter,lithographed,H.C.Richter
III,69,Walter,printed,Walter
III,70,John Gould,drew,J.Gould
III,70,John Gould,lithographed,J.Gould
III,70,Henry Constantine Richter,drew,H.C.Richter
III,70,Henry Constantine Richter,lithographed,H.C.Richter
III,70,Walter & Cohn,printed,Walter & Cohn
III,71,John Gould,drew,J.Gould
III,71,John Gould,lithographed,J.Gould
III,71,William Matthew Hart,drew,W.Hart
III,71,William Matthew Hart,lithographed,W.Hart
III,71,Walter,printed,Walter
III,72,John Gould,drew,J.Gould
III,72,John Gould,lithographed,J.Gould
III,72,Henry Constantine Richter,drew,H.C.Richter
III,72,Henry Constantine Richter,lithographed,H.C.Richter
III,72,Walter & Cohn,printed,Walter & Cohn
III,73,John Gould,drew,J.Gould
III,73,John Gould,lithographed,J.Gould
III,73,Henry Constantine Richter,drew,H.C.Richter
III,73,Henry Constantine Richter,lithographed,H.C.Richter
III,73,Walter,printed,Walter
III,74,John Gould,drew,J.Gould
III,74,John Gould,lithographed,J.Gould
III,74,Henry Constantine Richter,drew,H.C.Richter
III,74,Henry Constantine Richter,lithographed,H.C.Richter
III,74,Walter & Cohn,printed,Walter & Cohn
III,75,John Gould,drew,J. Gould
III,75,John Gould,lithographed,J. Gould
III,75,William Matthew Hart,drew,W.Hart
III,75,William Matthew Hart,lithographed,W.Hart
III,75,Walter,printed,Walter
III,76,John Gould,drew,J.Gould
III,76,John Gould,lithographed,J.Gould
III,76,Henry Constantine Richter,drew,H.C.Richter
III,76,Henry Constantine Richter,lithographed,H.C.Richter
III,76,Walter & Cohn,printed,Walter & Cohn
IV,1,John Gould,drew,J.Gould
IV,1,John Gould,lithographed,J.Gould
IV,1,Henry Constantine Richter,drew,H.C.Richter
IV,1,Henry Constantine Richter,lithographed,H.C.Richter
IV,1,Walter,printed,Walter
IV,2,John Gould,drew,J. Gould
IV,2,John Gould,lithographed,J. Gould
IV,2,Henry Constantine Richter,drew,H.C. Richter
IV,2,Henry Constantine Richter,lithographed,H.C. Richter
IV,2,Walter,printed,Walter
IV,3,John Gould,drew,J.Gould
IV,3,John Gould,lithographed,J.Gould
IV,3,Henry Constantine Richter,drew,H.C.Richter
IV,3,Henry Constantine Richter,lithographed,H.C.Richter
IV,3,Walter,printed,Walter
IV,4,John Gould,drew,J.Gould
IV,4,John Gould,lithographed,J.Gould
IV,4,Henry Constantine Richter,drew,H.C.Richter
IV,4,Henry Constantine Richter,lithographed,H.C.Richter
IV,4,Walter,printed,Walter
IV,5,Joseph Wolf,drew,J.Wolf
IV,5,Joseph Wolf,lithographed,J.Wolf
IV,5,Henry Constantine Richter,drew,H.C.Richter
IV,5,Henry Constantine Richter,lithographed,H.C.Richter
IV,5,Walter,printed,Walter
IV,6,Joseph Wolf,drew,J.Wolf
IV,6,Joseph Wolf,lithographed,J.Wolf
IV,6,Henry Constantine Richter,drew,H.C.Richter
IV,6,Henry Constantine Richter,lithographed,H.C.Richter
IV,6,Walter,printed,Walter
IV,8,Joseph Wolf,drew,J.Wolf
IV,8,Joseph Wolf,lithographed,J.Wolf
IV,8,Henry Constantine Richter,drew,H.C.Richter
IV,8,Henry Constantine Richter,lithographed,H.C.Richter
IV,9,Joseph Wolf,drew,J.Wolf
IV,9,Joseph Wolf,lithographed,J.Wolf
IV,9,Henry Constantine Richter,drew,H.C.Richter
IV,9,Henry Constantine Richter,lithographed,H.C.Richter
IV,9,Walter & Cohn,printed,Walter & Cohn
IV,10,Joseph Wolf,drew,J.Wolf
IV,10,Joseph Wolf,lithographed,J.Wolf
IV,10,Henry Constantine Richter,drew,H.C.Richter
IV,10,Henry Constantine Richter,lithographed,H.C.Richter
IV,10,Walter & Cohn,printed,Walter & Cohn
IV,11,John Gould,drew,J.Gould
IV,11,John Gould,lithographed,J.Gould
IV,11,Henry Constantine Richter,drew,H.C.Richter
IV,11,Henry Constantine Richter,lithographed,H.C.Richter
IV,11,Walter & Cohn,printed,Walter & Cohn
IV,12,John Gould,drew,J.Gould
IV,12,John Gould,lithographed,J.Gould
IV,12,William Matthew Hart,drew,W.Hart
IV,12,William Matthew Hart,lithographed,W.Hart
IV,12,Walter,printed,Walter
IV,13,John Gould,drew,J.Gould
IV,13,John Gould,lithographed,J.Gould
IV,13,Henry Constantine Richter,drew,H.C.Richter
IV,13,Henry Constantine Richter,lithographed,H.C.Richter
IV,13,Walter,printed,Walter
IV,14,Joseph Wolf,drew,J. Wolf
IV,14,Joseph Wolf,lithographed,J. Wolf
IV,14,Henry Constantine Richter,drew,H.C.Richter
IV,14,Henry Constantine Richter,lithographed,H.C.Richter
IV,14,Walter,printed,Walter
IV,15,John Gould,drew,J. Gould
IV,15,John Gould,lithographed,J. Gould
IV,15,Henry Constantine Richter,drew,H.C.Richter
IV,15,Henry Constantine Richter,lithographed,H.C.Richter
IV,15,Walter,printed,Walter
IV,16,John Gould,drew,J.Gould
IV,16,John Gould,lithographed,J.Gould
IV,16,Henry Constantine Richter,drew,H.C.Richter
IV,16,Henry Constantine Richter,lithographed,H.C.Richter
IV,16,Walter,printed,Walter
IV,17,Joseph Wolf,drew,J.Wolf
IV,17,Joseph Wolf,lithographed,J.Wolf
IV,17,Henry Constantine Richter,drew,H.C.Richter
IV,17,Henry Constantine Richter,lithographed,H.C.Richter
IV,17,Walter & Cohn,printed,Walter & Cohn
IV,18,Joseph Wolf,drew,J.Wolf
IV,18,Joseph Wolf,lithographed,J.Wolf
IV,18,Henry Constantine Richter,drew,H.C.Richter
IV,18,Henry Constantine Richter,lithographed,H.C.Richter
IV,18,Walter & Cohn,printed,Walter & Cohn
IV,20,John Gould,drew,J.Gould
IV,20,John Gould,lithographed,J.Gould
IV,20,Henry Constantine Richter,drew,H.C.Richter
IV,20,Henry Constantine Richter,lithographed,H.C.Richter
IV,20,Walter,printed,Walter
IV,21,Walter,printed,Walter
IV,22,Walter,printed,Walter
IV,23,John Gould,drew,J.Gould
IV,23,John Gould,lithographed,J.Gould
IV,23,Henry Constantine Richter,drew,H.C.Richter
IV,23,Henry Constantine Richter,lithographed,H.C.Richter
IV,23,Walter,printed,Walter
IV,25,Walter,printed,Walter
IV,26,John Gould,drew,J.Gould
IV,26,John Gould,lithographed,J.Gould
IV,26,Henry Constantine Richter,drew,H.C.Richter
IV,26,Henry Constantine Richter,lithographed,H.C.Richter
IV,26,Walter,printed,Walter
IV,27,John Gould,drew,J.Gould
IV,27,John Gould,lithographed,J.Gould
IV,27,Henry Constantine Richter,drew,H.C.Richter
IV,27,Henry Constantine Richter,lithographed,H.C.Richter
IV,27,Walter & Cohn,printed,Walter & Cohn
IV,28,John Gould,drew,J.Gould
IV,28,John Gould,lithographed,J.Gould
IV,28,William Matthew Hart,drew,W.Hart
IV,28,William Matthew Hart,lithographed,W.Hart
IV,28,Walter,printed,Walter
IV,29,John Gould,drew,J.Gould
IV,29,John Gould,lithographed,J.Gould
IV,29,Henry Constantine Richter,drew,H.C.Richter
IV,29,Henry Constantine Richter,lithographed,H.C.Richter
IV,29,Walter,printed,Walter
IV,30,John Gould,drew,J.Gould
IV,30,John Gould,lithographed,J.Gould
IV,30,Henry Constantine Richter,drew,H.C.Richter
IV,30,Henry Constantine Richter,lithographed,H.C.Richter
IV,30,Walter,printed,Walter
IV,31,John Gould,drew,J.Gould
IV,31,John Gould,lithographed,J.Gould
IV,31,Henry Constantine Richter,drew,H.C.Richter
IV,31,Henry Constantine Richter,lithographed,H.C.Richter
IV,31,Walter,printed,Walter
IV,34,John Gould,drew,J.Gould
IV,34,John Gould,lithographed,J.Gould
IV,34,Henry Constantine Richter,drew,H.C.Richter
IV,34,Henry Constantine Richter,lithographed,H.C.Richter
IV,34,Walter,printed,Walter
IV,35,John Gould,drew,J.Gould
IV,35,John Gould,lithographed,J.Gould
IV,35,Henry Constantine Richter,drew,H.C.Richter
IV,35,Henry Constantine Richter,lithographed,H.C.Richter
IV,35,Walter,printed,Walter
IV,36,Joseph Wolf,drew,J.Wolf
IV,36,Joseph Wolf,lithographed,J.Wolf
IV,36,Henry Constantine Richter,drew,H.C.Richter
IV,36,Henry Constantine Richter,lithographed,H.C.Richter
IV,36,Walter,printed,Walter
IV,37,John Gould,drew,J.Gould
IV,37,John Gould,lithographed,J.Gould
IV,37,Henry Constantine Richter,drew,H.C.Richter
IV,37,Henry Constantine Richter,lithographed,H.C.Richter
IV,37,Walter,printed,Walter
IV,38,Joseph Wolf,drew,J.Wolf
IV,38,Joseph Wolf,lithographed,J.Wolf
IV,38,Henry Constantine Richter,drew,H.C.Richter
IV,38,Henry Constantine Richter,lithographed,H.C.Richter
IV,38,Walter & Cohn,printed,Walter & Cohn
IV,39,John Gould,drew,J.Gould
IV,39,John Gould,lithographed,J.Gould
IV,39,Henry Constantine Richter,drew,H.C.Richter
IV,39,Henry Constantine Richter,lithographed,H.C.Richter
IV,39,Walter & Cohn,printed,Walter & Cohn
IV,40,John Gould,drew,J.Gould
IV,40,John Gould,lithographed,J.Gould
IV,40,William Matthew Hart,drew,W.Hart
IV,40,William Matthew Hart,lithographed,W.Hart
IV,40,Walter,printed,Walter
IV,41,Walter,printed,Walter
IV,42,John Gould,drew,J.Gould
IV,42,John Gould,lithographed,J.Gould
IV,42,Henry Constantine Richter,drew,H.C.Richter
IV,42,Henry Constantine Richter,lithographed,H.C.Richter
IV,42,Walter,printed,Walter
IV,44,John Gould,drew,J. Gould
IV,44,John Gould,lithographed,J. Gould
IV,44,Henry Constantine Richter,drew,H.C Richter
IV,44,Henry Constantine Richter,lithographed,H.C Richter
IV,44,Walter,printed,Walter
IV,45,John Gould,drew,J.Gould
IV,45,John Gould,lithographed,J.Gould
IV,45,Henry Constantine Richter,drew,H.C.Richter
IV,45,Henry Constantine Richter,lithographed,H.C.Richter
IV,45,Walter,printed,Walter
IV,46,John Gould,drew,J.Gould
IV,46,John Gould,lithographed,J.Gould
IV,46,Henry Constantine Richter,drew,H.C.Richter
IV,46,Henry Constantine Richter,lithographed,H.C.Richter
IV,46,Walter,printed,Walter
IV,47,John Gould,drew,J.Gould
IV,47,John Gould,lithographed,J.Gould
IV,47,Henry Constantine Richter,drew,H.C.Richter
IV,47,Henry Constantine Richter,lithographed,H.C.Richter
IV,47,Walter,printed,Walter
IV,48,John Gould,drew,J.Gould
IV,48,John Gould,lithographed,J.Gould
IV,48,Henry Constantine Richter,drew,H.C.Richter.
IV,48,Henry Constantine Richter,lithographed,H.C.Richter.
IV,48,Walter,printed,Walter
IV,49,John Gould,drew,J.Gould
IV,49,John Gould,lithographed,J.Gould
IV,49,Henry Constantine Richter,drew,H.C.Richter
IV,49,Henry Constantine Richter,lithographed,H.C.Richter
IV,49,Walter,printed,Walter
IV,51,Walter,printed,Walter
IV,52,John Gould,drew,J.Gould
IV,52,John Gould,lithographed,J.Gould
IV,52,Henry Constantine Richter,drew,H.C. Richter
IV,52,Henry Constantine Richter,lithographed,H.C. Richter
IV,52,Walter & Cohn,printed,Walter & Cohn
IV,53,John Gould,drew,J.Gould
IV,53,John Gould,lithographed,J.Gould
IV,53,Henry Constantine Richter,drew,H.C.Richter
IV,53,Henry Constantine Richter,lithographed,H.C.Richter
IV,53,Walter,printed,Walter
IV,54,John Gould,drew,J.Gould
IV,54,John Gould,lithographed,J.Gould
IV,54,Henry Constantine Richter,drew,H.C.Richter
IV,54,Henry Constantine Richter,lithographed,H.C.Richter
IV,54,Walter,printed,Walter
IV,56,John Gould,drew,J.Gould
IV,56,John Gould,lithographed,J.Gould
IV,56,Henry Constantine Richter,drew,H.C.Richter
IV,56,Henry Constantine Richter,lithographed,H.C.Richter
IV,56,Walter,printed,Walter
IV,57,John Gould,drew,J.Gould
IV,57,John Gould,lithographed,J.Gould
IV,57,Henry Constantine Richter,drew,H.C.Richter
IV,57,Henry Constantine Richter,lithographed,H.C.Richter
IV,57,Walter,printed,Walter
IV,58,John Gould,drew,J.Gould
IV,58,John Gould,lithographed,J.Gould
IV,58,Henry Constantine Richter,drew,H.C.Richter
IV,58,Henry Constantine Richter,lithographed,H.C.Richter
IV,58,Walter & Cohn,printed,Walter & Cohn
IV,59,John Gould,drew,J.Gould
IV,59,John Gould,lithographed,J.Gould
IV,59,William Matthew Hart,drew,W.Hart
IV,59,William Matthew Hart,lithographed,W.Hart
IV,59,Walter,printed,Walter
IV,60,John Gould,drew,J. Gould
IV,60,John Gould,lithographed,J. Gould
IV,60,Henry Constantine Richter,drew,H. C. Richter
IV,60,Henry Constantine Richter,lithographed,H. C. Richter
IV,60,Walter,printed,Walter
IV,61,John Gould,drew,J.Gould
IV,61,John Gould,lithographed,J.Gould
IV,61,Henry Constantine Richter,drew,H.C.Richter
IV,61,Henry Constantine Richter,lithographed,H.C.Richter
IV,61,Walter,printed,Walter
IV,64,John Gould,drew,J.Gould
IV,64,John Gould,lithographed,J.Gould
IV,64,Henry Constantine Richter,drew,H.C.Richter
IV,64,Henry Constantine Richter,lithographed,H.C.Richter
IV,64,Walter,printed,Walter
IV,65,John Gould,drew,J.Gould
IV,65,John Gould,lithographed,J.Gould
IV,65,William Matthew Hart,drew,W.Hart
IV,65,William Matthew Hart,lithographed,W.Hart
IV,65,Walter,printed,Walter
IV,66,John Gould,drew,J. Gould
IV,66,John Gould,lithographed,J. Gould
IV,66,Henry Constantine Richter,drew,H. C. Richter
IV,66,Henry Constantine Richter,lithographed,H. C. Richter
IV,66,Walter,printed,Walter
IV,67,John Gould,drew,J. Gould
IV,67,John Gould,lithographed,J. Gould
IV,67,Henry Constantine Richter,drew,H.C.Richter
IV,67,Henry Constantine Richter,lithographed,H.C.Richter
IV,67,Walter,printed,Walter
IV,68,John Gould,drew,J.Gould
IV,68,John Gould,lithographed,J.Gould
IV,68,William Matthew Hart,drew,W.Hart
IV,68,William Matthew Hart,lithographed,W.Hart
IV,68,Walter,printed,Walter
IV,69,John Gould,drew,J. Gould
IV,69,John Gould,lithographed,J. Gould
IV,69,Henry Constantine Richter,drew,H. C. Richter
IV,69,Henry Constantine Richter,lithographed,H. C. Richter
IV,69,Walter,printed,Walter.
IV,70,John Gould,drew,J.Gould
IV,70,John Gould,lithographed,J.Gould
IV,70,Henry Constantine Richter,drew,H.C Richter
IV,70,Henry Constantine Richter,lithographed,H.C Richter
IV,70,Walter,printed,Walter
IV,71,John Gould,drew,J.Gould
IV,71,John Gould,lithographed,J.Gould
IV,71,William Matthew Hart,drew,W.Hart
IV,71,William Matthew Hart,lithographed,W.Hart
IV,71,Walter,printed,Walter
IV,72,John Gould,drew,J.Gould
IV,72,John Gould,lithographed,J.Gould
IV,72,Henry Constantine Richter,drew,H.C.Richter
IV,72,Henry Constantine Richter,lithographed,H.C.Richter
IV,72,Walter,printed,Walter
IV,73,John Gould,drew,J.Gould
IV,73,John Gould,lithographed,J.Gould
IV,73,Henry Constantine Richter,drew,H.C.Richter
IV,73,Henry Constantine Richter,lithographed,H.C.Richter
IV,73,Walter,printed,Walter
IV,74,John Gould,drew,J.Gould
IV,74,John Gould,lithographed,J.Gould
IV,74,Henry Constantine Richter,drew,H.C.Richter
IV,74,Henry Constantine Richter,lithographed,H.C.Richter
IV,74,Walter,printed,Walter
IV,75,John Gould,drew,J.Gould
IV,75,John Gould,lithographed,J.Gould
IV,75,Henry Constantine Richter,drew,H.C.Richter
IV,75,Henry Constantine Richter,lithographed,H.C.Richter
IV,75,Walter,printed,Walter
IV,76,John Gould,drew,J.Gould
IV,76,John Gould,lithographed,J.Gould
IV,76,William Matthew Hart,drew,W.Hart
IV,76,William Matthew Hart,lithographed,W.Hart
IV,76,Walter,printed,Walter
IV,77,Joseph Wolf,drew,J. Wolf.
IV,77,Joseph Wolf,lithographed,J. Wolf.
IV,77,Henry Constantine Richter,drew,H.C.Richter
IV,77,Henry Constantine Richter,lithographed,H.C.Richter
IV,77,Walter,printed,Walter
IV,78,John Gould,drew,J.Gould
IV,78,John Gould,lithographed,J.Gould
IV,78,Henry Constantine Richter,drew,H.C.Richter
IV,78,Henry Constantine Richter,lithographed,H.C.Richter
IV,78,Walter & Cohn,printed,Walter & Cohn
IV,79,John Gould,drew,J.Gould
IV,79,John Gould,lithographed,J.Gould
IV,79,Henry Constantine Richter,drew,H.C.Richter
IV,79,Henry Constantine Richter,lithographed,H.C.Richter
IV,79,Walter & Cohn,printed,Walter & Cohn
IV,80,John Gould,drew,J. Gould
IV,80,John Gould,lithographed,J. Gould
IV,80,Henry Constantine Richter,drew,H.C.Richter
IV,80,Henry Constantine Richter,lithographed,H.C.Richter
IV,80,Walter,printed,Walter
IV,81,John Gould,drew,J. Gould
IV,81,John Gould,lithographed,J. Gould
IV,81,Henry Constantine Richter,drew,H.C. Richter
IV,81,Henry Constantine Richter,lithographed,H.C. Richter
IV,81,Walter,printed,Walter
IV,82,John Gould,drew,J. Gould
IV,82,John Gould,lithographed,J. Gould
IV,82,Henry Constantine Richter,drew,H.C. Richter
IV,82,Henry Constantine Richter,lithographed,H.C. Richter
IV,82,Walter,printed,Walter
IV,83,John Gould,drew,J. Gould
IV,83,John Gould,lithographed,J. Gould
IV,83,Henry Constantine Richter,drew,H.C. Richter
IV,83,Henry Constantine Richter,lithographed,H.C. Richter
IV,83,Walter,printed,Walter
IV,84,Joseph Wolf,drew,J. Wolf
IV,84,Joseph Wolf,lithographed,J. Wolf
IV,84,Henry Constantine Richter,drew,H.C.Richter
IV,84,Henry Constantine Richter,lithographed,H.C.Richter
IV,84,Walter & Cohn,printed,Walter & Cohn
IV,85,Joseph Wolf,drew,J. Wolf
IV,85,Joseph Wolf,lithographed,J. Wolf
IV,85,Henry Constantine Richter,drew,H.C.Richter
IV,85,Henry Constantine Richter,lithographed,H.C.Richter
IV,85,Walter & Cohn,printed,Walter & Cohn
IV,86,John Gould,drew,J.Gould
IV,86,John Gould,lithographed,J.Gould
IV,86,Henry Constantine Richter,drew,H.C.Richter
IV,86,Henry Constantine Richter,lithographed,H.C.Richter
IV,86,Walter & Cohn,printed,Walter & Cohn
IV,88,John Gould,drew,J.Gould
IV,88,John Gould,lithographed,J.Gould
IV,88,Henry Constantine Richter,drew,H.C.Richter
IV,88,Henry Constantine Richter,lithographed,H.C.Richter
IV,88,Walter & Cohn,printed,Walter & Cohn
IV,89,John Gould,drew,J.Gould
IV,89,John Gould,lithographed,J.Gould
IV,89,Henry Constantine Richter,drew,H.C.Richter
IV,89,Henry Constantine Richter,lithographed,H.C.Richter
IV,89,Walter & Cohn,printed,Walter & Cohn
IV,90,John Gould,drew,J.Gould
IV,90,John Gould,lithographed,J.Gould
IV,90,Henry Constantine Richter,drew,H.C.Richter
IV,90,Henry Constantine Richter,lithographed,H.C.Richter
IV,90,Walter & Cohn,printed,Walter & Cohn
V,1,Joseph Wolf,drew,J.Wolf
V,1,Joseph Wolf,lithographed,J.Wolf
V,1,William Matthew Hart,drew,W.Hart
V,1,William Matthew Hart,lithographed,W.Hart
V,1,Walter,printed,Walter
V,2,John Gould,drew,J.Gould
V,2,John Gould,lithographed,J.Gould
V,2,Henry Constantine Richter,drew,H.C.Richter
V,2,Henry Constantine Richter,lithographed,H.C.Richter
V,2,Walter,printed,Walter
V,3,John Gould,drew,J.Gould
V,3,John Gould,lithographed,J.Gould
V,3,Henry Constantine Richter,drew,H.C.Richter
V,3,Henry Constantine Richter,lithographed,H.C.Richter
V,3,Walter,printed,Walter
V,4,John Gould,drew,J.Gould
V,4,John Gould,lithographed,J.Gould
V,4,Henry Constantine Richter,drew,H.C.Richter
V,4,Henry Constantine Richter,lithographed,H.C.Richter
V,4,Walter,printed,Walter
V,5,Joseph Wolf,drew,J. Wolf
V,5,Joseph Wolf,lithographed,J. Wolf
V,5,Henry Constantine Richter,drew,H.C.Richter
V,5,Henry Constantine Richter,lithographed,H.C.Richter
V,5,Walter,printed,Walter
V,6,John Gould,drew,J.Gould
V,6,John Gould,lithographed,J.Gould
V,6,Henry Constantine Richter,drew,H.C.Richter
V,6,Henry Constantine Richter,lithographed,H.C.Richter
V,6,Walter,printed,Walter
V,7,John Gould,drew,J.Gould
V,7,John Gould,lithographed,J.Gould
V,7,Henry Constantine Richter,drew,H.C.Richter
V,7,Henry Constantine Richter,lithographed,H.C.Richter
V,7,Walter,printed,Walter
V,8,Joseph Wolf,drew,J.Wolf
V,8,Joseph Wolf,lithographed,J.Wolf
V,8,Henry Constantine Richter,drew,H.C.Richter
V,8,Henry Constantine Richter,lithographed,H.C.Richter
V,8,Walter,printed,Walter
V,9,Joseph Wolf,drew,J.Wolf
V,9,Joseph Wolf,lithographed,J.Wolf
V,9,Henry Constantine Richter,drew,H.C.Richter
V,9,Henry Constantine Richter,lithographed,H.C.Richter
V,9,Walter,printed,Walter
V,10,Joseph Wolf,drew,J.Wolf
V,10,Joseph Wolf,lithographed,J.Wolf
V,10,Henry Constantine Richter,drew,H.C.Richter
V,10,Henry Constantine Richter,lithographed,H.C.Richter
V,10,Walter,printed,Walter
V,11,John Gould,drew,J.Gould
V,11,John Gould,lithographed,J.Gould
V,11,Henry Constantine Richter,drew,H.C.Richter
V,11,Henry Constantine Richter,lithographed,H.C.Richter
V,11,Walter,printed,Walter
V,12,John Gould,drew,J.Gould
V,12,John Gould,lithographed,J.Gould
V,12,Henry Constantine Richter,drew,H.C.Richter
V,12,Henry Constantine Richter,lithographed,H.C.Richter
V,12,Walter,printed,Walter
V,13,John Gould,drew,J.Gould
V,13,John Gould,lithographed,J.Gould
V,13,Henry Constantine Richter,drew,H.C.Richter
V,13,Henry Constantine Richter,lithographed,H.C.Richter
V,13,Walter,printed,Walter
V,14,Joseph Wolf,drew,J.Wolf
V,14,Joseph Wolf,lithographed,J.Wolf
V,14,Henry Constantine Richter,drew,H.C.Richter
V,14,Henry Constantine Richter,lithographed,H.C.Richter
V,14,Walter,printed,Walter.
V,15,Joseph Wolf,drew,J.Wolf
V,15,Joseph Wolf,lithographed,J.Wolf
V,15,Henry Constantine Richter,drew,H.C.Richter
V,15,Henry Constantine Richter,lithographed,H.C.Richter
V,15,Walter,printed,Walter
V,16,John Gould,drew,J.Gould
V,16,John Gould,lithographed,J.Gould
V,16,Henry Constantine Richter,drew,H.C.Richter
V,16,Henry Constantine Richter,lithographed,H.C.Richter
V,16,Walter,printed,Walter
V,17,John Gould,drew,J.Gould
V,17,John Gould,lithographed,J.Gould
V,17,Henry Constantine Richter,drew,H.C.Richter
V,17,Henry Constantine Richter,lithographed,H.C.Richter
V,17,Walter,printed,Walter.
V,18,John Gould,drew,J.Gould
V,18,John Gould,lithographed,J.Gould
V,18,Henry Constantine Richter,drew,H.C.Richter
V,18,Henry Constantine Richter,lithographed,H.C.Richter
V,18,Walter,printed,Walter
V,19,John Gould,drew,J.Gould
V,19,John Gould,lithographed,J.Gould
V,19,Henry Constantine Richter,drew,H.C.Richter
V,19,Henry Constantine Richter,lithographed,H.C.Richter
V,19,Walter,printed,Walter
V,20,John Gould,drew,J.Gould
V,20,John Gould,lithographed,J.Gould
V,20,Henry Constantine Richter,drew,H.C.Richter
V,20,Henry Constantine Richter,lithographed,H.C.Richter
V,20,Walter,printed,Walter
V,21,Joseph Wolf,drew,J.Wolf
V,21,Joseph Wolf,lithographed,J.Wolf
V,21,Henry Constantine Richter,drew,H.C.Richter
V,21,Henry Constantine Richter,lithographed,H.C.Richter
V,21,Walter,printed,Walter
V,22,John Gould,drew,J. Gould
V,22,John Gould,lithographed,J. Gould
V,22,Henry Constantine Richter,drew,H. C. Richter
V,22,Henry Constantine Richter,lithographed,H. C. Richter
V,22,Walter,printed,Walter
V,23,John Gould,drew,J.Gould
V,23,John Gould,lithographed,J.Gould
V,23,Henry Constantine Richter,drew,H.C.Richter
V,23,Henry Constantine Richter,lithographed,H.C.Richter
V,23,Walter,printed,Walter
V,24,John Gould,drew,J.Gould
V,24,John Gould,lithographed,J.Gould
V,24,Henry Constantine Richter,drew,H.C.Richter
V,24,Henry Constantine Richter,lithographed,H.C.Richter
V,24,Walter,printed,Walter
V,25,Joseph Wolf,drew,J.Wolf
V,25,Joseph Wolf,lithographed,J.Wolf
V,25,Henry Constantine Richter,drew,H.C.Richter
V,25,Henry Constantine Richter,lithographed,H.C.Richter
V,25,Walter & Cohn,printed,Walter & Cohn
V,26,John Gould,drew,J.Gould
V,26,John Gould,lithographed,J.Gould
V,26,Henry Constantine Richter,drew,H.C.Richter
V,26,Henry Constantine Richter,lithographed,H.C.Richter
V,26,Walter,printed,Walter
V,27,John Gould,drew,J.Gould
V,27,John Gould,lithographed,J.Gould
V,27,Henry Constantine Richter,drew,H.C.Richter
V,27,Henry Constantine Richter,lithographed,H.C.Richter
V,27,Walter,printed,Walter
V,28,Joseph Wolf,drew,J.Wolf
V,28,Joseph Wolf,lithographed,J.Wolf
V,28,Henry Constantine Richter,drew,H.C.Richter
V,28,Henry Constantine Richter,lithographed,H.C.Richter
V,28,Walter & Cohn,printed,Walter & Cohn
V,29,John Gould,drew,J. Gould
V,29,John Gould,lithographed,J. Gould
V,29,Henry Constantine Richter,drew,H.C.Richter
V,29,Henry Constantine Richter,lithographed,H.C.Richter
V,29,Walter,printed,Walter
V,30,John Gould,drew,J. Gould
V,30,John Gould,lithographed,J. Gould
V,30,Henry Constantine Richter,drew,H.C.Richter
V,30,Henry Constantine Richter,lithographed,H.C.Richter
V,30,Walter,printed,Walter
V,31,John Gould,drew,J.Gould
V,31,John Gould,lithographed,J.Gould
V,31,Henry Constantine Richter,drew,H.C.Richter
V,31,Henry Constantine Richter,lithographed,H.C.Richter
V,31,Walter,printed,Walter
V,32,John Gould,drew,J.Gould
V,32,John Gould,lithographed,J.Gould
V,32,Henry Constantine Richter,drew,H.C.Richter.
V,32,Henry Constantine Richter,lithographed,H.C.Richter.
V,32,Walter,printed,Walter
V,33,John Gould,drew,J.Gould
V,33,John Gould,lithographed,J.Gould
V,33,Henry Constantine Richter,drew,H.C.Richter
V,33,Henry Constantine Richter,lithographed,H.C.Richter
V,33,Walter,printed,Walter
V,35,John Gould,drew,J.Gould
V,35,John Gould,lithographed,J.Gould
V,35,Henry Constantine Richter,drew,H.C.Richter
V,35,Henry Constantine Richter,lithographed,H.C.Richter
V,35,Walter & Cohn,printed,Walter & Cohn
V,37,Joseph Wolf,drew,J.Wolf
V,37,Joseph Wolf,lithographed,J.Wolf
V,37,Henry Constantine Richter,drew,H.C.Richter
V,37,Henry Constantine Richter,lithographed,H.C.Richter
V,37,Walter & Cohn,printed,Walter & Cohn
V,38,John Gould,drew,J.Gould
V,38,John Gould,lithographed,J.Gould
V,38,Henry Constantine Richter,drew,H.C.Richter
V,38,Henry Constantine Richter,lithographed,H.C.Richter
V,38,Walter & Cohn,printed,Walter & Cohn
V,39,John Gould,drew,J.Gould
V,39,John Gould,lithographed,J.Gould
V,39,Henry Constantine Richter,drew,H.C.Richter
V,39,Henry Constantine Richter,lithographed,H.C.Richter
V,39,Walter & Cohn,printed,Walter & Cohn
V,41,John Gould,drew,J.Gould
V,41,John Gould,lithographed,J.Gould
V,41,Henry Constantine Richter,drew,H.C.Richter
V,41,Henry Constantine Richter,lithographed,H.C.Richter
V,41,Walter & Cohn,printed,Walter & Cohn
V,42,John Gould,drew,J.Gould
V,42,John Gould,lithographed,J.Gould
V,42,Henry Constantine Richter,drew,H.C.Richter
V,42,Henry Constantine Richter,lithographed,H.C.Richter
V,42,Walter & Cohn,printed,Walter & Cohn
V,43,John Gould,drew,J.Gould
V,43,John Gould,lithographed,J.Gould
V,43,Henry Constantine Richter,drew,H.C.Richter
V,43,Henry Constantine Richter,lithographed,H.C.Richter
V,43,Walter,printed,Walter
V,44,John Gould,drew,J.Gould
V,44,John Gould,lithographed,J.Gould
V,44,Henry Constantine Richter,drew,H.C.Richter
V,44,Henry Constantine Richter,lithographed,H.C.Richter
V,44,Walter,printed,Walter
V,45,John Gould,drew,J. Gould
V,45,John Gould,lithographed,J. Gould
V,45,Henry Constantine Richter,drew,H. C. Richter
V,45,Henry Constantine Richter,lithographed,H. C. Richter
V,45,Walter,printed,Walter
V,46,John Gould,drew,J.Gould
V,46,John Gould,lithographed,J.Gould
V,46,William Matthew Hart,drew,W.Hart
V,46,William Matthew Hart,lithographed,W.Hart
V,46,Walter,printed,Walter
V,47,John Gould,drew,J. Gould
V,47,John Gould,lithographed,J. Gould
V,47,Henry Constantine Richter,drew,H.C.Richter
V,47,Henry Constantine Richter,lithographed,H.C.Richter
V,47,Walter,printed,Walter
V,48,John Gould,drew,J.Gould
V,48,John Gould,lithographed,J.Gould
V,48,Henry Constantine Richter,drew,H.C.Richter
V,48,Henry Constantine Richter,lithographed,H.C.Richter
V,48,Walter,printed,Walter
V,49,John Gould,drew,J.Gould
V,49,John Gould,lithographed,J.Gould
V,49,Henry Constantine Richter,drew,H.C.Richter
V,49,Henry Constantine Richter,lithographed,H.C.Richter
V,49,Walter,printed,Walter
V,50,John Gould,drew,J.Gould
V,50,John Gould,lithographed,J.Gould
V,50,Henry Constantine Richter,drew,H.C.Richter
V,50,Henry Constantine Richter,lithographed,H.C.Richter
V,50,Walter,printed,Walter
V,51,Walter,printed,Walter
V,52,John Gould,drew,J.Gould
V,52,John Gould,lithographed,J.Gould
V,52,Henry Constantine Richter,drew,H.C.Richter
V,52,Henry Constantine Richter,lithographed,H.C.Richter
V,52,Walter,printed,Walter
V,53,John Gould,drew,J.Gould
V,53,John Gould,lithographed,J.Gould
V,53,Henry Constantine Richter,drew,H.C.Richter
V,53,Henry Constantine Richter,lithographed,H.C.Richter
V,53,Walter,printed,Walter
V,54,Joseph Wolf,drew,J.Wolf
V,54,Joseph Wolf,lithographed,J.Wolf
V,54,Henry Constantine Richter,drew,H.C.Richter
V,54,Henry Constantine Richter,lithographed,H.C.Richter
V,54,Walter,printed,Walter
V,55,John Gould,drew,J.Gould
V,55,John Gould,lithographed,J.Gould
V,55,William Matthew Hart,drew,W.Hart
V,55,William Matthew Hart,lithographed,W.Hart
V,55,Walter,printed,Walter
V,56,John Gould,drew,J.Gould
V,56,John Gould,lithographed,J.Gould
V,56,Henry Constantine Richter,drew,H.C.Richter
V,56,Henry Constantine Richter,lithographed,H.C.Richter
V,56,Walter,printed,Walter
V,57,John Gould,drew,J.Gould
V,57,John Gould,lithographed,J.Gould
V,57,William Matthew Hart,drew,W.Hart
V,57,William Matthew Hart,lithographed,W.Hart
V,57,Walter,printed,Walter
V,58,Joseph Wolf,drew,J.Wolf
V,58,Joseph Wolf,lithographed,J.Wolf
V,58,William Matthew Hart,drew,W.Hart
V,58,William Matthew Hart,lithographed,W.Hart
V,58,Walter,printed,Walter
V,60,John Gould,drew,J. Gould
V,60,John Gould,lithographed,J. Gould
V,60,Henry Constantine Richter,drew,H. C. Richter
V,60,Henry Constantine Richter,lithographed,H. C. Richter
V,60,Walter,printed,Walter
V,61,John Gould,drew,J.Gould
V,61,John Gould,lithographed,J.Gould
V,61,Henry Constantine Richter,drew,H.C.Richter
V,61,Henry Constantine Richter,lithographed,H.C.Richter
V,61,Walter,printed,Walter
V,62,John Gould,drew,J.Gould
V,62,John Gould,lithographed,J.Gould
V,62,Henry Constantine Richter,drew,H.C.Richter
V,62,Henry Constantine Richter,lithographed,H.C.Richter
V,62,Walter,printed,Walter
V,63,John Gould,drew,J.Gould
V,63,John Gould,lithographed,J.Gould
V,63,William Matthew Hart,drew,W.Hart
V,63,William Matthew Hart,lithographed,W.Hart
V,63,Walter,printed,Walter
V,64,Joseph Wolf,drew,J.Wolf
V,64,Joseph Wolf,lithographed,J.Wolf
V,64,Henry Constantine Richter,drew,H.C.Richter
V,64,Henry Constantine Richter,lithographed,H.C.Richter
V,64,Walter,printed,Walter
V,65,John Gould,drew,J.Gould
V,65,John Gould,lithographed,J.Gould
V,65,William Matthew Hart,drew,W.Hart
V,65,William Matthew Hart,lithographed,W.Hart
V,65,Walter,printed,Walter
V,66,John Gould,drew,J.Gould
V,66,John Gould,lithographed,J.Gould
V,66,Henry Constantine Richter,drew,H.C.Richter
V,66,Henry Constantine Richter,lithographed,H.C.Richter
V,66,Walter,printed,Walter
V,67,John Gould,drew,J. Gould
V,67,John Gould,lithographed,J. Gould
V,67,Henry Constantine Richter,drew,H. C. Richter
V,67,Henry Constantine Richter,lithographed,H. C. Richter
V,67,Walter,printed,Walter
V,68,John Gould,drew,J.Gould
V,68,John Gould,lithographed,J.Gould
V,68,William Matthew Hart,drew,W.Hart
V,68,William Matthew Hart,lithographed,W.Hart
V,68,Walter,printed,Walter
V,69,John Gould,drew,J.Gould
V,69,John Gould,lithographed,J.Gould
V,69,Henry Constantine Richter,drew,H.C.Richter
V,69,Henry Constantine Richter,lithographed,H.C.Richter
V,69,Walter,printed,Walter
V,70,John Gould,drew,J.Gould
V,70,John Gould,lithographed,J.Gould
V,70,Henry Constantine Richter,drew,H.C.Richter
V,70,Henry Constantine Richter,lithographed,H.C.Richter
V,70,Walter,printed,Walter
V,71,John Gould,drew,J. Gould
V,71,John Gould,lithographed,J. Gould
V,71,Henry Constantine Richter,drew,H.C. Richter
V,71,Henry Constantine Richter,lithographed,H.C. Richter
V,71,Walter,printed,Walter
V,72,John Gould,drew,J.Gould
V,72,John Gould,lithographed,J.Gould
V,72,Henry Constantine Richter,drew,H.C. Richter
V,72,Henry Constantine Richter,lithographed,H.C. Richter
V,72,Walter,printed,Walter
V,73,John Gould,drew,J. Gould
V,73,John Gould,lithographed,J. Gould
V,73,Henry Constantine Richter,drew,H.C.Richter
V,73,Henry Constantine Richter,lithographed,H.C.Richter
V,73,Walter,printed,Walter
V,74,John Gould,drew,J.Gould
V,74,John Gould,lithographed,J.Gould
V,74,Henry Constantine Richter,drew,H.C.Richter
V,74,Henry Constantine Richter,lithographed,H.C.Richter
V,74,Walter,printed,Walter
V,75,John Gould,drew,J.Gould
V,75,John Gould,lithographed,J.Gould
V,75,Henry Constantine Richter,drew,H.C.Richter
V,75,Henry Constantine Richter,lithographed,H.C.Richter
V,75,Walter,printed,Walter
V,76,John Gould,drew,J.Gould
V,76,John Gould,lithographed,J.Gould
V,76,Henry Constantine Richter,drew,H.C.Richter
V,76,Henry Constantine Richter,lithographed,H.C.Richter
V,76,Walter,printed,Walter
V,77,John Gould,drew,J.Gould
V,77,John Gould,lithographed,J.Gould
V,77,Henry Constantine Richter,drew,H.C.Richter
V,77,Henry Constantine Richter,lithographed,H.C.Richter
V,77,Walter,printed,Walter
V,78,John Gould,drew,J.Gould
V,78,John Gould,lithographed,J.Gould
V,78,Henry Constantine Richter,drew,H.C.Richter
V,78,Henry Constantine Richter,lithographed,H.C.Richter
V,78,Walter,printed,Walter.
V,79,Joseph Wolf,drew,J. Wolf.
V,79,Joseph Wolf,lithographed,J. Wolf.
V,79,Henry Constantine Richter,drew,H. C. Richter.
V,79,Henry Constantine Richter,lithographed,H. C. Richter.
V,79,Walter,printed,Walter
V,80,John Gould,drew,J.Gould
V,80,John Gould,lithographed,J.Gould
V,80,Henry Constantine Richter,drew,H.C.Richter
V,80,Henry Constantine Richter,lithographed,H.C.Richter
V,80,Walter,printed,Walter.
V,81,John Gould,drew,J.Gould
V,81,John Gould,lithographed,J.Gould
V,81,Henry Constantine Richter,drew,H.C.Richter
V,81,Henry Constantine Richter,lithographed,H.C.Richter
V,81,Walter,printed,Walter
V,82,John Gould,drew,J.Gould
V,82,John Gould,lithographed,J.Gould
V,82,Henry Constantine Richter,drew,H.C.Richter
V,82,Henry Constantine Richter,lithographed,H.C.Richter
V,82,Walter,printed,Walter
V,83,John Gould,drew,J.Gould
V,83,John Gould,lithographed,J.Gould
V,83,Henry Constantine Richter,drew,H.C.Richter
V,83,Henry Constantine Richter,lithographed,H.C.Richter
V,83,Walter,printed,Walter
V,84,John Gould,drew,J.Gould
V,84,John Gould,lithographed,J.Gould
V,84,Henry Constantine Richter,drew,H.C.Richter
V,84,Henry Constantine Richter,lithographed,H.C.Richter
V,84,Walter,printed,Walter
V,85,John Gould,drew,J.Gould
V,85,John Gould,lithographed,J.Gould
V,85,Henry Constantine Richter,drew,H.C.Richter
V,85,Henry Constantine Richter,lithographed,H.C.Richter
V,85,Walter,printed,Walter
V,86,John Gould,drew,J.Gould
V,86,John Gould,lithographed,J.Gould
V,86,Henry Constantine Richter,drew,H.C.Richter
V,86,Henry Constantine Richter,lithographed,H.C.Richter
V,86,Walter,printed,Walter
