name,kind,wikidata,note
John Gould,person,Q313787,Ornithologist; author and publisher of the Gould folios
Elizabeth Gould,person,Q253875,"Artist and lithographer; John Gould's wife, the principal artist of his early works"
Edward Lear,person,Q309759,Artist and lithographer
Henry Constantine Richter,person,Q1567083,Artist and lithographer
Joseph Wolf,person,Q1708274,Artist
William Matthew Hart,person,Q8015234,Artist and lithographer
Charles Joseph Hullmandel,person,Q376691,"Lithographic printer, London"
Hullmandel & Walton,firm,Q23872817,"Lithographic printers, London"
Walter,firm,,"Lithographic printer, named on the plates only as Walter"
T. Walter,person,,"Lithographic printer, named on five plates of The Birds of Asia (I.69 to I.73) as T. Walter"
Walter & Cohn,firm,,Lithographic printers
John James Audubon,person,Q182882,Naturalist and artist; author of The Birds of America
William Home Lizars,person,Q1616131,"Engraver, Edinburgh"
Robert Havell Jr.,person,Q2157495,"Engraver, printer and colourist, London"
Robert Havell Sr.,person,Q18527272,"Engraver, printer and colourist, London; the father of Robert Havell Jr."
Robert Havell & Son,firm,,"Engravers, printers and colourists, London; the firm of Robert Havell Sr. and Jr."
Lucy Audubon,person,Q51861749,John James Audubon's wife
Benjamin Waterhouse Hawkins,person,Q817732,Sculptor and natural history artist
