plate,title,legend,image_url,sheet_asset,crop_asset,notes
1,Wild Turkey,Male. | American Cane. | Miegia macrosperma.,https://www.audubon.org/sites/default/files/boa_plates/plate-1-wild-turkey.jpg,sheet-001.jpg,crop-001.jpg,
2,Yellow-billed Cuckoo,Male. 1. Female. 2. | Papaw Tree. Porcelia triloba.,https://www.audubon.org/sites/default/files/boa_plates/plate-2-yellow-billed-cuckoo.jpg,sheet-002.jpg,crop-002.jpg,
3,Prothonotary Warbler,Male. 1. Female. 2. | Cane Vine.,https://www.audubon.org/sites/default/files/boa_plates/plate-3-prothonotary-warbler.jpg,sheet-003.jpg,crop-003.jpg,
4,Purple Finch,"Male, 1, 2. Female, 3. | Red Larch - Larix americana.",https://www.audubon.org/sites/default/files/boa_plates/plate-4-purple-finch.jpg,sheet-004.jpg,crop-004.jpg,
5,Bonaparte's Flycatcher,,https://www.audubon.org/sites/default/files/boa_plates/plate-5-bonapartes-flycatcher.jpg,sheet-005.jpg,crop-005.jpg,
6,Great American Hen & Young,,https://www.audubon.org/sites/default/files/boa_plates/plate-6-great-american-hen-young.jpg,sheet-006.jpg,crop-006.jpg,
7,"Purple Grakle, or Common Crow Blackbird","Male, 1. Female, 2. | Maize or Indian Corn. Zea Mays.",https://www.audubon.org/sites/default/files/boa_plates/plate-7-purple-grakle.jpg,sheet-007.jpg,crop-007.jpg,
8,White throated Sparrow,1. Male 2. Female | Plant Cornus Florida - Vulgo Dog Wood.,https://www.audubon.org/sites/default/files/boa_plates/plate-8-white-throated-sparrow.jpg,sheet-008.jpg,crop-008.jpg,
9,Selby's Fly catcher,,https://www.audubon.org/sites/default/files/boa_plates/plate-9-selbys-fly-catcher.jpg,sheet-009.jpg,crop-009.jpg,
10,Brown Lark,1. Male. 2. Female.,https://www.audubon.org/sites/default/files/boa_plates/plate-10-brown-lark.jpg,sheet-010.jpg,crop-010.jpg,
11,Bird of Washington,,https://www.audubon.org/sites/default/files/boa_plates/plate-11-bird-washington.jpg,sheet-011.jpg,crop-011.jpg,
12,Baltimore Oriole,"Adult Male, 1. Male two years old, 2. Female, 3. | Tulip Tree Liriodendron tulipifera.",https://www.audubon.org/sites/default/files/boa_plates/plate-12-baltimore-oriole.jpg,sheet-012.jpg,crop-012.jpg,
13,Snow Bird,1. Male. ..... 2. Female. | Plant Vulgo. Great Swamp Ash.,https://www.audubon.org/sites/default/files/boa_plates/plate-13-snow-bird.jpg,sheet-013.jpg,crop-013.jpg,
14,Prairie Warbler,1. Male.... 2. Female. | Plant Vulgo. Buffaloe Grass.,https://www.audubon.org/sites/default/files/boa_plates/plate-14-prairie-warbler.jpg,sheet-014.jpg,crop-014.jpg,
15,Blue Yellow back Warbler,"(1. Male. 2. F.) | Plant, Vulgo. Louisiana Flag.",https://www.audubon.org/sites/default/files/boa_plates/plate-15-blue-yellow-backed-warbler.jpg,sheet-015.jpg,crop-015.jpg,
16,Great-footed Hawk,"Male, 1. Female, 2. | Green-winged Teal and Gadwal.",https://www.audubon.org/sites/default/files/boa_plates/plate-16-great-footed-hawk.jpg,sheet-016.jpg,crop-016.jpg,
17,Carolina Pigeon,Male 1. F. 2. | Plant. Steuartia Malacodrendron.,https://www.audubon.org/sites/default/files/boa_plates/plate-17-carolina-pigeon.jpg,sheet-017.jpg,crop-017.jpg,
18,Bewick's Wren,Plant Vulgo. Iron Wood.,https://www.audubon.org/sites/default/files/boa_plates/plate-18-bewicks-wren.jpg,sheet-018.jpg,crop-018.jpg,
19,Louisiana Water Thrush,Plant Vulgo. Indian Turnip.,https://www.audubon.org/sites/default/files/boa_plates/plate-19-louisiana-water-thrush.jpg,sheet-019.jpg,crop-019.jpg,
20,Blue-winged Yellow Warbler,Male 1. F. 2. | Plant Vulgo. Wild Althea.,https://www.audubon.org/sites/default/files/boa_plates/plate-20-blue-winged-yellow-warbler.jpg,sheet-020.jpg,crop-020.jpg,
21,Mocking Bird,"Males, 1. Females, 2. | Florida Jessamine. Gelseminum nitidum.",https://www.audubon.org/sites/default/files/boa_plates/plate-21-mocking-bird.jpg,sheet-021.jpg,crop-021.jpg,
22,Purple Martin,"1. Males 2. F. | Nest, a Gourd.",https://www.audubon.org/sites/default/files/boa_plates/plate-22-purple-martin.jpg,sheet-022.jpg,crop-022.jpg,
23,Yellow-breasted Warbler,"Male, 1. Female, 2. | 1. Snow-drop Tree, Halesia tetraptera. 2. Bitter-wood Tree, Viburnum prunifolium.",https://www.audubon.org/sites/default/files/boa_plates/plate-23-yellow-breasted-warbler.jpg,sheet-023.jpg,crop-023.jpg,
24,Roscoe's Yellow-throat,,https://www.audubon.org/sites/default/files/boa_plates/plate-24-roscoes-yellow-throat.jpg,sheet-024.jpg,crop-024.jpg,
25,Song Sparrow,Male 1. F. 2. | Plant Vulgo. Wortle Berry.,https://www.audubon.org/sites/default/files/boa_plates/plate-25-song-sparrow.jpg,sheet-025.jpg,crop-025.jpg,
26,Carolina Parrot,Males 1. F. 2. Young 3. | Plant Vulgo. Cuckle Burr.,https://www.audubon.org/sites/default/files/boa_plates/plate-26-carolina-parrot.jpg,sheet-026.jpg,crop-026.jpg,
27,Red headed Woodpecker,"Male, 1. F. 2. Young, 3. 4. 5.",https://www.audubon.org/sites/default/files/boa_plates/plate-27-red-headed-woodpecker.jpg,sheet-027.jpg,crop-027.jpg,
28,Vireo Solitarius,Male. 1. F. 2. | Plant. Vulgo Cane.,https://www.audubon.org/sites/default/files/boa_plates/plate-28-vireo-solitarius.jpg,sheet-028.jpg,crop-028.jpg,
29,Towee Bunting,"Male. 1. F. 2. | Plant. Vulgo, Black-berry.",https://www.audubon.org/sites/default/files/boa_plates/plate-29-towee-bunting.jpg,sheet-029.jpg,crop-029.jpg,
30,Vigors Vireo,,https://www.audubon.org/sites/default/files/boa_plates/plate-30-vigors-vireo.jpg,sheet-030.jpg,crop-030.jpg,
31,White-headed Eagle,Male. | Yellow Cat-fish.,https://www.audubon.org/sites/default/files/boa_plates/plate-31-white-headed-eagle.jpg,sheet-031.jpg,crop-031.jpg,
32,Black-billed Cuckoo,"Male 1. F. 2. | Plant, Magnolia grandiflora.",https://www.audubon.org/sites/default/files/boa_plates/plate-32-black-billed-cuckoo.jpg,sheet-032.jpg,crop-032.jpg,
33,American Goldfinch,Male 1. F. 2. | Plant. Cnicus lanceolatus. Vulgo Common Thistle.,https://www.audubon.org/sites/default/files/boa_plates/plate-33-american-goldfinch.jpg,sheet-033.jpg,crop-033.jpg,
34,Worm eating Warbler,Male 1. F. 2. | Plant. Phytolacca decandra. Vulgo. Poke-berry.,https://www.audubon.org/sites/default/files/boa_plates/plate-34-worm-eating-warbler.jpg,sheet-034.jpg,crop-034.jpg,
35,Children's Warbler,,https://www.audubon.org/sites/default/files/boa_plates/plate-35-childrens-warbler.jpg,sheet-035.jpg,crop-035.jpg,
36,Stanley Hawk,Male 1. F. 2.,https://www.audubon.org/sites/default/files/boa_plates/plate-36-stanley-hawk.jpg,sheet-036.jpg,crop-036.jpg,
37,Golden-winged Woodpecker,Male 1. F. 2.,https://www.audubon.org/sites/default/files/boa_plates/plate-37-golden-winged-woodpecker.jpg,sheet-037.jpg,crop-037.jpg,
38,Kentucky Warbler,Male. 1. F. 2. | Plant Magnolia auriculata.,https://www.audubon.org/sites/default/files/boa_plates/plate-38-kentucky-warbler.jpg,sheet-038.jpg,crop-038.jpg,
39,Crested Titmouse,"Male 1. F. 2. | Plant, Pinus Strobus.",https://www.audubon.org/sites/default/files/boa_plates/plate-39-crested-titmouse.jpg,sheet-039.jpg,crop-039.jpg,
40,American Redstart,Male 1. F. 2. | Plant Vulgo. Scrub Elm. | Ostrya Virginica.,https://www.audubon.org/sites/default/files/boa_plates/plate-40-american-redstart.jpg,sheet-040.jpg,crop-040.jpg,
41,Ruffed Grouse,"Male, 1 & 2. F. 3. | Vulgo. Pheasant.",https://www.audubon.org/sites/default/files/boa_plates/plate-41-ruffed-grouse.jpg,sheet-041.jpg,crop-041.jpg,
42,Orchard Oriole,"Male 1. 2. adult. 3 & 4. 2nd. and 3d. Year. 5. Female. | Plant Vulgo, honey Locust. | Gleditschia triacanthos.",https://www.audubon.org/sites/default/files/boa_plates/plate-42-orchard-oriole.jpg,sheet-042.jpg,crop-042.jpg,
43,Cedar Bird,"Male. 1. F. 2. | Plant Vulgo, Red Cedar. | Juniper Virginiana",https://www.audubon.org/sites/default/files/boa_plates/plate-43-cedar-bird.jpg,sheet-043.jpg,crop-043.jpg,
44,Summer Red Bird,Male old 1. Young 2. F. 3. | Plant Vulgo Wild Muscadine. | Vitis rotundifolia.,https://www.audubon.org/sites/default/files/boa_plates/plate-44-summer-red-bird.jpg,sheet-044.jpg,crop-044.jpg,
45,Traill's Flycatcher,"Plant Vulgo, Sweet Gum. | Liquidamber Styraciflua.",https://www.audubon.org/sites/default/files/boa_plates/plate-45-traills-flycatcher.jpg,sheet-045.jpg,crop-045.jpg,
46,Barred Owl,"Male, adult. | Grey Squirrel. | Scurius Cinereus.",https://www.audubon.org/sites/default/files/boa_plates/plate-46-barred-owl.jpg,sheet-046.jpg,crop-046.jpg,
47,Ruby-throated Humming Bird,"Male 1. F. 2. Young 3. | Plant, Bignania radicans | Vulgo, Trumpet Flower.",https://www.audubon.org/sites/default/files/boa_plates/plate-47-ruby-throated-humming-bird.jpg,sheet-047.jpg,crop-047.jpg,
48,Azure Warbler,Male 1. F. 2. | Plant Vulgo. Bear-berry. | Ilex Dahon.,https://www.audubon.org/sites/default/files/boa_plates/plate-48-azure-warbler.jpg,sheet-048.jpg,crop-048.jpg,
49,Blue-green Warbler,,https://www.audubon.org/sites/default/files/boa_plates/plate-49-blue-green-warbler.jpg,sheet-049.jpg,crop-049.jpg,
50,Black & Yellow Warbler,"Male. | Tree, Vulgo. White Oak.",https://www.audubon.org/sites/default/files/boa_plates/plate-50-black-yellow-warbler.jpg,sheet-050.jpg,crop-050.jpg,
51,Red-tailed Hawk,"Male, 1. Female, 2. | American Hare. Lepus americanus.",https://www.audubon.org/sites/default/files/boa_plates/plate-51-red-tailed-hawk.jpg,sheet-051.jpg,crop-051.jpg,
52,Chuck-will's Widow,"Male, 1. Female, 2. | Harlequin Snake.",https://www.audubon.org/sites/default/files/boa_plates/plate-52-chuck-wills-widow.jpg,sheet-052.jpg,crop-052.jpg,
53,Painted Finch,"1, 2, Old Males, 3, M. of 1st Year, 4, 2nd Year, 5, Female. | Chickasaw Plum. Prunus Chicasa.",https://www.audubon.org/sites/default/files/boa_plates/plate-53-painted-finch.jpg,sheet-053.jpg,crop-053.jpg,
54,Rice Bird,"Male, 1. Female, 2. | Red Maple. Acer rubrum.",https://www.audubon.org/sites/default/files/boa_plates/plate-54-rice-bird.jpg,sheet-054.jpg,crop-054.jpg,
55,Cuvier's Kinglet,,https://www.audubon.org/sites/default/files/boa_plates/plate-55-cuviers-kinglet.jpg,sheet-055.jpg,crop-055.jpg,
56,Red-shouldered Hawk,"Male, 1. Female, 2.",https://www.audubon.org/sites/default/files/boa_plates/plate-56-red-shouldered-hawk.jpg,sheet-056.jpg,crop-056.jpg,
57,Loggerhead Shrike,"Male, 1. Female, 2. | Green Briar or Round-leaved Smilax. Smilax rotundifolia.",https://www.audubon.org/sites/default/files/boa_plates/plate-57-loggerhead-shrike.jpg,sheet-057.jpg,crop-057.jpg,
58,Hermit Thrush,"Male, 1. Female, 2.",https://www.audubon.org/sites/default/files/boa_plates/plate-58-hermit-thrush.jpg,sheet-058.jpg,crop-058.jpg,
59,Chestnut-sided Warbler,"Male, 1. Female, 2. | Moth Mullein. Verbascum Blattaria.",https://www.audubon.org/sites/default/files/boa_plates/plate-59-chestnut-sided-warbler.jpg,sheet-059.jpg,crop-059.jpg,
60,Carbonated Warbler,,https://www.audubon.org/sites/default/files/boa_plates/plate-60-carbonated-warbler.jpg,sheet-060.jpg,crop-060.jpg,
61,Great Horned Owl,"Male, 1. Female, 2.",https://www.audubon.org/sites/default/files/boa_plates/plate-61-great-horned-owl.jpg,sheet-061.jpg,crop-061.jpg,
62,Passenger Pigeon,"Male, 1. Female, 2.",https://www.audubon.org/sites/default/files/boa_plates/plate-62-passenger-pigeon.jpg,sheet-062.jpg,crop-062.jpg,
63,"White-eyed Flycatcher, or Vireo","Male, | Pride of China or Bead-tree Melia Azedarach.",https://www.audubon.org/sites/default/files/boa_plates/plate-63-white-eyed-flycatcher.jpg,sheet-063.jpg,crop-063.jpg,
64,Swamp Sparrow,Male. | May-apple. Podophyllum peltatum.,https://www.audubon.org/sites/default/files/boa_plates/plate-64-swamp-sparrow.jpg,sheet-064.jpg,crop-064.jpg,
65,Rathbone Warbler,,https://www.audubon.org/sites/default/files/boa_plates/plate-65-rathbone-warbler.jpg,sheet-065.jpg,crop-065.jpg,
66,Ivory-billed Woodpecker,"Male, 1. Female, 2, 3.",https://www.audubon.org/sites/default/files/boa_plates/plate-66-ivory-billed-woodpecker.jpg,sheet-066.jpg,crop-066.jpg,
67,"Red winged Starling, or Marsh Blackbird","Adult Male, 1. Young Male, 2. Female Old, 3. Young, 4. | Red Maple, or Swamp Maple. Acer rubrum.",https://www.audubon.org/sites/default/files/boa_plates/plate-67-red-winged-starling.jpg,sheet-067.jpg,crop-067.jpg,
68,"Republican, or Cliff Swallow","Male, 1. Female 2. Egg, 3. Nests 4.",https://www.audubon.org/sites/default/files/boa_plates/plate-68-republican-or-cliff-swallow.jpg,sheet-068.jpg,crop-068.jpg,
69,Bay-breasted Warbler,"Male, 1. Female, 2. | Highland Cotton-plant. Gossypium herbaceum.",https://www.audubon.org/sites/default/files/boa_plates/plate-69-bay-breasted-warbler.jpg,sheet-069.jpg,crop-069.jpg,
70,Henslow's Bunting,Male. | Indian Pink-root or Worm-grass. Spigelia marilandica. | Shape of Tail.,https://www.audubon.org/sites/default/files/boa_plates/plate-70-henslows-bunting.jpg,sheet-070.jpg,crop-070.jpg,
71,Winter Hawk,,https://www.audubon.org/sites/default/files/boa_plates/plate-71-winter-hawk.jpg,sheet-071.jpg,crop-071.jpg,
72,Swallow-tailed Hawk,Male. | Garter Snake.,https://www.audubon.org/sites/default/files/boa_plates/plate-72-swallow-tailed-hawk.jpg,sheet-072.jpg,crop-072.jpg,
73,Wood Thrush,"Male, 1. Female, 2. | Dogwood. Cornus florida.",https://www.audubon.org/sites/default/files/boa_plates/plate-73-wood-thrush.jpg,sheet-073.jpg,crop-073.jpg,
74,Indigo Bird,"Male Adult, 1. M. first year 2. 2nd. 3. Female, 4. | Wild Sarsaparilla Schisandra coccinea.",https://www.audubon.org/sites/default/files/boa_plates/plate-74-indigo-bird.jpg,sheet-074.jpg,crop-074.jpg,
75,Le Petit Caporal,,https://www.audubon.org/sites/default/files/boa_plates/plate-75-le-petit-caporal.jpg,sheet-075.jpg,crop-075.jpg,
76,Virginian Partridge,"Male Adult, 1. Young, 2. Female Adult, 3. Young, 4. very young Birds, 5.",https://www.audubon.org/sites/default/files/boa_plates/plate-76-virginian-partridge.jpg,sheet-076.jpg,crop-076.jpg,
77,Belted Kingfisher,"Male, 1, 2. Female, 3.",https://www.audubon.org/sites/default/files/boa_plates/plate-77-belted-kingfisher.jpg,sheet-077.jpg,crop-077.jpg,
78,Great Carolina Wren,1. M. & 2. Female. | Dwarf Buck-eye. Aesculus Pavia.,https://www.audubon.org/sites/default/files/boa_plates/plate-78-great-carolina-wren.jpg,sheet-078.jpg,crop-078.jpg,
79,Tyrant Fly-catcher,"1. M. & 2. Female. | Cotton-wood, Populus candicans.",https://www.audubon.org/sites/default/files/boa_plates/plate-79-tyrant-fly-catcher.jpg,sheet-079.jpg,crop-079.jpg,
80,Prairie Titlark,,https://www.audubon.org/sites/default/files/boa_plates/plate-80-prairie-titlark.jpg,sheet-080.jpg,crop-080.jpg,
81,"Fish Hawk, or Osprey",Male. | Weak Fish.,https://www.audubon.org/sites/default/files/boa_plates/plate-81-fish-hawk-or-osprey.jpg,sheet-081.jpg,crop-081.jpg,
82,Whip-poor-will,"Male, 1. Female, 2, 3. | Black Oak or Quercitron. Quercus tinctoria.",https://www.audubon.org/sites/default/files/boa_plates/plate-82-whip-poor-will.jpg,sheet-082.jpg,crop-082.jpg,
83,House Wren,"Male, 1. Female, 2. Young, 3, 4, 5.",https://www.audubon.org/sites/default/files/boa_plates/plate-83-house-wren.jpg,sheet-083.jpg,crop-083.jpg,
84,Blue-Grey Fly-catcher,Male 1. Female 2. | Black Walnut. Juglans nigra.,https://www.audubon.org/sites/default/files/boa_plates/plate-84-blue-grey-fly-catcher.jpg,sheet-084.jpg,crop-084.jpg,
85,Yellow Throated Warbler,Male. | Chinquapin. Castenea pumila.,https://www.audubon.org/sites/default/files/boa_plates/plate-85-yellow-throated-warbler.jpg,sheet-085.jpg,crop-085.jpg,
86,Black Warrior,,https://www.audubon.org/sites/default/files/boa_plates/plate-86-black-warrior.jpg,sheet-086.jpg,crop-086.jpg,
87,Florida Jay,"Male, 1. Female, 2. | Persimon Tree. Diospyros virginiana.",https://www.audubon.org/sites/default/files/boa_plates/plate-87-florida-jay.jpg,sheet-087.jpg,crop-087.jpg,
88,Autumnal Warbler,,https://www.audubon.org/sites/default/files/boa_plates/plate-88-autumnal-warbler.jpg,sheet-088.jpg,crop-088.jpg,
89,Nashville Warbler,"Male, 1. Female, 2. | Swamp Spice. Ilex prinoides.",https://www.audubon.org/sites/default/files/boa_plates/plate-89-nashville-warbler.jpg,sheet-089.jpg,crop-089.jpg,
90,Black & White Creeper,Male | Black Larch Pinus pendula.,https://www.audubon.org/sites/default/files/boa_plates/plate-90-black-white-creeper.jpg,sheet-090.jpg,crop-090.jpg,
91,Broad-winged Hawk,"Male, 1. Female, 2. | Pig-nut Hickory. Juglans porcina.",https://www.audubon.org/sites/default/files/boa_plates/plate-91-broad-winged-hawk.jpg,sheet-091.jpg,crop-091.jpg,
92,Pigeon Hawk,"Male, 1. Female, 2.",https://www.audubon.org/sites/default/files/boa_plates/plate-92-pigeon-hawk.jpg,sheet-092.jpg,crop-092.jpg,
93,Seaside Finch,1. M. & 2. Female. | Carolina Rose. Rosa Carolina.,https://www.audubon.org/sites/default/files/boa_plates/plate-93-seaside-finch.jpg,sheet-093.jpg,crop-093.jpg,
94,"Grass Finch, or Bay-winged Bunting",Male. | Prickly Pear or Indian Fig. Cactus Opuntia.,https://www.audubon.org/sites/default/files/boa_plates/plate-94-grass-finch.jpg,sheet-094.jpg,crop-094.jpg,
95,Blue-eyed yellow Warbler,Plant Wisterea.,https://www.audubon.org/sites/default/files/boa_plates/plate-95-blue-eyed-yellow-warbler.jpg,sheet-095.jpg,crop-095.jpg,
96,Columbia Jay,"Male, 1. Female, 2.",https://www.audubon.org/sites/default/files/boa_plates/plate-96-columbia-jay.jpg,sheet-096.jpg,crop-096.jpg,
97,Little Screech Owl,"Adult, 1. Young, 2, 3. | Jersey Pine. Pinus inops.",https://www.audubon.org/sites/default/files/boa_plates/plate-97-little-screech-owl.jpg,sheet-097.jpg,crop-097.jpg,
98,White-bellied Swallow,"Male, 1. Female, 2.",https://www.audubon.org/sites/default/files/boa_plates/plate-98-white-bellied-swallow.jpg,sheet-098.jpg,crop-098.jpg,
99,Cow-pen Bird,"Male, 1. Female, 2.",https://www.audubon.org/sites/default/files/boa_plates/plate-99-cow-pen-bird.jpg,sheet-099.jpg,crop-099.jpg,
100,Marsh Wren,"Male, 1. Female, 2, 3. Nest, 4.",https://www.audubon.org/sites/default/files/boa_plates/plate-100-marsh-wren.jpg,sheet-100.jpg,crop-100.jpg,
101,Raven,Male. | Thick Shell-bark Hickory. Juglans laciniosa.,https://www.audubon.org/sites/default/files/boa_plates/plate-101-raven.jpg,sheet-101.jpg,crop-101.jpg,
102,Blue Jay,Male. 1. Female. 2. 3.,https://www.audubon.org/sites/default/files/boa_plates/plate-102-blue-jay.jpg,sheet-102.jpg,crop-102.jpg,
103,Canada Warbler,"Male, 1. Female, 2. | Big Laurel. Rhododendron maximum.",https://www.audubon.org/sites/default/files/boa_plates/plate-103-canada-warbler.jpg,sheet-103.jpg,crop-103.jpg,
104,Chipping Sparrow,Male. | Black Locust. Robinia Pseudacacia.,https://www.audubon.org/sites/default/files/boa_plates/plate-104-chipping-sparrow.jpg,sheet-104.jpg,crop-104.jpg,
105,Red-breasted Nuthatch,Male. 1. Female. 2.,https://www.audubon.org/sites/default/files/boa_plates/plate-105-red-breasted-nuthatch.jpg,sheet-105.jpg,crop-105.jpg,
106,"Black Vulture, or Carrion Crow",Male 1 and Female 2. | American Deer. Cervus virginianus.,https://www.audubon.org/sites/default/files/boa_plates/plate-106-black-vulture-or-carrion-crow.jpg,sheet-106.jpg,crop-106.jpg,
107,Canada Jay,Male 1. Female 2. | White Oak. Quercus alba.,https://www.audubon.org/sites/default/files/boa_plates/plate-107-canada-jay.jpg,sheet-107.jpg,crop-107.jpg,
108,Fox-coloured Sparrow,"Male, 1. Female, 2.",https://www.audubon.org/sites/default/files/boa_plates/plate-108-fox-coloured-sparrow.jpg,sheet-108.jpg,crop-108.jpg,
109,Savannah Finch,"Male, 1. Female, 2. | 1. Spigelia Marilandiea. 2. Phlox aristata.",https://www.audubon.org/sites/default/files/boa_plates/plate-109-savannah-finch.jpg,sheet-109.jpg,crop-109.jpg,
110,Hooded Warbler,Male 1. Female 2.,https://www.audubon.org/sites/default/files/boa_plates/plate-110-hooded-warbler.jpg,sheet-110.jpg,crop-110.jpg,
111,Pileated Woodpecker,"Adult Male, 1. Adult Female, 2. Young Males, 3, 4. | Racoon Grape. Vitis aestivalis.",https://www.audubon.org/sites/default/files/boa_plates/plate-111-pileated-woodpecker.jpg,sheet-111.jpg,crop-111.jpg,
112,Downy Woodpecker,Male. 1. Female. 2. | Bignonia capreolata.,https://www.audubon.org/sites/default/files/boa_plates/plate-112-downy-woodpecker.jpg,sheet-112.jpg,crop-112.jpg,
113,Blue-bird,"Male 1. Female 2. Young 3. | Great Mullein, Verbascum Thapsus.",https://www.audubon.org/sites/default/files/boa_plates/plate-113-blue-bird.jpg,sheet-113.jpg,crop-113.jpg,
114,White-crowned Sparrow,"Male, 1. Female, 2. | Summer Grape. Vitis Aestivalis.",https://www.audubon.org/sites/default/files/boa_plates/plate-114-white-crowned-sparrow.jpg,sheet-114.jpg,crop-114.jpg,
115,Wood Pewee,Male. | Swamp Honeysuckle. Azalea viscosa.,https://www.audubon.org/sites/default/files/boa_plates/plate-115-wood-pewee.jpg,sheet-115.jpg,crop-115.jpg,
116,Ferruginous Thrush,"Male, 1. Female, 2. | Black-jack Oak. Quercus nigra. | Black Snake.",https://www.audubon.org/sites/default/files/boa_plates/plate-116-ferruginous-thrush.jpg,sheet-116.jpg,crop-116.jpg,
117,Mississippi Kite,"Male, 1. Female, 2.",https://www.audubon.org/sites/default/files/boa_plates/plate-117-mississippi-kite.jpg,sheet-117.jpg,crop-117.jpg,
118,Warbling Flycatcher,"Male, 1. Female, 2. | Swamp Magnolia. Magnolia glauca.",https://www.audubon.org/sites/default/files/boa_plates/plate-118-warbling-flycatcher.jpg,sheet-118.jpg,crop-118.jpg,
119,Yellow-throated Vireo,Male. | Swamp Snow-ball. Hydrangea quercifolia.,https://www.audubon.org/sites/default/files/boa_plates/plate-119-yellow-throated-vireo.jpg,sheet-119.jpg,crop-119.jpg,
120,Pewit Flycatcher,"Male, 1. Female, 2. | Cotton plant. Gossypium.",https://www.audubon.org/sites/default/files/boa_plates/plate-120-pewit-flycatcher.jpg,sheet-120.jpg,crop-120.jpg,
121,Snowy Owl,"Male, 1. Female, 2.",https://www.audubon.org/sites/default/files/boa_plates/plate-121-snowy-owl.jpg,sheet-121.jpg,crop-121.jpg,
122,Blue Grosbeak,"Male, 1. Female, 2. Young, 3. | Dog-wood Cornus florida.",https://www.audubon.org/sites/default/files/boa_plates/plate-122-blue-grosbeak.jpg,sheet-122.jpg,crop-122.jpg,
123,Black & Yellow Warblers,"Male, 1. Female, 2. | Flowering Rasp-berry. Rubus odoratus.",https://www.audubon.org/sites/default/files/boa_plates/plate-123-black-yellow-warblers.jpg,sheet-123.jpg,crop-123.jpg,
124,Green Black-capt Flycatcher,"Male, 1. Female, 2. | Snake's-head. Chelone glabra.",https://www.audubon.org/sites/default/files/boa_plates/plate-124-green-black-capt-flycatcher.jpg,sheet-124.jpg,crop-124.jpg,
125,Brown-headed Nuthatch,"Male, 1. Female, 2.",https://www.audubon.org/sites/default/files/boa_plates/plate-125-brown-headed-nuthatch.jpg,sheet-125.jpg,crop-125.jpg,
126,White-headed Eagle,,https://www.audubon.org/sites/default/files/boa_plates/plate-126-white-headed-eagle.jpg,sheet-126.jpg,crop-126.jpg,
127,Rose-breasted Grosbeak,"Male, 1. Female, 2. Young in autum, 3. Young, 4. | Ground Hemlock, Taxus canadensis.",https://www.audubon.org/sites/default/files/boa_plates/plate-127-rose-breasted-grosbeak.jpg,sheet-127.jpg,crop-127.jpg,
128,Cat Bird,"Male, 1. Female, 2. | Black-berry. Rubus villosus.",https://www.audubon.org/sites/default/files/boa_plates/plate-128-cat-bird.jpg,sheet-128.jpg,crop-128.jpg,
129,Great Crested Flycatcher,Males.,https://www.audubon.org/sites/default/files/boa_plates/plate-129-great-crested-flycatcher.jpg,sheet-129.jpg,crop-129.jpg,
130,Yellow-winged Sparrow,Male. | Phlox subulata.,https://www.audubon.org/sites/default/files/boa_plates/plate-130-yellow-winged-sparrow.jpg,sheet-130.jpg,crop-130.jpg,
131,American Robin,"Male, 1. Female, 2. Young, 3. | Chestnut oak. Quercus Prinus.",https://www.audubon.org/sites/default/files/boa_plates/plate-131-american-robin.jpg,sheet-131.jpg,crop-131.jpg,
132,Three-toed Woodpecker,"Males, 1. Female, 2.",https://www.audubon.org/sites/default/files/boa_plates/plate-132-three-toed-woodpecker.jpg,sheet-132.jpg,crop-132.jpg,
133,Black-poll Warbler,"Males, 1. Female, 2. | Black Gum Tree. Nyssa aquatica.",https://www.audubon.org/sites/default/files/boa_plates/plate-133-black-poll-warbler.jpg,sheet-133.jpg,crop-133.jpg,
134,Hemlock Warbler,,https://www.audubon.org/sites/default/files/boa_plates/plate-134-hemlock-warbler.jpg,sheet-134.jpg,crop-134.jpg,
135,Blackburnian Warbler,Male. | Phlox maculata.,https://www.audubon.org/sites/default/files/boa_plates/plate-135-blackburnian-warbler.jpg,sheet-135.jpg,crop-135.jpg,
136,Meadow Lark,"Males, 1. Females, 2. | Gerardia flava.",https://www.audubon.org/sites/default/files/boa_plates/plate-136-meadow-lark.jpg,sheet-136.jpg,crop-136.jpg,
137,Yellow-breasted Chat,"Males, 1. Female, 2. | Sweet Briar. Rosa rubiginosa.",https://www.audubon.org/sites/default/files/boa_plates/plate-137-yellow-breasted-chat.jpg,sheet-137.jpg,crop-137.jpg,
138,Connecticut Warbler,"Male, 1. Female, 2. | Gentiana saponaria.",https://www.audubon.org/sites/default/files/boa_plates/plate-138-connecticut-warbler.jpg,sheet-138.jpg,crop-138.jpg,
139,Field Sparrow,Male. | Calopogon pulchellum & Vaccinium tenellum.,https://www.audubon.org/sites/default/files/boa_plates/plate-139-field-sparrow.jpg,sheet-139.jpg,crop-139.jpg,
140,Pine Creeping Warbler,"Male, 1. Female, 2. | Yellow Pine.",https://www.audubon.org/sites/default/files/boa_plates/plate-140-pine-creeping-warbler.jpg,sheet-140.jpg,crop-140.jpg,
141,Goshawk and Stanley Hawk,"Goshawk, Adult Male, 1. Young, 2. | Stanley Hawk, Adult, 3.",https://www.audubon.org/sites/default/files/boa_plates/plate-141-goshawk-and-stanley-hawk.jpg,sheet-141.jpg,crop-141.jpg,
142,American Sparrow Hawk,"Male, 1. Female, 2. | Butter-nut or White walnut. Juglans cinerea.",https://www.audubon.org/sites/default/files/boa_plates/plate-142-american-sparrow-hawk.jpg,sheet-142.jpg,crop-142.jpg,
143,Golden-crowned Thrush,Male 1 Female 2 | Woody Nightshade. Solanum Dulcamara.,https://www.audubon.org/sites/default/files/boa_plates/plate-143-golden-crowned-thrush.jpg,sheet-143.jpg,crop-143.jpg,
144,Small Green Crested Flycatcher,"Male, 1. Female, 2. | Sassafras. Laurus Sassafras.",https://www.audubon.org/sites/default/files/boa_plates/plate-144-small-green-crested-flycatcher.jpg,sheet-144.jpg,crop-144.jpg,
145,Yellow Red-poll Warbler,,https://www.audubon.org/sites/default/files/boa_plates/plate-145-yellow-red-poll-warbler.jpg,sheet-145.jpg,crop-145.jpg,
146,Fish Crow,"Male, 1. Female, 2. | Vulgo Honey Locust. Gleditschia triacanthos.",https://www.audubon.org/sites/default/files/boa_plates/plate-146-fish-crow.jpg,sheet-146.jpg,crop-146.jpg,
147,Night Hawk,"Male, 1. Female, 2. | White Oak. Quercus alba.",https://www.audubon.org/sites/default/files/boa_plates/plate-147-night-hawk.jpg,sheet-147.jpg,crop-147.jpg,
148,Pine Swamp Warbler,,https://www.audubon.org/sites/default/files/boa_plates/plate-148-pine-swamp-warbler.jpg,sheet-148.jpg,crop-148.jpg,
149,Sharp-tailed Finch,Male 1. Female 2.,https://www.audubon.org/sites/default/files/boa_plates/plate-149-sharp-tailed-finch.jpg,sheet-149.jpg,crop-149.jpg,
150,Red-eyed Vireo,Male. | Honey-locust Gleditschia triacanthos,https://www.audubon.org/sites/default/files/boa_plates/plate-150-red-eyed-vireo.jpg,sheet-150.jpg,crop-150.jpg,
151,Turkey Buzzard,"Male, 1. Young, 2.",https://www.audubon.org/sites/default/files/boa_plates/plate-151-turkey-buzzard.jpg,sheet-151.jpg,crop-151.jpg,
152,White-breasted Black-capped Nuthatch,"Male, 1. Female, 2.",https://www.audubon.org/sites/default/files/boa_plates/plate-152-white-breasted-black-capped-nuthatch.jpg,sheet-152.jpg,crop-152.jpg,
153,Yellow-crown Warbler,"Male, 1. Young, 2. | Iris versicolor.",https://www.audubon.org/sites/default/files/boa_plates/plate-153-yellow-crown-warbler.jpg,sheet-153.jpg,crop-153.jpg,
154,Tennessee Warbler,Male | Prunus. Sp.,https://www.audubon.org/sites/default/files/boa_plates/plate-154-tennessee-warbler.jpg,sheet-154.jpg,crop-154.jpg,
155,Black-throated Blue Warbler,Male. | Canadian Columbine. Aquilegia canadensis.,https://www.audubon.org/sites/default/files/boa_plates/plate-155-black-throated-blue-warbler.jpg,sheet-155.jpg,crop-155.jpg,
156,American Crow,Male. | Black Walnut. Juglans nigra. | Nest of the Ruby-throated Humming Bird.,https://www.audubon.org/sites/default/files/boa_plates/plate-156-american-crow.jpg,sheet-156.jpg,crop-156.jpg,
157,Rusty Grakle,"Male, 1. Female, 2. Young, 3. | Black Haw.",https://www.audubon.org/sites/default/files/boa_plates/plate-157-rusty-grakle.jpg,sheet-157.jpg,crop-157.jpg,
158,American Swift,"Male, 1. Female, 2. | Nests.",https://www.audubon.org/sites/default/files/boa_plates/plate-158-american-swift.jpg,sheet-158.jpg,crop-158.jpg,
159,Cardinal Grosbeak,"Male, 1. Female, 2. | Wild Almond.",https://www.audubon.org/sites/default/files/boa_plates/plate-159-cardinal-grosbeak.jpg,sheet-159.jpg,crop-159.jpg,
160,Carolina Titmouse,"Male, 1. Female, 2. | Supple-jack.",https://www.audubon.org/sites/default/files/boa_plates/plate-160-carolina-titmouse.jpg,sheet-160.jpg,crop-160.jpg,
161,Brasilian Caracara Eagle,,https://www.audubon.org/sites/default/files/boa_plates/plate-161-brasilian-caracara-eagle.jpg,sheet-161.jpg,crop-161.jpg,
162,Zenaida Dove,Male 1. Female 2. | Anona.,https://www.audubon.org/sites/default/files/boa_plates/plate-162-zenaida-dove.jpg,sheet-162.jpg,crop-162.jpg,
163,Palm Warbler,"Male, 1. Young, 2. | Wild Orange.",https://www.audubon.org/sites/default/files/boa_plates/plate-163-palm-warbler.jpg,sheet-163.jpg,crop-163.jpg,
164,Tawny Thrush,,https://www.audubon.org/sites/default/files/boa_plates/plate-164-tawny-thrush.jpg,sheet-164.jpg,crop-164.jpg,
165,Bachman's Finch,Male. | Pinckneya pubescens.,https://www.audubon.org/sites/default/files/boa_plates/plate-165-bachmans-finch.jpg,sheet-165.jpg,crop-165.jpg,
166,Rough-legged Falcon,Male.,https://www.audubon.org/sites/default/files/boa_plates/plate-166-rough-legged-falcon.jpg,sheet-166.jpg,crop-166.jpg,
167,Key-west Dove,Male 1. Female 2.,https://www.audubon.org/sites/default/files/boa_plates/plate-167-key-west-dove.jpg,sheet-167.jpg,crop-167.jpg,
168,Fork-tailed Flycatcher,Male. | Gordonia Lasianthus.,https://www.audubon.org/sites/default/files/boa_plates/plate-168-fork-tailed-flycatcher.jpg,sheet-168.jpg,crop-168.jpg,
169,Mangrove Cuckoo,Male.,https://www.audubon.org/sites/default/files/boa_plates/plate-169-mangrove-cuckoo.jpg,sheet-169.jpg,crop-169.jpg,
170,Piping Flycatcher,Agati grandiflora.,https://www.audubon.org/sites/default/files/boa_plates/plate-170-piping-flycatcher.jpg,sheet-170.jpg,crop-170.jpg,
171,Barn Owl,"Male, 1. Female, 2. | Ground Squirrel. Sciurus striatus.",https://www.audubon.org/sites/default/files/boa_plates/plate-171-barn-owl.jpg,sheet-171.jpg,crop-171.jpg,
172,Blue-headed Pigeon,Male 1. Female 2.,https://www.audubon.org/sites/default/files/boa_plates/plate-172-blue-headed-pigeon.jpg,sheet-172.jpg,crop-172.jpg,
173,Barn Swallow,"Male, 1. Female, 2.",https://www.audubon.org/sites/default/files/boa_plates/plate-173-barn-swallow.jpg,sheet-173.jpg,crop-173.jpg,
174,Olive sided Flycatcher,"Male, 1. Female, 2. | Pinus Balsamea. Fir Balsam.",https://www.audubon.org/sites/default/files/boa_plates/plate-174-olive-sided-flycatcher.jpg,sheet-174.jpg,crop-174.jpg,
175,Nuttall's lesser-marsh Wren,"Male, 1. Female, 2.",https://www.audubon.org/sites/default/files/boa_plates/plate-175-nuttalls-lesser-marsh-wren.jpg,sheet-175.jpg,crop-175.jpg,
176,Spotted Grouse,"Males, 1. Females, 2. | 3 Trillium pictum, 4 Streptopus distortus.",https://www.audubon.org/sites/default/files/boa_plates/plate-176-spotted-grouse.jpg,sheet-176.jpg,crop-176.jpg,
177,White-crowned Pigeon,"Male, 1. Female, 2. | Cordia Sebestena.",https://www.audubon.org/sites/default/files/boa_plates/plate-177-white-crowned-pigeon.jpg,sheet-177.jpg,crop-177.jpg,
178,Orange-crowned Warbler,"Male, 1. Female, 2. | Vaccinium",https://www.audubon.org/sites/default/files/boa_plates/plate-178-orange-crowned-warbler.jpg,sheet-178.jpg,crop-178.jpg,
179,Wood Wren,,https://www.audubon.org/sites/default/files/boa_plates/plate-179-wood-wren.jpg,sheet-179.jpg,crop-179.jpg,
180,Pine Finch,"Male, 1. Female, 2. | Pinus pendula. Black Larch.",https://www.audubon.org/sites/default/files/boa_plates/plate-180-pine-finch.jpg,sheet-180.jpg,crop-180.jpg,
181,Golden Eagle,Female adult. | Northern Hare.,https://www.audubon.org/sites/default/files/boa_plates/plate-181-golden-eagle.jpg,sheet-181.jpg,crop-181.jpg,
182,Ground Dove,"Males, 1, 2, 3. Female, 4. Young, 5. | Wild Orange.",https://www.audubon.org/sites/default/files/boa_plates/plate-182-ground-dove.jpg,sheet-182.jpg,crop-182.jpg,
183,American Golden crested-Wren,"Male, 1. Female, 2. | Thalia dealbata",https://www.audubon.org/sites/default/files/boa_plates/plate-183-american-golden-crested-wren.jpg,sheet-183.jpg,crop-183.jpg,
184,Mango Hummingbird,,https://www.audubon.org/sites/default/files/boa_plates/plate-184-mango-hummingbird.jpg,sheet-184.jpg,crop-184.jpg,
185,Bachman's Warbler,"Male, 1. Female, 2. | Gordonia pubescens.",https://www.audubon.org/sites/default/files/boa_plates/plate-185-bachmans-warbler.jpg,sheet-185.jpg,crop-185.jpg,
186,Pinnated Grouse,"Males, 1. 2. Female, 3. | Lilium Superbum.",https://www.audubon.org/sites/default/files/boa_plates/plate-186-pinnated-grouse.jpg,sheet-186.jpg,crop-186.jpg,
187,Boat-tailed Grackle,"Male, 1. Female, 2. | Live Oak. Quercus virens.",https://www.audubon.org/sites/default/files/boa_plates/plate-187-boat-tailed-grackle.jpg,sheet-187.jpg,crop-187.jpg,
188,Tree Sparrow,"Male, 1. Female, 2. | Berberis Canadensis.",https://www.audubon.org/sites/default/files/boa_plates/plate-188-tree-sparrow.jpg,sheet-188.jpg,crop-188.jpg,
189,Snow Bunting,"Adult, 1, 2. Young, 3.",https://www.audubon.org/sites/default/files/boa_plates/plate-189-snow-bunting.jpg,sheet-189.jpg,crop-189.jpg,
190,Yellow bellied Woodpecker,"Male, 1. Female, 2. | Prunus caroliniana.",https://www.audubon.org/sites/default/files/boa_plates/plate-190-yellow-bellied-woodpecker.jpg,sheet-190.jpg,crop-190.jpg,
191,"Willow Grouse, or Large Ptarmigan","Male, 1. Female, 2. & Young. | Labrador Tea, 1. Sea pea, 2.",https://www.audubon.org/sites/default/files/boa_plates/plate-191-willow-grouse.jpg,sheet-191.jpg,crop-191.jpg,
192,"Great cinereous Shrike, or Butcher Bird","Male, 1. F. 2. Summer Plumage Do. 3. Young or Winter Do. F. 4. | Crataegus apiifolia.",https://www.audubon.org/sites/default/files/boa_plates/plate-192-great-cinereous-shrike-or-butcher-bird.jpg,sheet-192.jpg,crop-192.jpg,
193,Lincoln Finch,"Male, 1. Female, 2. | 1. Cornus Suissica. 2. Rubus Chamaerus. 3. Kalmia glauca.",https://www.audubon.org/sites/default/files/boa_plates/plate-193-lincoln-finch.jpg,sheet-193.jpg,crop-193.jpg,
194,Canadian Titmouse,"Male, 1. Female, 2. Young, 3.",https://www.audubon.org/sites/default/files/boa_plates/plate-194-canadian-titmouse.jpg,sheet-194.jpg,crop-194.jpg,
195,Ruby crowned Wren,"Male, 1. Female, 2. Summer plumage. | Kalmia Angustifolia.",https://www.audubon.org/sites/default/files/boa_plates/plate-195-ruby-crowned-wren.jpg,sheet-195.jpg,crop-195.jpg,
196,Labrador Falcon,"Male, 1. Female, 2. adult.",https://www.audubon.org/sites/default/files/boa_plates/plate-196-labrador-falcon.jpg,sheet-196.jpg,crop-196.jpg,
197,American Crossbill,"Male adult, 1. Young Male, 2, 3. Female adult, 4. Young Female, 5. | Hemlock.",https://www.audubon.org/sites/default/files/boa_plates/plate-197-american-crossbill.jpg,sheet-197.jpg,crop-197.jpg,
198,Brown headed Worm eating Warbler,Azalea Calendulacea. Orange-coloured Azalea. | Bill hind toe & claw of the present species,https://www.audubon.org/sites/default/files/boa_plates/plate-198-brown-headed-worm-eating-warbler.jpg,sheet-198.jpg,crop-198.jpg,
199,Little Owl,"Male, 1. Female, 2. | Common Mouse.",https://www.audubon.org/sites/default/files/boa_plates/plate-199-little-owl.jpg,sheet-199.jpg,crop-199.jpg,
200,Shore Lark,"Male adult Summer plumage, 1. F. 2. Male Winter plumage, 3. Young, 4. 5. 6.",https://www.audubon.org/sites/default/files/boa_plates/plate-200-shore-lark.jpg,sheet-200.jpg,crop-200.jpg,
201,Canada Goose,"Male, 1. Female, 2.",https://www.audubon.org/sites/default/files/boa_plates/plate-201-canada-goose.jpg,sheet-201.jpg,crop-201.jpg,
202,Red-Throated Diver,"Male adult summer plumage, 1. Do. Winter plumage, 2. Adult Female, 3. Young, 4.",https://www.audubon.org/sites/default/files/boa_plates/plate-202-red-throated-diver.jpg,sheet-202.jpg,crop-202.jpg,
203,Fresh Water Marsh Hen,"Male spring plumage, 1. Young autumnal plumage, 2.",https://www.audubon.org/sites/default/files/boa_plates/plate-203-fresh-water-marsh-hen.jpg,sheet-203.jpg,crop-203.jpg,
204,Salt Water Marsh Hen,1. Male adult spring plumage. 2. Female.,https://www.audubon.org/sites/default/files/boa_plates/plate-204-salt-water-marsh-hen.jpg,sheet-204.jpg,crop-204.jpg,
205,Virginia Rail,"Male, 1. Female, 2. Young autumnal plumage, 3.",https://www.audubon.org/sites/default/files/boa_plates/plate-205-virginia-rail.jpg,sheet-205.jpg,crop-205.jpg,
206,"Summer, or Wood Duck","1, 2. Males. 3, 4. Females. | Platanus occidentalis. - Button Wood Tree.",https://www.audubon.org/sites/default/files/boa_plates/plate-206-summer-or-wood-duck.jpg,sheet-206.jpg,crop-206.jpg,
207,Booby Gannet,,https://www.audubon.org/sites/default/files/boa_plates/plate-207-booby-gannet.jpg,sheet-207.jpg,crop-207.jpg,
208,Esquimaux Curlew,"Male, 1. Female, 2.",https://www.audubon.org/sites/default/files/boa_plates/plate-208-esquimaux-curlew.jpg,sheet-208.jpg,crop-208.jpg,
209,Wilson's Plover,1. Male. 2. Female.,https://www.audubon.org/sites/default/files/boa_plates/plate-209-wilsons-plover.jpg,sheet-209.jpg,crop-209.jpg,
210,Least Bittern,1. Male. 2. Female. 3. Young.,https://www.audubon.org/sites/default/files/boa_plates/plate-210-least-bittern.jpg,sheet-210.jpg,crop-210.jpg,
211,Great blue Heron,Male.,https://www.audubon.org/sites/default/files/boa_plates/plate-211-great-blue-heron.jpg,sheet-211.jpg,crop-211.jpg,
212,Common American Gull,1. Adult. 2. Young.,https://www.audubon.org/sites/default/files/boa_plates/plate-212-common-american-gull.jpg,sheet-212.jpg,crop-212.jpg,
213,Puffin,1. Male. 2. Female.,https://www.audubon.org/sites/default/files/boa_plates/plate-213-puffin.jpg,sheet-213.jpg,crop-213.jpg,
214,Razor Bill,1. Male. 2. Female.,https://www.audubon.org/sites/default/files/boa_plates/plate-214-razor-bill.jpg,sheet-214.jpg,crop-214.jpg,
215,Hyperborean phalarope,1. Male adult spring plumage. 2. Female Do. 3. Young autumnal plumage.,https://www.audubon.org/sites/default/files/boa_plates/plate-215-hyperborean-phalarope.jpg,sheet-215.jpg,crop-215.jpg,
216,Wood Ibiss,,https://www.audubon.org/sites/default/files/boa_plates/plate-216-wood-ibiss.jpg,sheet-216.jpg,crop-216.jpg,
217,Louisiana Heron,Male adult.,https://www.audubon.org/sites/default/files/boa_plates/plate-217-louisiana-heron.jpg,sheet-217.jpg,crop-217.jpg,
218,Foolish Guillemot,1. Adult summer plumage Male. 2. Female.,https://www.audubon.org/sites/default/files/boa_plates/plate-218-foolish-guillemot.jpg,sheet-218.jpg,crop-218.jpg,
219,Black Guillemot,1. Adult summer plumage. 2. Do. Winter plumage. 3. Young.,https://www.audubon.org/sites/default/files/boa_plates/plate-219-black-guillemot.jpg,sheet-219.jpg,crop-219.jpg,
220,Piping Plover,1. Male. 2. Female.,https://www.audubon.org/sites/default/files/boa_plates/plate-220-piping-plover.jpg,sheet-220.jpg,crop-220.jpg,
221,Mallard Duck,1. Males. 2. Females.,https://www.audubon.org/sites/default/files/boa_plates/plate-221-mallard-duck.jpg,sheet-221.jpg,crop-221.jpg,
222,White Ibis,1. Adult. 2. Young in Autumn.,https://www.audubon.org/sites/default/files/boa_plates/plate-222-white-ibis.jpg,sheet-222.jpg,crop-222.jpg,
223,Pied oyster-catcher,,https://www.audubon.org/sites/default/files/boa_plates/plate-223-pied-oyster-catcher.jpg,sheet-223.jpg,crop-223.jpg,
224,Kittiwake Gull,1. Adult. 2. Young.,https://www.audubon.org/sites/default/files/boa_plates/plate-224-kittiwake-gull.jpg,sheet-224.jpg,crop-224.jpg,
225,Kildeer Plover,1. Male. 2. Female.,https://www.audubon.org/sites/default/files/boa_plates/plate-225-kildeer-plover.jpg,sheet-225.jpg,crop-225.jpg,
226,Hooping Crane,Adult Male.,https://www.audubon.org/sites/default/files/boa_plates/plate-226-hooping-crane.jpg,sheet-226.jpg,crop-226.jpg,
227,Pin-tailed Duck,"Male, 1. Female 2.",https://www.audubon.org/sites/default/files/boa_plates/plate-227-pin-tailed-duck.jpg,sheet-227.jpg,crop-227.jpg,
228,Green winged Teal,1. Male. 2. Female.,https://www.audubon.org/sites/default/files/boa_plates/plate-228-green-winged-teal.jpg,sheet-228.jpg,crop-228.jpg,
229,Scaup Duck,1 Male 2 Female,https://www.audubon.org/sites/default/files/boa_plates/plate-229-scaup-duck.jpg,sheet-229.jpg,crop-229.jpg,
230,Sanderling,1. Male. 2. Female.,https://www.audubon.org/sites/default/files/boa_plates/plate-230-sanderling.jpg,sheet-230.jpg,crop-230.jpg,
231,Long-billed Curlew,1. Male. 2. Female. | City of Charleston.,https://www.audubon.org/sites/default/files/boa_plates/plate-231-long-billed-curlew.jpg,sheet-231.jpg,crop-231.jpg,
232,Hooded Merganser,1. Male. 2. Female.,https://www.audubon.org/sites/default/files/boa_plates/plate-232-hooded-merganser.jpg,sheet-232.jpg,crop-232.jpg,
233,"Sora, or Rail",1. Male. 2. Female. 3. Young.,https://www.audubon.org/sites/default/files/boa_plates/plate-233-sora-or-rail.jpg,sheet-233.jpg,crop-233.jpg,
234,Ring-necked Duck,1. Male. 2. Female.,https://www.audubon.org/sites/default/files/boa_plates/plate-234-ring-necked-duck.jpg,sheet-234.jpg,crop-234.jpg,
235,Sooty Tern,,https://www.audubon.org/sites/default/files/boa_plates/plate-235-sooty-tern.jpg,sheet-235.jpg,crop-235.jpg,
236,"Night Heron, or Qua bird",Adult 1. and Young 2.,https://www.audubon.org/sites/default/files/boa_plates/plate-236-night-heron.jpg,sheet-236.jpg,crop-236.jpg,
237,Hudsonian Curlew,,https://www.audubon.org/sites/default/files/boa_plates/plate-237-hudsonian-curlew.jpg,sheet-237.jpg,crop-237.jpg,
238,Great Marbled Godwit,1 Male. 2 Female.,https://www.audubon.org/sites/default/files/boa_plates/plate-238-great-marbled-godwit.jpg,sheet-238.jpg,crop-238.jpg,
239,American Coot,,https://www.audubon.org/sites/default/files/boa_plates/plate-239-american-coot.jpg,sheet-239.jpg,crop-239.jpg,
240,Roseate Tern,,https://www.audubon.org/sites/default/files/boa_plates/plate-240-roseate-tern.jpg,sheet-240.jpg,crop-240.jpg,
241,Black Backed Gull,,https://www.audubon.org/sites/default/files/boa_plates/plate-241-black-backed-gull.jpg,sheet-241.jpg,crop-241.jpg,
242,"Snowy Heron, or White Egret",Male adult Spring plumage. | Rice Plantation South Carolina.,https://www.audubon.org/sites/default/files/boa_plates/plate-242-snowy-heron.jpg,sheet-242.jpg,crop-242.jpg,
243,American Snipe,"Male 1. Female 2, 3. | South Carolina Plantation near Charleston.",https://www.audubon.org/sites/default/files/boa_plates/plate-243-american-snipe.jpg,sheet-243.jpg,crop-243.jpg,
244,Common Gallinule,Male Adult.,https://www.audubon.org/sites/default/files/boa_plates/plate-244-common-gallinule.jpg,sheet-244.jpg,crop-244.jpg,
245,Uria Brunnichi,,https://www.audubon.org/sites/default/files/boa_plates/plate-245-uria-brunnichi.jpg,sheet-245.jpg,crop-245.jpg,
246,Eider Duck,Male 1. Female 2.,https://www.audubon.org/sites/default/files/boa_plates/plate-246-eider-duck.jpg,sheet-246.jpg,crop-246.jpg,
247,Velvet Duck,"Male, 1. Female, 2.",https://www.audubon.org/sites/default/files/boa_plates/plate-247-velvet-duck.jpg,sheet-247.jpg,crop-247.jpg,
248,American Pied-billed,,https://www.audubon.org/sites/default/files/boa_plates/plate-248-american-pied-billed.jpg,sheet-248.jpg,crop-248.jpg,
249,Tufted Auk,"Male, 1. Female, 2.",https://www.audubon.org/sites/default/files/boa_plates/plate-249-tufted-auk.jpg,sheet-249.jpg,crop-249.jpg,
250,Arctic Tern,,https://www.audubon.org/sites/default/files/boa_plates/plate-250-arctic-tern.jpg,sheet-250.jpg,crop-250.jpg,
251,Brown Pelican ,Male Adult.,https://www.audubon.org/sites/default/files/boa_plates/plate-251-brown-pelican.jpg,sheet-251.jpg,crop-251.jpg,
252,Florida Cormorant,,https://www.audubon.org/sites/default/files/boa_plates/plate-252-florida-cormorant.jpg,sheet-252.jpg,crop-252.jpg,
253,Jager,,https://www.audubon.org/sites/default/files/boa_plates/plate-253-jager.jpg,sheet-253.jpg,crop-253.jpg,
254,Wilson's Phalarope,"Male Adult, 1. Female 2.",https://www.audubon.org/sites/default/files/boa_plates/plate-254-wilsons-phalarope.jpg,sheet-254.jpg,crop-254.jpg,
255,Red Phalarope,"Adult Male, 1. Adult Female, 2. Winter Plumage, 3.",https://www.audubon.org/sites/default/files/boa_plates/plate-255-red-phalarope.jpg,sheet-255.jpg,crop-255.jpg,
256,Purple Heron,"Adult full spring plumage, 1. Young two Years old in spring plumage, 2.",https://www.audubon.org/sites/default/files/boa_plates/plate-256-purple-heron.jpg,sheet-256.jpg,crop-256.jpg,
257,Double-crested Cormorant,Male adult spring plumage.,https://www.audubon.org/sites/default/files/boa_plates/plate-257-double-crested-cormorant.jpg,sheet-257.jpg,crop-257.jpg,
258,Hudsonian Godwit,"Male, 1. Young Female, 2. Summer plumage.",https://www.audubon.org/sites/default/files/boa_plates/plate-258-hudsonian-godwit.jpg,sheet-258.jpg,crop-258.jpg,
259,Horned Grebe,Adult Male 1. Female Winter plumage 2.,https://www.audubon.org/sites/default/files/boa_plates/plate-259-horned-grebe.jpg,sheet-259.jpg,crop-259.jpg,
260,Fork-tail Petrel,Male 1. Female 2.,https://www.audubon.org/sites/default/files/boa_plates/plate-260-fork-tail-petrel.jpg,sheet-260.jpg,crop-260.jpg,
261,Hooping Crane,Young. | the Interior of the Floridas with sand Hills in t,https://www.audubon.org/sites/default/files/boa_plates/plate-261-hooping-crane.jpg,sheet-261.jpg,crop-261.jpg,
262,Tropic Bird,Male 1. Female 2.,https://www.audubon.org/sites/default/files/boa_plates/plate-262-tropic-bird.jpg,sheet-262.jpg,crop-262.jpg,
263,Pigmy Curlew,"Adult Male, 1. Young, 2.",https://www.audubon.org/sites/default/files/boa_plates/plate-263-pigmy-curlew.jpg,sheet-263.jpg,crop-263.jpg,
264,Fulmar Petrel,Male adult Summer plumage.,https://www.audubon.org/sites/default/files/boa_plates/plate-264-fulmar-petrel.jpg,sheet-264.jpg,crop-264.jpg,
265,Buff breasted Sandpiper,1. Male. 2. Female.,https://www.audubon.org/sites/default/files/boa_plates/plate-265-buff-breasted-sandpiper.jpg,sheet-265.jpg,crop-265.jpg,
266,Common Cormorant,"Male adult spring plumage, 1. Female, 2. Young, 3.",https://www.audubon.org/sites/default/files/boa_plates/plate-266-common-cormorant.jpg,sheet-266.jpg,crop-266.jpg,
267,Arctic Yager,,https://www.audubon.org/sites/default/files/boa_plates/plate-267-arctic-yager.jpg,sheet-267.jpg,crop-267.jpg,
268,American Woodcock,Male 1. Female 2. Young Autumn. 3.,https://www.audubon.org/sites/default/files/boa_plates/plate-268-american-woodcock.jpg,sheet-268.jpg,crop-268.jpg,
269,Greenshank,View of St. Augustine & Spanish Fort East Fl.,https://www.audubon.org/sites/default/files/boa_plates/plate-269-greenshank.jpg,sheet-269.jpg,crop-269.jpg,
270,Stormy Petrel,Male 1. Female 2.,https://www.audubon.org/sites/default/files/boa_plates/plate-270-stormy-petrel.jpg,sheet-270.jpg,crop-270.jpg,
271,Frigate Pelican,Male Adult.,https://www.audubon.org/sites/default/files/boa_plates/plate-271-frigate-pelican.jpg,sheet-271.jpg,crop-271.jpg,
272,Richardson's Jager,"Male adult, 1. Young in Sepr. 2.",https://www.audubon.org/sites/default/files/boa_plates/plate-272-richardsons-jager.jpg,sheet-272.jpg,crop-272.jpg,
273,Cayenne Tern,Male Adult. Spring plumage.,https://www.audubon.org/sites/default/files/boa_plates/plate-273-cayenne-tern.jpg,sheet-273.jpg,crop-273.jpg,
274,"Semipalmated Snipe, or Willet",Male Adult Spring plumage 1. Female Adult Winter plumage 2.,https://www.audubon.org/sites/default/files/boa_plates/plate-274-semipalmated-snipe.jpg,sheet-274.jpg,crop-274.jpg,
275,Noddy Tern,Male Adult.,https://www.audubon.org/sites/default/files/boa_plates/plate-275-noddy-tern.jpg,sheet-275.jpg,crop-275.jpg,
276,King Duck,"Male, 1. Female, 2.",https://www.audubon.org/sites/default/files/boa_plates/plate-276-king-duck.jpg,sheet-276.jpg,crop-276.jpg,
277,Hutchins's Barnacle Goose,,https://www.audubon.org/sites/default/files/boa_plates/plate-277-hutchinss-barnacle-goose.jpg,sheet-277.jpg,crop-277.jpg,
278,Schinz's Sandpiper,View on the East Coast of Florida.,https://www.audubon.org/sites/default/files/boa_plates/plate-278-schinzs-sandpiper.jpg,sheet-278.jpg,crop-278.jpg,
279,Sandwich Tern,Florida Cray Fish.,https://www.audubon.org/sites/default/files/boa_plates/plate-279-sandwich-tern.jpg,sheet-279.jpg,crop-279.jpg,
280,Black Tern,"Adult, 1. Young in Autumn, 2.",https://www.audubon.org/sites/default/files/boa_plates/plate-280-black-tern.jpg,sheet-280.jpg,crop-280.jpg,
281,Great White Heron,,https://www.audubon.org/sites/default/files/boa_plates/plate-281-great-white-heron.jpg,sheet-281.jpg,crop-281.jpg,
282,White-winged silvery Gull,1. Male summer plumage. 2. Young in Winter.,https://www.audubon.org/sites/default/files/boa_plates/plate-282-white-winged-silvery-gull.jpg,sheet-282.jpg,crop-282.jpg,
283,Wandering Shearwater,Male.,https://www.audubon.org/sites/default/files/boa_plates/plate-283-wandering-shearwater.jpg,sheet-283.jpg,crop-283.jpg,
284,Purple Sandpiper,1. Male Summer plumage. 2. Female Winter. 3. Charadrius Wilsonius.,https://www.audubon.org/sites/default/files/boa_plates/plate-284-purple-sandpiper.jpg,sheet-284.jpg,crop-284.jpg,
285,Fork-tailed Gull,1. Male Summer plumage. 2. Tringa arenaria Male Spring plumage.,https://www.audubon.org/sites/default/files/boa_plates/plate-285-fork-tailed-gull.jpg,sheet-285.jpg,crop-285.jpg,
286,White-fronted Goose,1. Male. 2. Female.,https://www.audubon.org/sites/default/files/boa_plates/plate-286-white-fronted-goose.jpg,sheet-286.jpg,crop-286.jpg,
287,Ivory Gull,1. Adult Male. 2. Young Second Autumn.,https://www.audubon.org/sites/default/files/boa_plates/plate-287-ivory-gull.jpg,sheet-287.jpg,crop-287.jpg,
288,Yellow Shank,Male Summer plumage | View in South Carolina.,https://www.audubon.org/sites/default/files/boa_plates/plate-288-yellow-shank.jpg,sheet-288.jpg,crop-288.jpg,
289,Solitary Sandpiper,1. Male. 2. Female.,https://www.audubon.org/sites/default/files/boa_plates/plate-289-solitary-sandpiper.jpg,sheet-289.jpg,crop-289.jpg,
290,Red backed Sandpiper,1. Summer plumage. 2. Winter plumage.,https://www.audubon.org/sites/default/files/boa_plates/plate-290-red-backed-sandpiper.jpg,sheet-290.jpg,crop-290.jpg,
291,Herring Gull,1. Adult Male Spring plumage. 2. Young in November. | Raccoon Oysters & View of the entrance into St Augustine.,https://www.audubon.org/sites/default/files/boa_plates/plate-291-herring-gull.jpg,sheet-291.jpg,crop-291.jpg,
292,Crested Grebe,"Adult Male spring plumage, 1. Young first Winter.",https://www.audubon.org/sites/default/files/boa_plates/plate-292-crested-grebe.jpg,sheet-292.jpg,crop-292.jpg,
293,Large billed Puffin,1. Male. 2. Female.,https://www.audubon.org/sites/default/files/boa_plates/plate-293-large-billed-puffin.jpg,sheet-293.jpg,crop-293.jpg,
294,Pectoral Sandpiper,1. Male. 2. Female.,https://www.audubon.org/sites/default/files/boa_plates/plate-294-pectoral-sandpiper.jpg,sheet-294.jpg,crop-294.jpg,
295,Manks Shearwater,Male Bird.,https://www.audubon.org/sites/default/files/boa_plates/plate-295-manks-shearwater.jpg,sheet-295.jpg,crop-295.jpg,
296,Barnacle Goose,1. Male. 2. Female.,https://www.audubon.org/sites/default/files/boa_plates/plate-296-barnacle-goose.jpg,sheet-296.jpg,crop-296.jpg,
297,Harlequin Duck,1. Old Male. 2. Female. 3. Young Male third Year.,https://www.audubon.org/sites/default/files/boa_plates/plate-297-harlequin-duck.jpg,sheet-297.jpg,crop-297.jpg,
298,Red-necked Grebe,1. Adult Male spring plumage. 2. Winter plumage.,https://www.audubon.org/sites/default/files/boa_plates/plate-298-red-necked-grebe.jpg,sheet-298.jpg,crop-298.jpg,
299,Dusky Petrel,Male in Spring.,https://www.audubon.org/sites/default/files/boa_plates/plate-299-dusky-petrel.jpg,sheet-299.jpg,crop-299.jpg,
300,Golden Plover,1. Summer plumage. 2. Winter. 3. Variety in March.,https://www.audubon.org/sites/default/files/boa_plates/plate-300-golden-plover.jpg,sheet-300.jpg,crop-300.jpg,
301,Canvas backed Duck,1. 2. Male. 3. Female. | View of Baltimore.,https://www.audubon.org/sites/default/files/boa_plates/plate-301-canvas-backed-duck.jpg,sheet-301.jpg,crop-301.jpg,
302,Dusky Duck,1. Male. 2. Female.,https://www.audubon.org/sites/default/files/boa_plates/plate-302-dusky-duck.jpg,sheet-302.jpg,crop-302.jpg,
303,Bartram Sandpiper,1. Male. 2. Female.,https://www.audubon.org/sites/default/files/boa_plates/plate-303-bartram-sandpiper.jpg,sheet-303.jpg,crop-303.jpg,
304,Turn-stone,1. Summer plumage. 2. Winter.,https://www.audubon.org/sites/default/files/boa_plates/plate-304-turn-stone.jpg,sheet-304.jpg,crop-304.jpg,
305,Purple Gallinule,Adult Male spring plumage.,https://www.audubon.org/sites/default/files/boa_plates/plate-305-purple-gallinule.jpg,sheet-305.jpg,crop-305.jpg,
306,"Great Northern Diver, or Loon","Adult, 1. Young in Winter, 2.",https://www.audubon.org/sites/default/files/boa_plates/plate-306-great-northern-diver-or-loon.jpg,sheet-306.jpg,crop-306.jpg,
307,"Blue Crane, or Heron",1. Adult Male spring plumage. 2. Young second Year. | View near Charlestone S. C.,https://www.audubon.org/sites/default/files/boa_plates/plate-307-blue-crane-or-heron.jpg,sheet-307.jpg,crop-307.jpg,
308,"Tell-tale Godwit, or Snipe",Male 1. F. 2. View in East Florida.,https://www.audubon.org/sites/default/files/boa_plates/plate-308-tell-tale-godwit-or-snipe.jpg,sheet-308.jpg,crop-308.jpg,
309,Great Tern,Male Spring Plumage.,https://www.audubon.org/sites/default/files/boa_plates/plate-309-great-tern.jpg,sheet-309.jpg,crop-309.jpg,
310,Spotted Sandpiper,"1. Adult Male. 2. Female. | View on Bayou Sarah, Louisiana.",https://www.audubon.org/sites/default/files/boa_plates/plate-310-spotted-sandpiper.jpg,sheet-310.jpg,crop-310.jpg,
311,American White Pelican,Male Adult.,https://www.audubon.org/sites/default/files/boa_plates/plate-311-american-white-pelican.jpg,sheet-311.jpg,crop-311.jpg,
312,Long-tailed Duck,"1. Male, Summer plumage. 2. Male Winter. 3. Female Young.",https://www.audubon.org/sites/default/files/boa_plates/plate-312-long-tailed-duck.jpg,sheet-312.jpg,crop-312.jpg,
313,Blue-Winged Teal,"Male, 1. Female, 2.",https://www.audubon.org/sites/default/files/boa_plates/plate-313-blue-winged-teal.jpg,sheet-313.jpg,crop-313.jpg,
314,Black-headed Gull,Adult Male Spring Plumage 1. Young first Autumn 2.,https://www.audubon.org/sites/default/files/boa_plates/plate-314-black-headed-gull.jpg,sheet-314.jpg,crop-314.jpg,
315,Red-breasted Sandpiper,Summer Plumage 1. Winter 2.,https://www.audubon.org/sites/default/files/boa_plates/plate-315-red-breasted-sandpiper.jpg,sheet-315.jpg,crop-315.jpg,
316,Black-bellied Darter,,https://www.audubon.org/sites/default/files/boa_plates/plate-316-black-bellied-darter.jpg,sheet-316.jpg,crop-316.jpg,
317,"Black, or Surf Duck",Male Adult 1. _ Female 2.,https://www.audubon.org/sites/default/files/boa_plates/plate-317-black-or-surf-duck.jpg,sheet-317.jpg,crop-317.jpg,
318,American Avocet,Young in first Winter Plumage 1. | Adult 2.,https://www.audubon.org/sites/default/files/boa_plates/plate-318-american-avocet.jpg,sheet-318.jpg,crop-318.jpg,
319,Lesser Tern,Adult Spring Plumage 1. Young in Sepr. 2.,https://www.audubon.org/sites/default/files/boa_plates/plate-319-lesser-tern.jpg,sheet-319.jpg,crop-319.jpg,
320,Little Sandpiper,Male Adult Summer plumage 1. F. 2.,https://www.audubon.org/sites/default/files/boa_plates/plate-320-little-sandpiper.jpg,sheet-320.jpg,crop-320.jpg,
321,Roseate Spoonbill,Male Adult.,https://www.audubon.org/sites/default/files/boa_plates/plate-321-roseate-spoonbill.jpg,sheet-321.jpg,crop-321.jpg,
322,Red-headed Duck,Male 1. _ Female 2.,https://www.audubon.org/sites/default/files/boa_plates/plate-322-red-headed-duck.jpg,sheet-322.jpg,crop-322.jpg,
323,"Black Skimmer, or Shearwater",Male.,https://www.audubon.org/sites/default/files/boa_plates/plate-323-black-skimmer-or-shearwater.jpg,sheet-323.jpg,crop-323.jpg,
324,Bonapartian Gull,"Male Spring Plumage, 1. Female, 2. | Young first Autumn, 3.",https://www.audubon.org/sites/default/files/boa_plates/plate-324-bonapartian-gull.jpg,sheet-324.jpg,crop-324.jpg,
325,Buffel-headed Duck,Male 1. Female 2.,https://www.audubon.org/sites/default/files/boa_plates/plate-325-buffel-headed-duck.jpg,sheet-325.jpg,crop-325.jpg,
326,Gannet,"Adult Male 1. Young first Winter 2. | Gannet Rock, Gulph of St. Lawrence.",https://www.audubon.org/sites/default/files/boa_plates/plate-326-gannet.jpg,sheet-326.jpg,crop-326.jpg,
327,Shoveller Duck,Male 1. Female 2.,https://www.audubon.org/sites/default/files/boa_plates/plate-327-shoveller-duck.jpg,sheet-327.jpg,crop-327.jpg,
328,Long-legged Avocet,Male.,https://www.audubon.org/sites/default/files/boa_plates/plate-328-long-legged-avocet.jpg,sheet-328.jpg,crop-328.jpg,
329,Yellow-breasted Rail,"Male Adult, Spring.",https://www.audubon.org/sites/default/files/boa_plates/plate-329-yellow-breasted-rail.jpg,sheet-329.jpg,crop-329.jpg,
330,Ring Plover,Adult Male 1. Young in August 2.,https://www.audubon.org/sites/default/files/boa_plates/plate-330-ring-plover.jpg,sheet-330.jpg,crop-330.jpg,
331,Goosander,"Male, 1. Female, 2. | Cohoes Falls. State of New York.",https://www.audubon.org/sites/default/files/boa_plates/plate-331-goosander.jpg,sheet-331.jpg,crop-331.jpg,
332,Pied Duck,"Male Adult, 1. Female, 2.",https://www.audubon.org/sites/default/files/boa_plates/plate-332-pied-duck.jpg,sheet-332.jpg,crop-332.jpg,
333,Green Heron,"Adult Male, 1. Young in September, 2.",https://www.audubon.org/sites/default/files/boa_plates/plate-333-green-heron.jpg,sheet-333.jpg,crop-333.jpg,
334,Black-bellied Plover,"Adult Male, Spring Plumage, 1. Young in Autumn, 2. | Nestling, 3.",https://www.audubon.org/sites/default/files/boa_plates/plate-334-black-bellied-plover.jpg,sheet-334.jpg,crop-334.jpg,
335,Red-breasted Snipe,Spring Plumage 1. Winter 2.,https://www.audubon.org/sites/default/files/boa_plates/plate-335-red-breasted-snipe.jpg,sheet-335.jpg,crop-335.jpg,
336,Yellow-Crowned Heron,"Adult Male Spring Plumage, 1. | Young in October, 2.",https://www.audubon.org/sites/default/files/boa_plates/plate-336-yellow-crowned-heron.jpg,sheet-336.jpg,crop-336.jpg,
337,American Bittern,Male 1. Female 2.,https://www.audubon.org/sites/default/files/boa_plates/plate-337-american-bittern.jpg,sheet-337.jpg,crop-337.jpg,
338,Bemaculated Duck,,https://www.audubon.org/sites/default/files/boa_plates/plate-338-bemaculated-duck.jpg,sheet-338.jpg,crop-338.jpg,
339,Little Auk,Male 1. Female 2.,https://www.audubon.org/sites/default/files/boa_plates/plate-339-little-auk.jpg,sheet-339.jpg,crop-339.jpg,
340,Least Stormy-Petrel,"Male, 1. Female, 2.",https://www.audubon.org/sites/default/files/boa_plates/plate-340-least-stormy-petrel.jpg,sheet-340.jpg,crop-340.jpg,
341,Great Auk,,https://www.audubon.org/sites/default/files/boa_plates/plate-341-great-auk.jpg,sheet-341.jpg,crop-341.jpg,
342,Golden-Eye Duck,"Male, 1. Female, 2.",https://www.audubon.org/sites/default/files/boa_plates/plate-342-golden-eye-duck.jpg,sheet-342.jpg,crop-342.jpg,
343,Ruddy Duck,"Male adult, 1. Female adult, 2. Young Male second spring, 3. Young 1st autumn, 4.",https://www.audubon.org/sites/default/files/boa_plates/plate-343-ruddy-duck.jpg,sheet-343.jpg,crop-343.jpg,
344,Long-legged Sandpiper,Spring plumage. 1. Winter. 2.,https://www.audubon.org/sites/default/files/boa_plates/plate-344-long-legged-sandpiper.jpg,sheet-344.jpg,crop-344.jpg,
345,American Widgeon,"Male, 1. Female, 2.",https://www.audubon.org/sites/default/files/boa_plates/plate-345-american-widgeon.jpg,sheet-345.jpg,crop-345.jpg,
346,Black-Throated Diver,Male 1. Female 2. Young in October. 3.,https://www.audubon.org/sites/default/files/boa_plates/plate-346-black-throated-diver.jpg,sheet-346.jpg,crop-346.jpg,
347,"Smew, or White Nun","Male 1. Female, 2.",https://www.audubon.org/sites/default/files/boa_plates/plate-347-smew-or-white-nun.jpg,sheet-347.jpg,crop-347.jpg,
348,Gadwall Duck,"Male, 1. Female, 2.",https://www.audubon.org/sites/default/files/boa_plates/plate-348-gadwall-duck.jpg,sheet-348.jpg,crop-348.jpg,
349,Least Water-hen,1. Male. 2. Young Adult.,https://www.audubon.org/sites/default/files/boa_plates/plate-349-least-water-hen.jpg,sheet-349.jpg,crop-349.jpg,
350,Rocky Mountain Plover,Adult Female.,https://www.audubon.org/sites/default/files/boa_plates/plate-350-rocky-mountain-plover.jpg,sheet-350.jpg,crop-350.jpg,
351,Great Cinereous Owl,Female Adult.,https://www.audubon.org/sites/default/files/boa_plates/plate-351-great-cinereous-owl.jpg,sheet-351.jpg,crop-351.jpg,
352,Black-Winged Hawk,"Male, 1. Female, 2.",https://www.audubon.org/sites/default/files/boa_plates/plate-352-black-winged-hawk.jpg,sheet-352.jpg,crop-352.jpg,
353,"Chestnut-backed Titmouse, Black-capt Titmouse, and Chestnut-crowned Titmouse","Chesnut-backed Titmouse, 1. Male, 2. Female. | Black-capt Titmouse, 3. Male, 4. Female. | Chesnut-crowned Titmouse, 5. Male, 6. Female. | (and Nest.) | Willow Oak ~ Quercus Phellos. L.",https://www.audubon.org/sites/default/files/boa_plates/plate-353-chesnut-backed-titmouse.jpg,sheet-353.jpg,crop-353.jpg,
354,Louisiana Tanager and Scarlet Tanager,"Louisiana Tanager, 1 & 2. Males Spring Plumage. | Scarlet Tanager, 3. Old Male, Spring Plumage. 4. Old Female Do. Do. | Plant, Laurus Carolinensis.",https://www.audubon.org/sites/default/files/boa_plates/plate-354-louisiana-tanager.jpg,sheet-354.jpg,crop-354.jpg,
355,MacGillivray's Finch,,https://www.audubon.org/sites/default/files/boa_plates/plate-355-macgillivrays-finch.jpg,sheet-355.jpg,crop-355.jpg,
356,Marsh Hawk,,https://www.audubon.org/sites/default/files/boa_plates/plate-356-marsh-hawk.jpg,sheet-356.jpg,crop-356.jpg,
357,American Magpie,Male 1. Female 2.,https://www.audubon.org/sites/default/files/boa_plates/plate-357-american-magpie.jpg,sheet-357.jpg,crop-357.jpg,
358,Pine Grosbeak,"Male Adult, Spring Plumage, 1. Female, 2. Young first Winter, 3.",https://www.audubon.org/sites/default/files/boa_plates/plate-358-pine-grosbeak.jpg,sheet-358.jpg,crop-358.jpg,
359,"Arkansaw Flycatcher, Swallow-Tailed Flycatcher, Says Flycatcher","Arkansaw Flycatcher, 1. Male. 2. Female. | Swallow-Tailed Flycatcher, 3. Male. | Says Flycatcher, 4. Male. 5. Female.",https://www.audubon.org/sites/default/files/boa_plates/plate-359-arkansaw-flycatcher.jpg,sheet-359.jpg,crop-359.jpg,
360,Winter Wren and Rock Wren,"Winter Wren, Male 1. Female 2. Young in Autumn 3. | Rock Wren, Female 4.",https://www.audubon.org/sites/default/files/boa_plates/plate-360-winter-wren.jpg,sheet-360.jpg,crop-360.jpg,
361,"Long-tailed, or Dusky Grous","Male, 1. Female, 2.",https://www.audubon.org/sites/default/files/boa_plates/plate-361-long-tailed-or-dusky-grous.jpg,sheet-361.jpg,crop-361.jpg,
362,"Yellow-Billed Magpie, Stellers Jay, Ultramarine Jay, Clark's Crow","1. Yellow-billed Magpie. | 2. Stellers Jay. | 3. Ultramarine Jay. | 4. 5. Clarks Crow. | Plant, Platanus racemosus. Nuttall. | Acorn of Quercus macrocarpa. Mich.",https://www.audubon.org/sites/default/files/boa_plates/plate-362-yellow-billed-magpie.jpg,sheet-362.jpg,crop-362.jpg,
363,Bohemian Chatterer,Male 1. Female. 2. | Pyrus Americanus Canadian Service Tree,https://www.audubon.org/sites/default/files/boa_plates/plate-363-bohemian-chatterer.jpg,sheet-363.jpg,crop-363.jpg,
364,White-winged Crossbill,"Male adult, 1. 2. Female adult, 3. Young F. 4. | New Foundland alder.",https://www.audubon.org/sites/default/files/boa_plates/plate-364-white-winged-crossbill.jpg,sheet-364.jpg,crop-364.jpg,
365,Lapland Long-spur,"Male Spring Plumage, 1. Male in Winter, 2. Female, 3.",https://www.audubon.org/sites/default/files/boa_plates/plate-365-lapland-long-spur.jpg,sheet-365.jpg,crop-365.jpg,
366,"Iceland, or Jer Falcon",,https://www.audubon.org/sites/default/files/boa_plates/plate-366-iceland-or-jer-falcon.jpg,sheet-366.jpg,crop-366.jpg,
367,Band-tailed Pigeon,1. Male. 2. Female. | Plant Nuttall Cornel. | Cornus Nuttallii. Aud.,https://www.audubon.org/sites/default/files/boa_plates/plate-367-band-tailed-pigeon.jpg,sheet-367.jpg,crop-367.jpg,
368,Rock Grous,"Male in Winter, 1. Female Summer Plumage, 2. Young in August, 3.",https://www.audubon.org/sites/default/files/boa_plates/plate-368-rock-grous.jpg,sheet-368.jpg,crop-368.jpg,
369,Mountain Mocking bird and Varied Thrush,"1. Mountain Mocking bird, Male | 2. 3. Varied Thrush, Male & Female | Plant Misletoe | Viscum Verticillatum.",https://www.audubon.org/sites/default/files/boa_plates/plate-369-mountain-mocking-bird.jpg,sheet-369.jpg,crop-369.jpg,
370,American Water Ouzel,"Male, 1. Female, 2.",https://www.audubon.org/sites/default/files/boa_plates/plate-370-american-water-ouzel.jpg,sheet-370.jpg,crop-370.jpg,
371,Cock of the Plains,Male 1. Female 2.,https://www.audubon.org/sites/default/files/boa_plates/plate-371-cock-plains.jpg,sheet-371.jpg,crop-371.jpg,
372,Common Buzzard,Female. | Marsh Hare. Female. | Lepus Palustris. Bachman.,https://www.audubon.org/sites/default/files/boa_plates/plate-372-common-buzzard.jpg,sheet-372.jpg,crop-372.jpg,
373,Evening Grosbeak and Spotted Grosbeak,"Evening Grosbeak, Old Male 1. | Spotted Grosbeak, Male. 2. 3. Female. 4.",https://www.audubon.org/sites/default/files/boa_plates/plate-373-evening-grosbeak.jpg,sheet-373.jpg,crop-373.jpg,
374,Sharp-shinned Hawk,"Male, 1. Female, 2.",https://www.audubon.org/sites/default/files/boa_plates/plate-374-sharp-shinned-hawk.jpg,sheet-374.jpg,crop-374.jpg,
375,Lesser Red-Poll,"Male 1. Female 2. | Plant, Snow Berry. | Symphoricarpos Racemosus.",https://www.audubon.org/sites/default/files/boa_plates/plate-375-lesser-red-poll.jpg,sheet-375.jpg,crop-375.jpg,
376,Trumpeter Swan,Young.,https://www.audubon.org/sites/default/files/boa_plates/plate-376-trumpeter-swan.jpg,sheet-376.jpg,crop-376.jpg,
377,Scolopaceus Courlan,,https://www.audubon.org/sites/default/files/boa_plates/plate-377-scolopaceus-courlan.jpg,sheet-377.jpg,crop-377.jpg,
378,Hawk Owl,"Male, 1. Female, 2.",https://www.audubon.org/sites/default/files/boa_plates/plate-378-hawk-owl.jpg,sheet-378.jpg,crop-378.jpg,
379,Ruff-necked Humming-bird,1. 2. Males. 3. Female & Nest. | Plant. Cleome heptaphylla.,https://www.audubon.org/sites/default/files/boa_plates/plate-379-ruff-necked-humming-bird.jpg,sheet-379.jpg,crop-379.jpg,
380,Tengmalm's Owl,Male 1. Female 2.,https://www.audubon.org/sites/default/files/boa_plates/plate-380-tengmalms-owl.jpg,sheet-380.jpg,crop-380.jpg,
381,Snow Goose,"Adult Male, 1. Young Female first Winter, 2.",https://www.audubon.org/sites/default/files/boa_plates/plate-381-snow-goose.jpg,sheet-381.jpg,crop-381.jpg,
382,Sharp-tailed Grouse,Male. 1. Female. 2.,https://www.audubon.org/sites/default/files/boa_plates/plate-382-sharp-tailed-grouse.jpg,sheet-382.jpg,crop-382.jpg,
383,Long-eared Owl,Male.,https://www.audubon.org/sites/default/files/boa_plates/plate-383-long-eared-owl.jpg,sheet-383.jpg,crop-383.jpg,
384,Black-Throated Bunting,"Male, 1. Female, 2.",https://www.audubon.org/sites/default/files/boa_plates/plate-384-black-throated-bunting.jpg,sheet-384.jpg,crop-384.jpg,
385,Bank Swallow and Violet-green Swallow,"Bank Swallow, Male, 1. Female, 2. Young, 3. | Violet-Green Swallow, Male, 4. Female, 5.",https://www.audubon.org/sites/default/files/boa_plates/plate-385-bank-swallow.jpg,sheet-385.jpg,crop-385.jpg,
386,White Heron,Male Spring Plumage. | Horned Agama. Tapayaxin of Hernandes.,https://www.audubon.org/sites/default/files/boa_plates/plate-386-white-heron.jpg,sheet-386.jpg,crop-386.jpg,
387,Glossy Ibis,Male Adult.,https://www.audubon.org/sites/default/files/boa_plates/plate-387-glossy-ibis.jpg,sheet-387.jpg,crop-387.jpg,
388,"Nuttall's Starling, Yellow-headed Troopial, Bullock's Oriole","Nuttall's Starling, 1. Adult Male. | Yellow-headed Troopial, 2. Adult Male. 3. Do. Female. 4. head of Young Male. | Bullock's Oriole, 5. Adult Male.",https://www.audubon.org/sites/default/files/boa_plates/plate-388-nuttalls-starling.jpg,sheet-388.jpg,crop-388.jpg,
389,Red-Cockaded Woodpecker,"Males, 1. Female, 2.",https://www.audubon.org/sites/default/files/boa_plates/plate-389-red-cockaded-woodpecker.jpg,sheet-389.jpg,crop-389.jpg,
390,"Lark Finch, Prairie Finch, Brown Song Sparrow","Lark Finch, Male, 1. | Prairie Finch, 2. Male. 3. Female. | Brown Song Sparrow, 4. Male.",https://www.audubon.org/sites/default/files/boa_plates/plate-390-lark-finch.jpg,sheet-390.jpg,crop-390.jpg,
391,Brant Goose,1. Male. 2. Female.,https://www.audubon.org/sites/default/files/boa_plates/plate-391-brant-goose.jpg,sheet-391.jpg,crop-391.jpg,
392,Louisiana Hawk,Adult Female.,https://www.audubon.org/sites/default/files/boa_plates/plate-392-louisiana-hawk.jpg,sheet-392.jpg,crop-392.jpg,
393,"Townsend's Warbler, Arctic Blue-bird, Western Blue-bird","Townsend's Warbler, 1. Male. | Arctic Blue-bird, 2. Male. 3. Female. | Western Blue-bird, 4. Male. 5. Female. | Plant. Carolina Allspice. Calycanthus Floridus.",https://www.audubon.org/sites/default/files/boa_plates/plate-393-townsends-warbler.jpg,sheet-393.jpg,crop-393.jpg,
394,"Chestnut-coloured Finch, Black-headed Siskin, Black crown Bunting, Arctic Ground Finch","Chestnut-coloured Finch, 1. Male, Spring. | Black-headed Siskin, 2. Old Male. | Black crown Bunting, 3. Adult Male. | Arctic Ground-Finch, 4. Male. 5. Female.",https://www.audubon.org/sites/default/files/boa_plates/plate-394-chestnut-coloured-finch.jpg,sheet-394.jpg,crop-394.jpg,
395,"Audubon's Warbler, Hermit Warbler, Black-throated gray Warbler","Audubons Warbler, 1. Male, 2. Female. | Hermit Warbler, 3. Male, 4. Female. | Black-throated gray Warbler, 5 and 6. Males. | Plant, Strawberry Tree. | EUYONIMUS AMERICANA.",https://www.audubon.org/sites/default/files/boa_plates/plate-395-audubons-warbler.jpg,sheet-395.jpg,crop-395.jpg,
396,Burgomaster Gull,1. Adult Male. 2. Young first Autumn.,https://www.audubon.org/sites/default/files/boa_plates/plate-396-burgomaster-gull.jpg,sheet-396.jpg,crop-396.jpg,
397,Scarlet Ibis,1. Adult Male. 2. Young Second Autumn.,https://www.audubon.org/sites/default/files/boa_plates/plate-397-scarlet-ibis.jpg,sheet-397.jpg,crop-397.jpg,
398,"Lazuli Finch, Clay-coloured Finch, Oregon Snow Finch","Lazuli Finch, 1. Male Spring Plumage. | Clay Coloured Finch, 2. Male. | Oregon Snow Finch, 3. Male. 4. Female. | Plant. Liberty Bush. Azalea Nudiflora.",https://www.audubon.org/sites/default/files/boa_plates/plate-398-lazuli-finch.jpg,sheet-398.jpg,crop-398.jpg,
399,"Black-throated green Warbler, Blackburnian and Mourning Warbler","Black-throated green Warbler, 1. Male. 2. Female. | Blackburnian W., 3. Female. | Mourning Warbler, 4. Male. 5. Female.",https://www.audubon.org/sites/default/files/boa_plates/plate-399-black-throated-green-warbler.jpg,sheet-399.jpg,crop-399.jpg,
400,"Arkansaw Siskin, Mealy Red-poll, Louisiana Tanager, Townsend's Bunting, Buff-breasted Finch","Arkansaw Siskin, 1. Male. | Mealy Red-poll, 2. Male. | Louisiana Tanager, 3. Female. | Townsend's Finch, 4. Male. | Buff-breasted Finch, 5. Male.",https://www.audubon.org/sites/default/files/boa_plates/plate-400-arkansaw-siskin.jpg,sheet-400.jpg,crop-400.jpg,
401,Red-breasted Merganser,"Male 1. Female 2. | Plant, Sarracenia flava.",https://www.audubon.org/sites/default/files/boa_plates/plate-401-red-breasted-merganser.jpg,sheet-401.jpg,crop-401.jpg,
402,"Black-throated Guillemot, Nobbed-billed Auk, Curled-crested Auk, Horned-billed Guillemot","Black-throated Guillemot, 1. Adult. 2. Young. | Nobbed-billed Auk, 3. | Curled-Crested Auk, 4. | Horned-billed Guillemot, 5.",https://www.audubon.org/sites/default/files/boa_plates/plate-402-black-throated-guillemot.jpg,sheet-402.jpg,crop-402.jpg,
403,Golden-eye Duck,"Male, Summer Plumage.",https://www.audubon.org/sites/default/files/boa_plates/plate-403-golden-eye-duck.jpg,sheet-403.jpg,crop-403.jpg,
404,Eared Grebe,1. Adult. 2. Young first Winter.,https://www.audubon.org/sites/default/files/boa_plates/plate-404-eared-grebe.jpg,sheet-404.jpg,crop-404.jpg,
405,Semipalmated Sandpiper,,https://www.audubon.org/sites/default/files/boa_plates/plate-405-semipalmated-sandpiper.jpg,sheet-405.jpg,crop-405.jpg,
406,Trumpeter Swan,,https://www.audubon.org/sites/default/files/boa_plates/plate-406-trumpeter-swan.jpg,sheet-406.jpg,crop-406.jpg,
407,Dusky Albatros,,https://www.audubon.org/sites/default/files/boa_plates/plate-407-dusky-albatros.jpg,sheet-407.jpg,crop-407.jpg,
408,American Scoter Duck,"Male, 1. Female 2.",https://www.audubon.org/sites/default/files/boa_plates/plate-408-american-scoter-duck.jpg,sheet-408.jpg,crop-408.jpg,
409,Havell's Tern and Trudeau's Tern,"Havell's Tern, 1. | Trudeau's Tern, 2.",https://www.audubon.org/sites/default/files/boa_plates/plate-409-havells-tern.jpg,sheet-409.jpg,crop-409.jpg,
410,Marsh Tern,Male. Summer Plumage.,https://www.audubon.org/sites/default/files/boa_plates/plate-410-marsh-tern.jpg,sheet-410.jpg,crop-410.jpg,
411,Common American Swan,Nymphea flava - Leitner.,https://www.audubon.org/sites/default/files/boa_plates/plate-411-common-american-swan.jpg,sheet-411.jpg,crop-411.jpg,
412,Violet-green Cormorant and Townsend's Cormorant,"Violet-green Cormorant, Female in Winter. | Townsend's Cormorant, Male.",https://www.audubon.org/sites/default/files/boa_plates/plate-412-violet-green-cormorant.jpg,sheet-412.jpg,crop-412.jpg,
413,California Partridge,"Male, 1. Female, 2.",https://www.audubon.org/sites/default/files/boa_plates/plate-413-california-partridge.jpg,sheet-413.jpg,crop-413.jpg,
414,Golden-winged Warbler and Cape May Warbler,"Golden-winged Warbler, Male, 1. Female, 2. | Cape May Warbler, Male, 3. Female, 4.",https://www.audubon.org/sites/default/files/boa_plates/plate-414-golden-winged-warbler.jpg,sheet-414.jpg,crop-414.jpg,
415,Brown Creeper and Californian Nuthatch,"Brown Creeper, Male 1. Female. 2. | Californian Nuthatch, 3. 4.",https://www.audubon.org/sites/default/files/boa_plates/plate-415-brown-creeper.jpg,sheet-415.jpg,crop-415.jpg,
416,"Hairy Woodpecker, Red-bellied Woodpecker, Red-shafted Woodpecker, Lewis' Woodpecker, Red-breasted Woodpecker","Hairy Woodpecker, 1. Male. 2. Female. | Red-bellied Woodpecker, 3. Male. 4. Female. | Red-shafted Woodpecker, 5. Male. 6. Female. | Lewis' Woodpecker, 7. Male. 8. Female. | Red-breasted Woodpecker, 9. Male. 10. Female.",https://www.audubon.org/sites/default/files/boa_plates/plate-416-hairy-woodpecker.jpg,sheet-416.jpg,crop-416.jpg,
417,"Maria's Woodpecker, Three-toed Woodpecker, Phillips' Woodpecker, Canadian Woodpecker, Harris's Woodpecker, Audubon's Woodpecker",,https://www.audubon.org/sites/default/files/boa_plates/plate-417-marias-woodpecker.jpg,sheet-417.jpg,crop-417.jpg,
418,American Ptarmigan and White-tailed Grous,"American Ptarmigan, 1. Male. Spring Plumage. | White-tailed Grous, 2. Winter Plumage.",https://www.audubon.org/sites/default/files/boa_plates/plate-418-american-ptarmigan.jpg,sheet-418.jpg,crop-418.jpg,
419,"Little Tawny Thrush, Ptiliogony's Townsendi, Canada Jay","Little Tawny Thrush, 1. Male. | Ptiliogony's Townsendi, 2. Female. | Canada Jay, 3. Young Male.",https://www.audubon.org/sites/default/files/boa_plates/plate-419-little-tawny-thrush.jpg,sheet-419.jpg,crop-419.jpg,
420,Prairie Starling,,https://www.audubon.org/sites/default/files/boa_plates/plate-420-prairie-starling.jpg,sheet-420.jpg,crop-420.jpg,
421,Brown Pelican,,https://www.audubon.org/sites/default/files/boa_plates/plate-421-brown-pelican.jpg,sheet-421.jpg,crop-421.jpg,
422,Rough-legged Falcon,,https://www.audubon.org/sites/default/files/boa_plates/plate-422-rough-legged-falcon.jpg,sheet-422.jpg,crop-422.jpg,
423,Plumed Partridge and Thick-legged Partridge,"Plumed-Partridge, 2. Male. 3. Female. | Thick-legged Partridge, 1. Supposed Young Male.",https://www.audubon.org/sites/default/files/boa_plates/plate-423-plumed-partridge.jpg,sheet-423.jpg,crop-423.jpg,
424,"Lazuli Finch, Crimson-necked Bull-Finch, Gray-crowned Linnet, Cow-pen Bird, Evening Grosbeak, Brown Longspur","Lazuli Finch, 1. Female. | Crimson-necked Bull-finch, 2. Male. | Grey-crowned Linnet, 3. Male. | Cow-pen Bird, 4. Young Male. | Evening Grosbeak, 5. Female, 6. Young Male. | Brown Longspur, 7. Female.",https://www.audubon.org/sites/default/files/boa_plates/plate-424-lazuli-finch.jpg,sheet-424.jpg,crop-424.jpg,
425,Columbian Humming Bird,"1. 2. 3. 4. Male. 5. Female and Nest. | Plant, Hibiscus Virginicus.",https://www.audubon.org/sites/default/files/boa_plates/plate-425-columbian-humming-bird.jpg,sheet-425.jpg,crop-425.jpg,
426,Californian Vulture,Old Male.,https://www.audubon.org/sites/default/files/boa_plates/plate-426-californian-vulture.jpg,sheet-426.jpg,crop-426.jpg,
427,"White-legged Oyster-catcher, or Slender-billed Oyster-catcher","White-legged Oyster-catcher, 1. Male. | Slender-billed Oyster-catcher, 2. Female.",https://www.audubon.org/sites/default/files/boa_plates/plate-427-white-legged-oyster-catcher.jpg,sheet-427.jpg,crop-427.jpg,
428,Townsend's Sandpiper,Females.,https://www.audubon.org/sites/default/files/boa_plates/plate-428-townsends-sandpiper.jpg,sheet-428.jpg,crop-428.jpg,
429,Western Duck,,https://www.audubon.org/sites/default/files/boa_plates/plate-429-western-duck.jpg,sheet-429.jpg,crop-429.jpg,
430,Slender-billed Guillemot,1. Male. 2. Female.,https://www.audubon.org/sites/default/files/boa_plates/plate-430-slender-billed-guillemot.jpg,sheet-430.jpg,crop-430.jpg,
431,American Flamingo,Old Male. | 1. Profile view of Bill at its greatest extension. | 2. Superior front view of upper Mandible. | 3. Interior front view of upper Mandible. | 4. Inferior front view of lower Mandible. | 5. Interior front view of lower Mandible with the Tongue in. | 6. Profile view of Tongue. | 7. Superior front view of Tongue. | 8. Inferior front view of Tongue. | 9. Perpendicular front view of the foot fully expanded.,https://www.audubon.org/sites/default/files/boa_plates/plate-431-american-flamingo.jpg,sheet-431.jpg,crop-431.jpg,
432,"Burrowing Owl, Large-headed Burrowing Owl, Little night Owl, Columbian Owl, Short-eared Owl","Burrowing Owl, 1. Male. | Large-headed Burrowing Owl, 2. Male. | Little night Owl, 3. Female. | Columbian Owl, 4. 5. Males. | Short-eared Owl, 6. Male.",https://www.audubon.org/sites/default/files/boa_plates/plate-432-burrowing-owl.jpg,sheet-432.jpg,crop-432.jpg,
433,"Bullock's Oriole, Baltimore Oriole, Mexican Goldfinch, Varied Thrush, Common Water Thrush","Bullock's Oriole, 1. Young Male. 2. Old Female. | Baltimore Oriole, 3. Old Female. | Mexican Goldfinch, 4. Male. 5. Female. | Varied Thrush, 6. Female. | Common Water Thrush, 7. Male.",https://www.audubon.org/sites/default/files/boa_plates/plate-433-bullocks-oriole.jpg,sheet-433.jpg,crop-433.jpg,
434,"Little Tyrant Flycatcher, Small-headed Flycatcher, Blue Mountain Warbler, Bartram's Vireo, Short-legged Pewee, Rocky Mountain Fly-catcher","Small-headed Fly-catcher, Male, 2. | Blue Mountain Warbler, 3. Male. | Bartram's Vireo, 4. Male. | Short-legged Pewee, 5. Male. | Rocky Mountain Flycatcher, 6. Male.",https://www.audubon.org/sites/default/files/boa_plates/plate-434-little-tyrant-flycatcher.jpg,sheet-434.jpg,crop-434.jpg,
435,"Columbian Water Ouzel, or Arctic Water Ouzel",,https://www.audubon.org/sites/default/files/boa_plates/plate-435-columbian-water-ouzel.jpg,sheet-435.jpg,crop-435.jpg,
