volume,plate,ia_id,leaf,orientation,list_latin,caption_latin,caption_read,caption_top,text_leaf_heading,agrees,note
I,1,BirdsAsiaJohnGoIGoul,28,portrait,Otogyps calvus,OTOCYPS CALVUS.,ocr,0.903,"OTOGYPS Black Vultur caluus, Scop. Del. Flor. et Faun. Insub., p. Le Vautour roy",yes,
I,2,BirdsAsiaJohnGoIGoul,32,portrait,Gyps Bengalensis,GYPS BENGALENSIS.,ocr,0.879,"GYPS Bengal Vultur Bengalensis, Gmel. Syst. Nat., tom. i. p. 245, young.—Gray, I",yes,
I,3,BirdsAsiaJohnGoIGoul,36,portrait,Falco Peregrinator,FALCO PEREGRINATOR.,ocr,0.899,"FALCO PEREGRINATOR, Shaheen Falco peregrinator, Sundev. Physiogr. Sellsk. Tidsk.",yes,
I,4,BirdsAsiaJohnGoIGoul,40,portrait,Falco Babylonicus,"FALCO BABYLONICUS, Gurney",ocr,0.912,"FALCO BABYLONICUS, Red-naped Falco babylonicus, Gurney, Sclater and Ivby in Ibis",yes,
I,5,BirdsAsiaJohnGoIGoul,44,portrait,Falco sacer,FALCO SACER.,ocr,0.912,"FALCO Saker Accipiter falco sacer, Briss. Orn., tom. i. p. stellaris, Briss. ib.",yes,
I,6,BirdsAsiaJohnGoIGoul,48,portrait,Falco lamas,FALCO LANARIUS .,ocr (garbled),0.922,"FALCO Lanner Aceipiter lanarius, Briss. Orn., tom. i. p. Falco lanarius, Klein, ",yes,the caption reads Falco lanarius; the List's Latin is Falco lamas
I,7,BirdsAsiaJohnGoIGoul,52,portrait,Falco ducer,FALCO JUCGER: Gray.,ocr,0.902,"FALCO JUGGER, Jugger Jugger Falcon, Lath. Gen. Hist., vol. i. p. Falco Jugger, G",yes,
I,8,BirdsAsiaJohnGoIGoul,56,portrait,Erythropus amurensis,ERYTHROPUS AMURENSIS.,ocr,0.925,"ERYTHROPUS White-winged Red-footed Falco vespertinus, Schrenck, Reis. Amurl. Vég",yes,
I,9,BirdsAsiaJohnGoIGoul,60,portrait,Spilornis rufipectus,"SPILORNIS RUFIPECTUS, Loudd",ocr,0.913,"SPILORNIS RUFIPECTUS, Rufous-breasted Spilorms rufipectus, Gould in Proc. of Zoo",yes,
I,10,BirdsAsiaJohnGoIGoul,64,portrait,Spizaetus alboniger,"SPIZAETUS ALBONIGER, Blyth.",ocr,0.911,"SPIZAETUS ALBONIGER, Nisaétus alboniger, Blyth, Journ. Asiat. Soc. Beng., vol. x",yes,
I,11,BirdsAsiaJohnGoIGoul,68,portrait,Milvus Govinda,"MILVUS GOVINDA, Sykes.",ocr,0.911,"MILVUS GOVINDA, Govinda Milvus Govinda, Sykes in Proc. of Comm. of Sci. and Corr",yes,
I,12,BirdsAsiaJohnGoIGoul,72,portrait,Elanus hypoleucus,"ELANUS HYPOLEUCUS, Gould",ocr,0.908,"ELANUS HYPOLEUCUS, Celebean Elanus hypoleucus, Gould in Proc. of Zool. Soc., par",yes,
I,13,BirdsAsiaJohnGoIGoul,76,portrait,Scops pennatus,SCOPS PENNATA.,ocr (garbled),0.912,"SCOPS Indian Scops Scops pennatus, Hodgs. Journ. Asiat. Soc. Beny., vol. vi. p. ",yes,
I,14,BirdsAsiaJohnGoIGoul,80,portrait,Phodilus badius,PHODILUS BADIUS.,ocr,0.922,"PHODILUS Bay Strix badia, Horsf. Trans. Linn. Soc., vol. xiii. p. 139.—Id. Zool.",yes,
I,15,BirdsAsiaJohnGoIGoul,84,portrait,Athene Brodiei,ATHENE BRODIEI.,ocr,0.917,"ATHENE Brodie’s Noctua Brodiet, Burt. in Proc. of Zool. Soc., part iii., 1835, p",yes,
I,16,BirdsAsiaJohnGoIGoul,88,portrait,Syrnium ocellatum,"SYRNIUM OCELLATUM, Less.",ocr,0.925,"SYRNIUM OCELLATUM, Speckled Syrnium ocellatum, Less. Rev. Zool., 1839, p. 289.—G",yes,
I,17,BirdsAsiaJohnGoIGoul,92,portrait,Strix indica,"STRIX INDICA, Blyth.",ocr,0.912,"STRIX INDICA, Indian Strix flammea, Blyth, Cat. of Birds in Mus. Asiat. Soc. Cal",yes,
I,18,BirdsAsiaJohnGoIGoul,96,portrait,Strix candida,"STRIX CANDIDA, Tickell.",ocr,0.916,"STRIX CANDIDA, Straw candida, Tick. in Journ. Asiat. Soc. Beng., vol. ii. p. 572",yes,
I,19,BirdsAsiaJohnGoIGoul,100,portrait,Caprimulgus Mahrattensis,CAPRIMULGUS MAHRATTENSIS: Sykes,ocr,0.901,"CAPRIMULGUS MAHRATTENSIS, Mahratta Caprimulgus Mahrattensis, Sykes in Proc. of C",yes,
I,20,BirdsAsiaJohnGoIGoul,104,portrait,Cypselus infumatus,"CYPSELUS INFUMATUS, Sclat.",ocr,0.921,"CYPSELUS INFUMATUS, Setat Palm-roof Cypselus nfumatus, Sclat. in Proc. Zool. Soc",yes,
I,21,BirdsAsiaJohnGoIGoul,108,portrait,Dendrochelidon coronatus,DENDROCHELIDON CORONATUS.,ocr,0.908,"DENDROCHELIDON Crested Tree Hirundo coronata, Tick. Journ. Asiat. Soc. Beng., vo",yes,
I,22,BirdsAsiaJohnGoIGoul,112,portrait,Dendrochelidon Klecho,DENDROCHELIDON KLECHO.,ocr,0.911,"DENDROCHELIDON Klecho Tree Hirundo Klecho, Horsf. in Trans. Linn. Soc., vol. xii",yes,
I,23,BirdsAsiaJohnGoIGoul,116,portrait,Dendrochelidon Wallacei,"DENDROCHELIDON WALACEI, Gould.",ocr,0.91,"DENDROCHELIDON WALLACEL, Wallace’s Tree Dendrochelidon Wallacet, Gould in Proc. ",yes,
I,24,BirdsAsiaJohnGoIGoul,120,portrait,Dendrochelidon mystaceus,DENDROCHELIDON MYSTACEUS.,ocr,0.893,"DENDROCHELIDON Bearded Tree Cypselus mystaceus, Less. Voy. de la Coq., Ois., t. ",yes,
I,25,BirdsAsiaJohnGoIGoul,124,portrait,Dendrochelidon comatus,DENDROCHELIDON COMATUS.,ocr,0.919,"DENDROCHELIDON Hooded Tree Cypselus comatus, Temm. Pl. Col. Dendrochehdon comatu",yes,
I,26,BirdsAsiaJohnGoIGoul,128,portrait,Hirundo filifera,"HURUNDO FILFERA, Steph.",ocr,0.925,"HIRUNDO FILIFERA, Wire-tailed Hirundo filifera, Steph. Cont. of Shaw’s Gen. Zool",yes,
I,27,BirdsAsiaJohnGoIGoul,132,portrait,Cecropis rufula,CECROPIS RUFULA.,ocr,0.915,"CECROPIS Western Hirundo rufula, Temm. Man. d’Orn., 2nd edit. tom. iii. p. 298.—",yes,
I,28,BirdsAsiaJohnGoIGoul,136,portrait,Cecropis Daurica,CECROPIS DAURICA.,ocr,0.916,"CECROPIS DAURICA. Daurian Hirundo daurica, Linn. Mant., p. 528.—Id. Syst. Nat., ",yes,
I,29,BirdsAsiaJohnGoIGoul,140,portrait,Cecropis erythropygia,CECROPIS ERYTHROPYGIA .,ocr,0.918,"CECROPIS ERYTHROPYGIA. Indian Fr Hirundo erythropygia, Sykes, Proc. of Comm. of ",yes,
I,30,BirdsAsiaJohnGoIGoul,144,portrait,Cecropis hyperythra,CECROPIS HYPERYTHRA .,ocr,0.909,"CECROPIS Ceylonese Hirundo hyperythra, Layard, Blyth, Journ. Asiat. Soc. Beng., ",yes,
I,31,BirdsAsiaJohnGoIGoul,148,portrait,Delichon Nipalensis,DELICHON NIPALENSIS.,eye,,"DELICHON Nepaul atv Delichon Nipalensis, Hodgs., Moore in Proce. of Zool. Soc., ",yes,
I,32,BirdsAsiaJohnGoIGoul,152,portrait,Hypurolepis domicola,HYPUROLEPIS DOMICOLA .,ocr,0.921,"HYPUROLEPIS Firundo domicola, Jerd. Madr. Journ. of Lit. and Sci., vol. xiii. p.",yes,
I,33,BirdsAsiaJohnGoIGoul,156,portrait,Lagenoplastes fluvicola,LAGENOPLASTES TLUVICOLA.,ocr,0.924,"LAGENOPLASTES FLU Indian Hirundo fluwvicola, Jerd. Birds of Ind., vol. i. p. 161",yes,
I,34,BirdsAsiaJohnGoIGoul,160,portrait,Merops quinticolor,"MEROPS QUINTICOLOR, Vieill.",ocr,0.916,"MEROPS QUINTICOLOR, Pirik Merops quinticolor, Vieill. Nouv. Dict. d’Hist. Nat. a",yes,
I,35,BirdsAsiaJohnGoIGoul,164,portrait,Merops viridis,"MEROPS VIRIDIS, Linn.",ocr,0.901,"MEROPS VIRIDIS, Hurrial Merops viridis, Linn. Syst. Nat., tom. i. p. 182 —Iath. ",yes,
I,36,BirdsAsiaJohnGoIGoul,168,portrait,Merops Philippinus,"MEROPS PHILIPPINUS, Linn.",ocr,0.905,"MEROPS PHILIPPINUS, Philippine Merops Philppinus, Linn. Syst. Nat., tom. i. p. 1",yes,
I,37,BirdsAsiaJohnGoIGoul,172,portrait,Nyctiornis Athertoni,VYCTIORNIS ATHERTONI.,ocr,0.9,"NYCTIORNIS Blue-throated Merops Atherton, Jard. and Selb. Il. Orn., vol. ii. pl.",yes,
I,38,BirdsAsiaJohnGoIGoul,176,portrait,Nyctiornis amictus,NYCTIORNIS AMICTUS.,ocr,0.917,"NYCTIORNIS Red-throated Merops amictus, Temm. Pl. Col. 310.—Less. Traité d’Orn.,",yes,
I,39,BirdsAsiaJohnGoIGoul,180,portrait,Meropogon Forsteni,MEROPOGON FORSTENI.,ocr,0.911,"MEROPOGON Forsten’s Merops Forsteni, Temm. in Mus. Lugd.—Schl. De Dierk., fig. a",yes,
I,40,BirdsAsiaJohnGoIGoul,184,portrait,Actenoides Hombroni,ACTENOIDES HOMBRONI.,ocr,0.904,"ACTENOIDES Hombron’s Actenoides hombroni, Bp. Consp. i. p. 157 (1850).—Reichb. H",yes,
I,41,BirdsAsiaJohnGoIGoul,188,portrait,Actenoides Lindsayi,"ACTENOIDES LINDSAYI,",ocr,0.917,"ACTENOIDES Lindsay’s Dacelo lindsayt, Vigors, P. Z.S. 1831, p. 97.—Eyd. & Soul. ",yes,
I,42,BirdsAsiaJohnGoIGoul,192,portrait,Actenoides concretus,ACTENOIDES CONCRETUS .,ocr,0.916,"ACTENOIDES Sumatran Dacelo concreta, Temm. Pl. Col. 346 (1825).—D’Orb. Dict. d’H",yes,
I,43,BirdsAsiaJohnGoIGoul,196,portrait,Halcyon fusca,HALCYON FUSCA.,ocr,0.927,"HALCYON Indian Martin-pécheur de la céte de Malabar, Buff. Pl. Enl., Alcedo fusc",yes,
I,44,BirdsAsiaJohnGoIGoul,200,portrait,Halcyon gularis,HALCYON GULARIS.,ocr,0.925,"HALCYON Manilla Kingfisher. Grand Martin-pécheur de Madagascar, Buff. P). Enl. A",yes,
I,45,BirdsAsiaJohnGoIGoul,204,portrait,Halcyon atricapillus,HALCYON ATRICAPILLUS.,ocr,0.912,"HALCYON Black-capped Alcedo pileata, Bodd. Tabl. des Pl. Enl. de D’Aubent., p. a",yes,
I,46,BirdsAsiaJohnGoIGoul,208,portrait,Halcyon fulgidus,"HALCYON FULGIDUS, Gould.",ocr,0.929,"HALCYON FULGIDUS, Blue-and-white Haleyon fulgidus, Gould in Proc. of Zool. Soc.,",yes,
I,47,BirdsAsiaJohnGoIGoul,212,portrait,Halcyon omnicolor,HALCYON OMNICOLOR.,ocr,0.926,"HALCYON Many-coloured Alcedo melanoptera, Horsf. in Linn. Trans., vol. xiii. p. ",yes,
I,48,BirdsAsiaJohnGoIGoul,216,portrait,Carcineutes pulchellus,"CARCINEUTES PULCHELLUS, Horsf.",ocr,0.932,"CARCINEUTES PULCHELLUS, Banded Dacelo pulchella, Horsf. Trans. Linn. Soc. xiii. ",yes,
I,49,BirdsAsiaJohnGoIGoul,220,portrait,Carcineutes melanops,CARCINEUTES MELANOPS.,ocr,0.926,"CARCINEUTES Black-faced Halcyon melanops, Bonap, Consp. Gen. Av. i. p. 154 (1850",yes,
I,50,BirdsAsiaJohnGoIGoul,224,portrait,Carcineutes amabilis,"CARCINEUTES AMABILIS, Hume.",ocr,0.925,"CARCINEUTES AMABILIS, Tenasserim Carcineutes amabilis, Hume, Stray Feathers, 187",yes,
I,51,BirdsAsiaJohnGoIGoul,228,portrait,Dacelo Tyro,"DACELO TYRO, G.R. Gray.",ocr,0.911,"DACELO TY RO, G R. Mantled Dacelo tyro, G. R. Gray, Proc. of Zool. Soc., part xx",yes,
I,52,BirdsAsiaJohnGoIGoul,232,portrait,Alcedo grandis,"ALCEDO GRANDIS, Blyth.",ocr,0.922,"ALCEDO GRANDIS, Great Alcedo grandis, Blyth, Journ. of Asiat. Soc. Beng., vol. x",yes,
I,53,BirdsAsiaJohnGoIGoul,236,portrait,Alcedo Bengalensis,"ALCEDO BENCALENSIS, Gme.",ocr,0.919,"ALCEDO BENGALENSIS, Indian Alcedo bengalensis, Gmel. Edit. Linn. Syst. Nat., tom",yes,
I,54,BirdsAsiaJohnGoIGoul,240,portrait,Coracias indica,"CORACIAS INDICA, Linn.",ocr,0.917,"CORACIAS INDICA, Indian Coracias Indica et C. Bengalensis, Linn. Syst. Nat., tom",yes,
I,55,BirdsAsiaJohnGoIGoul,244,portrait,Coracias affinis,"CORACIAS AFFINIS, M. All.",ocr,0.919,"CORACIAS AFFINIS, Burmese Coracias afinis, McClell. in Proc. of Zool. Soc., 1839",yes,
I,56,BirdsAsiaJohnGoIGoul,248,portrait,Coracias Temmincki,CORACIAS TEMMINCKI.,ocr,0.912,"CORACIAS TEMMINCKL, Temminck’s Coracias Temmincki, Wag]. Syst. Av., p. 215.—Gray",yes,
I,57,BirdsAsiaJohnGoIGoul,252,portrait,Eurylaimus Javanicus,"EWRYLAIMYS JAVANICUS , Horsf",ocr,0.91,"EURYLAIMUS JAVANICUS, Javanese Eurylamus Javanecus, Horsf. in Linn. Trans., vol.",yes,
I,58,BirdsAsiaJohnGoIGoul,256,portrait,Eurylaimus ochromelas,"ETRYLAIMUS OCHROMALUS, RF",ocr,0.908,"EURYLAIMUS OCHROMALUS, Hooded. Eurylaimus ochromalus, Raff. Trans. Linn. Soc., v",yes,
I,59,BirdsAsiaJohnGoIGoul,260,portrait,Cymbirhynchus macrorhynchus,CYMBIRHYNCHUS MACRORHYNCHUS .,ocr,0.894,"CYMBIRHYNCHUS Great-billed Todus macrorhynchus, Gmel. Edit. Linn. Syst. Nat., to",yes,
I,60,BirdsAsiaJohnGoIGoul,264,portrait,Cymbirhynchus affinis,"CYMBIRHYNCHUS AFFINIS, Blyth.",ocr,0.905,"CYMBIRHYNCHUS AFFINIS, Allied Cymbirhynchus afinis, Blyth, Journ. Asiat. Soc., v",yes,
I,61,BirdsAsiaJohnGoIGoul,268,portrait,Corydon Sumatranus,CORYDON SUMATRANUS.,ocr,0.926,"CORYDON Great Coracias Sumatranus, Raff. Linn. Trans., vol. xiii. p. Eurylaimus ",yes,
I,62,BirdsAsiaJohnGoIGoul,272,portrait,Serilophus lunatus,"SERILOPHUS LUNATUS, Gould",ocr,0.893,"SERILOPHUS LUNATUS, Lunated Eurylaumus lunatus, Gould in Proc. of Zool. Soc., pa",yes,
I,63,BirdsAsiaJohnGoIGoul,276,portrait,Serilophus rubropygius,SERILOPHUS RUBROPYGUS,ocr,0.903,"SERILOPHUS Red-backed Raya rubropygia, Hodgs. Journ. As. Soc., vol. viii. p. Eur",yes,
I,64,BirdsAsiaJohnGoIGoul,280,portrait,Psarisoinus Dalhousie,PSARISOMUS DALHOUSIE.,ocr,0.905,"PSARISOMUS DALHOUSI Dalhousie’s Eurylaimus Dalhousie, Jameson in Edinb. New Phil",yes,
I,65,BirdsAsiaJohnGoIGoul,284,portrait,Sarcophanops Steerii,"SARCOPHANOPS STEERI, Sharpe.",ocr,0.908,"SARCOPHANOPS STEERII, Steere’s Eurylemus steerti, Sharpe, Nature, August, 1876, ",yes,
I,66,BirdsAsiaJohnGoIGoul,288,portrait,Upupa nigripennis,"UPUPA NIGRIPENNIS, Gould:",ocr,0.946,"UPUPA NIGRIPENNIS, Indian Upupa minor, Sykes, Proc. Zool. Soc. 1832, p. 97 (nec ",yes,
I,67,BirdsAsiaJohnGoIGoul,292,portrait,Harpactes Duvauceli,HARPACTES DUVAUCELI.,ocr,0.919,"HARPACTES Duvaucel’s Trogon Duvauceli, Temm. Pl. Col. 291.—Gould, Mon. of Trogon",yes,
I,68,BirdsAsiaJohnGoIGoul,296,portrait,Harpactes rutilus,HARPACTES RUTILUS.,ocr,0.915,"HARPACTES Malacca Harpactes rutilus, Gould, Mon. of Trogons, 2nd edit.",yes,
I,69,BirdsAsiaJohnGoIGoul,300,portrait,Harpactes Hodgsoni,"HARPACTES HODGSONI, Gould.",ocr,0.927,"HARPACTES HODGSONI, Hodgson’s Trogon Hodgsonit, Gould, Mon. Trog., pl. Harpactes",yes,
I,70,BirdsAsiaJohnGoIGoul,304,portrait,Harpactes Diardi,HARPACTES DIARDI.,ocr,0.924,"HARPACTES Diard’s Trogon Diardw, Temm. Pl. Col. 541.—Gould, Mon. Trog., pl. Harp",yes,
I,71,BirdsAsiaJohnGoIGoul,308,portrait,Harpactes Oreskios,HARPACTES ORESKIOS.,ocr,0.926,"HARPACTES Mountain Trogon oreskios, Temm. Pl. Col. 181.—Id. Gen. Courouc., sp. 8",yes,
I,72,BirdsAsiaJohnGoIGoul,312,portrait,Harpactes Reinwardti,HARPACTES REINWARDTI.,ocr,0.926,"HARPACTES Reinwardt’s Trogon Reinwardti, Temm. Pl. Col. 124.—Id. Gen. Courouc., ",yes,
I,73,BirdsAsiaJohnGoIGoul,316,portrait,Harpactes Mackloti,HARPACTES MACKLOTI.,ocr,0.928,"SS ————a ——————— HARPACTES Macklot’s Trogon Macklot., Mill. Tijdschr. Nat. Gesch",yes,
I,74,BirdsAsiaJohnGoIGoul,320,portrait,Harpactes Kasumba,"HARPACTES KASUMBA,",ocr,0.897,"ee ae a HARPACTES Kasumba Trogon Kasumba, Raffi. in Linn. Trans. vol. xiii. p. f",yes,
I,75,BirdsAsiaJohnGoIGoul,324,portrait,Harpactes fasciatus,HARPACTES FASCIATUS.,ocr,0.918,"HARPACTES Fasciated Trogon fasciatus, Gmel. Edit. Linn. Syst. Nat. tom. i. par. ",yes,
I,76,BirdsAsiaJohnGoIGoul,328,portrait,Harpactes ardens,HARPACTES ARDENS.,ocr,0.924,"HARPACTES Rosy-breasted Trogon ardens, Temm. Pl. Col. 404.—Gould, Mon. of Trog.,",yes,
II,1,BirdsAsiaJohnGoIIGoul,12,portrait,Cochoa viridis,COCHOA VIRIDIS: Hodgs:,ocr,0.91,"COCHOA VIRIDIS, Green Cochoa viridis, Hodgs. in Journ. Asiat. Soc. Beng., vol. v",yes,
II,2,BirdsAsiaJohnGoIIGoul,16,portrait,Cochoa purpurea,COCHOA PURPUREA: Hodgs:,ocr,0.898,"COCHOA PURPUREA, Purple",yes,
II,3,BirdsAsiaJohnGoIIGoul,20,portrait,Pericrocotus griseogularis,"PERICROCOTUS GRISEIGULARIS, Gould.",ocr,0.911,"PERICROCOTUS GRISEOGULARIS, Grey-throated Pericrocotus griseogularis, Gould in P",yes,
II,4,BirdsAsiaJohnGoIIGoul,24,portrait,Pericrocotus cantonensis,PERICOCOTIS CANTONENSIS. Swinh.,ocr,0.901,"PERICROCOTUS CANTONENSIS, Canton Pericrocotus cantonensis, Swinhoe, Ibis, 1861, ",yes,
II,5,BirdsAsiaJohnGoIIGoul,28,portrait,Pericrocotus solaris,PERICROCOTUS SOLARIS:Blyh.,ocr,0.901,"PERICROCOTUS SOLARIS, Yellow-throated Pericrocotus solaris, Blyth, Journ. Asiat.",yes,
II,6,BirdsAsiaJohnGoIIGoul,32,portrait,Pericrocotus erythropygius,PERICROCOTUS ERYTHROPYGIUS.,ocr,0.912,"PERICROCOTUS Cawnpore Turdus speciosus, var. B. Lath. Gen. Hist., vol. v. p. Caw",yes,
II,7,BirdsAsiaJohnGoIIGoul,36,portrait,Pericrocotus speciosus,"PERICROCOTUS SPECIOSUS,",ocr,0.908,"PERICROCOTUS Great Turdus speciosus, Lath. Ind. Orn., vol. i. p. Pericrocotus sp",yes,
II,8,BirdsAsiaJohnGoIIGoul,40,portrait,Pericrocotus flammeus,PERICROCOTUS FLAMMEUS.,ocr,0.913,"PERICROCOTUS Orange Muscicapa flammea, Forst. Zool. Ind., p. 25. pl. 15.—Gmel. E",yes,
II,9,BirdsAsiaJohnGoIIGoul,44,portrait,Pericrocotus peregrinus,PERICROCOTUS PEREGRINIS.,ocr,0.902,"Se SS Wo I 8 PERICROCOTUS Little Parus peregrinus, Linn. Syst. Nat., tom. i. p. ",yes,
II,10,BirdsAsiaJohnGoIIGoul,48,portrait,Pericrocotus roseus,PERICROCOTUS ROSEUS.,ocr,0.916,"PERICROCOTUS Rosy Muscicapa rosea, Vieill. 2nde édit. du Nouv. Dict. d’Hist. Nat",yes,
II,11,BirdsAsiaJohnGoIIGoul,52,portrait,Pericrocotus cinereus,"PERICROCOTUS CINEREUS, Lafr",ocr,0.905,"PERICROCOTUS CINEREUS, Grey",yes,
II,12,BirdsAsiaJohnGoIIGoul,56,portrait,Hylopterpe philippinensis,"HYLOTERPE PHGIPPINENSIS, Walder",ocr,0.918,"HYLOTERPE PHILIPPINENSIS, Philippine-Islands Hyloterpe philippinensis, Wald. Ann",yes,
II,13,BirdsAsiaJohnGoIIGoul,60,portrait,Pteruthius eralatus,"PTERUTHTUS ÆRALATUS, Tickell.",ocr,0.873,"PTERUTHIUS ARALATUS, Grey-breasted Pteruthius eralatus, Tickell, J.A.S. B. 1855,",yes,
II,14,BirdsAsiaJohnGoIIGoul,64,portrait,Pteruthius erythropterus,PTERTTHIUS ERYTHROPTERIS.,ocr,0.92,"—— PTERUTHIUS Himalayan Lanius erythropterus, Vigors in Proc. of Comm. of Sci. a",yes,
II,15,BirdsAsiaJohnGoIIGoul,68,portrait,Pteruthius rufiventer,"PTERUTHUS RUFIVENTER, Blyth.",ocr,0.902,"PTERUTHIUS RUFIVENTER, Rufous-bellied",yes,
II,16,BirdsAsiaJohnGoIIGoul,72,portrait,Allotrius melanotis,ALLOTRIUS MELANOTIS.,ocr,0.901,"ALLOTRIUS Black-eared Pieruthius melanotis, Blyth, Journ. Asiat. Soc. Beng. vol.",yes,
II,17,BirdsAsiaJohnGoIIGoul,76,portrait,Allotrius xanthochloris,ALLOTRIUS XANTHOCHLORIS.,ocr,0.899,ALLOTRIUS,yes,
II,18,BirdsAsiaJohnGoIIGoul,80,portrait,Muscipeta Paradisi,MUSCIPETA PARADISI.,ocr,0.917,"MUSCIPETA Paradise Muscicapa paradist, Linn. Syst. Nat., tom. i. p. 324.—Ib. Gme",yes,
II,19,BirdsAsiaJohnGoIIGoul,84,portrait,Muscipeta Incei,"MUSCIPETA INCEI, Gould.",ocr,0.916,"MUSCIPETA INCEI, Ince’s Paradise Muscipeta Incei, Gould in Proc. of Zool. Soc.,",yes,
II,20,BirdsAsiaJohnGoIIGoul,88,portrait,Niltava grandis,VILTAVA GRANDIS.,ocr,0.917,"NILTAVA Grand Chaitaris grandis, Blyth, Journ. Asiat. Soc. Beng., vol. xi. p. Mi",yes,
II,21,BirdsAsiaJohnGoIIGoul,92,portrait,Niltava Sundara,VILTAVA SUNDARA: Hodgs,ocr,0.927,"NILTAVA SUNDARA, Sundara Niltava Sundara, Hodgs. Ind. Rev. 1837, p. 650.—Gray an",yes,
II,22,BirdsAsiaJohnGoIIGoul,96,portrait,Niltava MacGregoriae,VILTAVA MACCREGORLE.,ocr (garbled),0.905,"NILTAVA MacGregor’s Phemcura MacGregoria, Burt. in Proc. Zool. Soc., Part III. p",yes,
II,23,BirdsAsiaJohnGoIIGoul,100,portrait,Nectarinia Osea,NECTARINIA OSEA. Bonap.,ocr,0.926,"NECTARINIA OSEA, Jericho Cynnyris Osea, Bonap. Compt. Rend. de l’Acad. Sci., tom",yes,
II,24,BirdsAsiaJohnGoIIGoul,104,portrait,Nectarinia Zelonica,NECTARINIA ZEYLONICA .,ocr,0.921,"NECTARINIA Ceylonese Certhia zeylonica, Linn. Syst. Nat., tom. i. p. 188.—Id. Gm",yes,
II,25,BirdsAsiaJohnGoIIGoul,108,portrait,Nectarinia insignis,NECTARINIA INSIGNIS. Gould.,ocr,0.915,"NECTARINIA INSIGNIS, Penang Nectarima insignis, Gould in Proc. of Zool. Soc. 186",yes,
II,26,BirdsAsiaJohnGoIIGoul,112,portrait,Nectarinia Gouldiae,NECTARINIA GOULDIA .,ocr,0.92,"NECTARINIA Mrs. Gould’s Cimyris Gouldie, Vig. in Proc. of Comm. of Sci. and Corr",yes,
II,27,BirdsAsiaJohnGoIIGoul,116,portrait,Nectarinia saturata,NECTARINIA SATURATA.,ocr,0.913,"NECTARINIA Black-breasted Cinnyris saturata, Hodgs. Ind. Rev. 1837, p. 273.—Id. ",yes,
II,28,BirdsAsiaJohnGoIIGoul,120,portrait,Nectarinia ignicauda,VECTARIVIA IGNICAUDA.,ocr,0.911,"NECTARINIA Fiery-tailed Cinnyris ignicauda, Hodgs. Ind. Rev. 1837, p. 273.—Blyth",yes,
II,29,BirdsAsiaJohnGoIIGoul,124,portrait,Nectarinia Goalpariensis,NECTARIVIA COALPARIENSIS.,ocr,0.885,"NECTARINIA Goulpourah Goulpourah Creeper, Lath. Gen. Hist., vol. iv. p..221. pl.",yes,
II,30,BirdsAsiaJohnGoIIGoul,128,portrait,Nectarinia Vigorsii,VECTARINIA VICORSH: Sykes.,ocr (garbled),0.911,"NECTARINIA Vigors’ Cinnyris Vigorsit, Sykes in Proc. of Comm. Sci. of Zool. Soc.",yes,
II,31,BirdsAsiaJohnGoIIGoul,132,portrait,Nectarinia Nipalensis,NECTARINIA NIPALENSIS.,ocr,0.911,"NECTARINIA Nepaulese Cinnyris Nipalensis, Hodgs. Ind. Rev. 1837, p. Horsfieldi, ",yes,
II,32,BirdsAsiaJohnGoIIGoul,136,portrait,Nectarinia Asiatica,NECTARINIA ASIATICA.,ocr,0.905,"NECTARINIA Asiatic Certhia asiatica, Lath. Ind. Orn. vol. i. p. 288.—Ib. Gen. Hi",yes,
II,33,BirdsAsiaJohnGoIIGoul,140,portrait,Nectarinia Lotenia,"NECTARINIA LOTENIA,",ocr,0.913,"NECTARINIA Loten’s Certhia lotenia, Linn. Syst. Nat. tom. i. p. 188.—Ib. Gmel. E",yes,
II,34,BirdsAsiaJohnGoIIGoul,144,portrait,Zosterops simplex,"ZOSTEROPS SIMPLEX, Swinh.",eye,,"ZOSTEROPS SIMPLEX, Plain Zosterops japonica, Swinh. in Ibis, 1861, p. 35 (nec Te",yes,
II,35,BirdsAsiaJohnGoIIGoul,148,portrait,Zosterops erythropleura,"ZOSTEROPS ERYTHROPLEURUS, Swinh.",ocr,0.918,"ZOSTEROPS ERYTHROPLEURA, Chestnut-sided Zosterops chloronotus, Schrenck, Vog. de",yes,
II,36,BirdsAsiaJohnGoIIGoul,152,portrait,Diceum retrocinctum,"DICÆUM RETROCINCTUM, Gould.",ocr,0.919,"DICASUM RETROCINCTUM, Red-collared",yes,
II,37,BirdsAsiaJohnGoIIGoul,156,portrait,Diceum dorsale,"DICÆUM DORSALE, Sharpe.",ocr,0.915,"DICAUM DORSALE, Yellow-throated Diceum dorsale, Sharpe, ‘ Nature,’ August, 1876,",yes,
II,38,BirdsAsiaJohnGoIIGoul,160,portrait,Diceum cruentum,DICÆUM CRUENTATUM.,ocr (garbled),0.905,"DICAZUM Red-backed Certhia cruentata, Linn. Syst. Nat. Gmel. Edit. tom. i. p. Be",yes,
II,39,BirdsAsiaJohnGoIIGoul,164,portrait,Diceum Pryeri,"DICÆUM PRYERI, Sharpe.",ocr,0.912,"DICAUM PRYERI,",yes,
II,40,BirdsAsiaJohnGoIIGoul,168,portrait,Myzanthe ignipectus,"MYZANTHE IGNIPECTUS, Hodgs.",ocr,0.903,"MYZANTHE IGNIPECTUS, Fire-breasted",yes,
II,41,BirdsAsiaJohnGoIIGoul,172,portrait,Prionochilus vincens,"PRIONOCHILUS VINCENS, Sclater:",ocr,0.926,"PRIONOCHILUS VINCENS, Legge’s Prionochilus vincens, Sclater, P. Z. S. 1872, p. 7",yes,
II,42,BirdsAsiaJohnGoIIGoul,176,portrait,Sitta nagaensis,"SITTA NAGAENSIS, Goduin-Austen.",ocr,0.924,"SITTA NAGAENSIS , Naga Sitta nagaensis, Godwin- Austen, P. Z.S., 1874, p.",yes,
II,43,BirdsAsiaJohnGoIIGoul,180,portrait,Sitta formosa,SITTA FORMOSA: Blyt.,ocr,0.91,"SITTA FORMOSA, Beautiful Sitta formosa, Blyth in Journ. Asiat. Soc. Beng., vol. ",yes,
II,44,BirdsAsiaJohnGoIIGoul,184,portrait,Sitta cinnamomeoventris,SITTA CINNAMOVENTRIS: Blyth.,ocr,0.909,"SITTA CINNAMOVENTRIS, Cinnamon-bellied Sitta cinnamoventris, Blyth, Journ. of As",yes,
II,45,BirdsAsiaJohnGoIIGoul,188,portrait,Sitta castaneoventris,SITTA CASTANEOVENTRIS: Frankl:,ocr,0.903,"SITTA CASTANEOVENTRIS, Chestnut-bellied Ferruginous-belhed Nuthatch, Lath. Gen. ",yes,
II,46,BirdsAsiaJohnGoIIGoul,192,portrait,Sitta leucopsis,SITTA LEUCOPSIS:Gould.,ocr,0.897,"SITTA LEUCOPSIS,",yes,
II,47,BirdsAsiaJohnGoIIGoul,196,portrait,Sitta Himalayensis,SITTA HIMALAYENSIS: Jard: & Selby.,ocr,0.897,"SITTA HIMALAYENSIS, Jard. and Himalayan",yes,
II,48,BirdsAsiaJohnGoIIGoul,200,portrait,Parus venustulus,"PARUS VENUSTULUS, Swinh.",ocr,0.916,"PARUS VENUSTULUS, White-naped Parus venustulus, Swinh. in Proce. of Zool. Soc., ",yes,
II,49,BirdsAsiaJohnGoIIGoul,204,portrait,Parus castaneoventris,"PARUS CASTANEOVENTRIS, Could.",ocr,0.926,"PARUS CASTANEOVENTRIS, Chestnut-bellied",yes,
II,50,BirdsAsiaJohnGoIIGoul,208,portrait,Parus elegans,"PARUS ELEGANS, Lesson",ocr,0.897,"PARUS ELEGANS, Klegant Parus elegans, Lesson, Traité d’Orn. p. 456 (1831).—Puche",yes,
II,51,BirdsAsiaJohnGoIIGoul,212,portrait,Melanochlora Sultanea,MELANOCELORA SULTANEA.,ocr,0.915,"MELANOCHLORA Sultan Parus sultaneus, Hodgs. Ind. Rev., 1836, p. 31.—Gray, Zool. ",yes,
II,52,BirdsAsiaJohnGoIIGoul,216,portrait,Parus xanthogenys,"PARTS XANTHOGENYS, Vig.",ocr,0.923,"PARUS XANTHOGENYS, Yellow-cheeked Parus xanthogenys, Vigors in Proc. of Comm. of",yes,
II,53,BirdsAsiaJohnGoIIGoul,220,portrait,Parus Spilonotus,"PARUS SPILONOTUS, Blyth.",ocr,0.917,"PARUS SPILONOTUS, Spotted Tit. Parus spilonotus, Blyth, Cat. of Birds in Mus. As",yes,
II,54,BirdsAsiaJohnGoIIGoul,224,portrait,Parus Jerdoni,"PARUS JERDONI, Blyth",ocr,0.924,"PARUS JERDONIL, Jerdon’s Parus Jerdom, Blyth, Journ. Asiat. Soc. Beng., vol. xxv",yes,
II,55,BirdsAsiaJohnGoIIGoul,228,portrait,Parus cinereus,"PARTS CINEREUS, Viill.",ocr,0.925,"PARUS CINERBUS, Ash-coloured La Mésange grise a joue blanche, Le Vaill. Ois. d’A",yes,
II,56,BirdsAsiaJohnGoIIGoul,232,portrait,Parus minor,"PARUS MINOR, Temm & Schleg.",ocr,0.931,"PARUS MINO R, Temm. et Chinese",yes,
II,57,BirdsAsiaJohnGoIIGoul,236,portrait,Parus monticolus,"PARUS MONTICOLUS, Vig.",ocr,0.902,"PARUS MONTICOLUS, Mountain Parus monticolus, Vig. in Proc. of Comm. of Sci. and ",yes,
II,58,BirdsAsiaJohnGoIIGoul,240,portrait,Parus dichrous,"PARUS DICROUS, Hodgs.",ocr,0.917,"PARUS DICHROUS, Grey Parus dichrous, Hodgs. in Gray’s Zool. Misc. 1844, p. 83.—I",yes,
II,59,BirdsAsiaJohnGoIIGoul,244,portrait,Parus rubidiventris,"PARUS RUBIDIVENTRIS, Blyth",ocr,0.922,"PARUS RUBIDIVENTRIS, Rufous-bellied Parus rubidiventris, Blyth, Journ. Asiat. So",yes,
II,60,BirdsAsiaJohnGoIIGoul,248,portrait,Parus rufonuchalis,"PARUS RUFONUCHALIS, Blyth.",ocr,0.922,"PARUS RUFONUCHALIS,",yes,
II,61,BirdsAsiaJohnGoIIGoul,252,portrait,Parus melanolophus,"PARUS MELANOLOPHUS, Vigors.",ocr,0.921,"PARUS MELANOLOPHUS, Black-crested Parus melanolophus, Vig. in Proc. of Comm. of ",yes,
II,62,BirdsAsiaJohnGoIIGoul,256,portrait,Leptopoecile Sophiae,"LEPТОPECIE SOPHA, Cab.",ocr (garbled),0.904,"LEPTOPQCILE SOPHIA, Yarkand Leptopecile sophie, Severtz., Turkest. Jevotn. pp. 6",yes,
II,63,BirdsAsiaJohnGoIIGoul,260,portrait,Psaltria exilis,"PSAITRIA EXIIS, Temm.",ocr,0.881,"PSALTRIA EXILIS, Exile Psaltria exils, Temm. Pl. Col. 600. fig.",yes,
II,64,BirdsAsiaJohnGoIIGoul,264,portrait,Psaltria erythrocephala,PSALTRIA ERYTHROCEPHALA.,ocr,0.889,"PSALTRIA Red-headed Parus erythrocephalus, Vigors in Proc. of Comm. of Sci. and ",yes,
II,65,BirdsAsiaJohnGoIIGoul,268,portrait,Psaltria concinna,"PSALTRIA CONCINNA, Gould.",ocr,0.887,"PSALTRIA CONCINNA, Elegant Tit.",yes,
II,66,BirdsAsiaJohnGoIIGoul,272,portrait,Psaltria leucogenys,PSALTRIA? LEUCOGENYS.,ocr,0.917,"PSALTRIA? Afghan Parus leucogenys, Moore in Proc. of Zool. Soc. 1854, p. Orites ",yes,
II,67,BirdsAsiaJohnGoIIGoul,276,portrait,Acanthiparus niveogularis,"ACANTHIPARUS NIVEOGULARIS, Gould",ocr,0.899,"SS Roe YES We > ACANTHIPARUS NIVEOGULARIS, White-throated Parus mveogularis, Gou",yes,
II,68,BirdsAsiaJohnGoIIGoul,280,portrait,Acanthiparus Jouschistos,ACANTHIPARUS ? JOUSCHISTOS.,ocr,0.898,"ACANTHIPARUS? Chestnut-breasted Parus Jouschistos, Hodgs. Gray's Zool. Misc. (18",yes,
II,69,BirdsAsiaJohnGoIIGoul,284,portrait,Mecistura glaucogularis,"MECISTURA GHAUCUGULARIS, Gould",ocr,0.893,"MECISTURA GLAUCOGULARIS, Silvery-throated Parus glaucogularis, Gould MS., Moore ",yes,
II,70,BirdsAsiaJohnGoIIGoul,288,portrait,Aigithalus consobrinus,"ÆEGITHALUS CONSOBRINUS, Swirh.",ocr,0.915,"AGITHALUS CONSOBRINUS, Chinese Penduline Aigithalus pendulinus, Radde, Reis. Sib",yes,
II,71,BirdsAsiaJohnGoIIGoul,292,portrait,Aigithalus flammiceps,"ÆGITHALUS FLAMMICEPS, Burton.",ocr,0.912,"MGITHALUS FLAMMICEPS, Flame-fronted Higithalus flammiceps, Burton, Proc. Zool. S",yes,
II,72,BirdsAsiaJohnGoIIGoul,296,portrait,Oriolus chinensis,"ORIOLUS CHINENSIS, Linn.",ocr,0.923,"ORIOLUS CHINENSIS, (Philippine Le Loriot. de la Cochinchine, Brisson, Ornitholog",yes,
II,73,BirdsAsiaJohnGoIIGoul,300,portrait,Oriolus Broderipi,"ORIOLUS BRODERIPI, Bonap",ocr,0.915,"ORIOLUS BRODERIPIL, Broderip’s Oriolus broderipi, Bonap. Proc. Zool. Soc. 1850, ",yes,
II,74,BirdsAsiaJohnGoIIGoul,304,portrait,Psaropholus Trailli,PSAROPHOLUS TRAULLI.,ocr,0.924,"PSAROPHOLUS Maroon Pastor Traillu, Vig. in Proc. of Comm. of Sci. and Corr. of Z",yes,
II,75,BirdsAsiaJohnGoIIGoul,308,portrait,Psaropholus ardens,"PSAROPHOLUS ARDENS, Swinh.",ocr,0.92,"PSAROPHOLUS ARDENS, Red ii uiias ardens, Swinh. in Ibis, 1862, p. 363, pl. xiii.",yes,
III,1,BirdsAsiaJohnGoIIIGoul,12,portrait,Turdus fuscatus,"TURDUS FUSCATUS, Pall.",ocr,0.91,"TURDUS FUSCATUS, Clouded Turdus fuscatus, Pall. Zoog., tom. i. p. 451. pl. dubiu",yes,
III,2,BirdsAsiaJohnGoIIIGoul,16,portrait,Turdus ruficollis,"TURDUS RUFICOLLIS, Pall.",ocr,0.902,"TURDUS RUFICOLLIS, Red-throated Turdus ruficollis, Pall. Reise, tom. iii. p. 694",yes,
III,3,BirdsAsiaJohnGoIIIGoul,20,portrait,Turdus Gouldi,"TURDUS GOULDI, J.Verr.",ocr,0.917,"Gould’s Merula Gouldu, J. Verr. Nouv. Archiv. du Mus., tom. vi., Bull. p. 34, & ",yes,
III,4,BirdsAsiaJohnGoIIIGoul,24,portrait,Merula unicolor,"MERULA UNICOLOR, Gould.",ocr,0.9,"MERULA UNICOLOR, Affghan Turdus unicolor, Gould in Proc. of Zool. Soc., Part V. ",yes,
III,5,BirdsAsiaJohnGoIIIGoul,28,portrait,Merula castanea,"MERULA CASTANEA, Gould",ocr,0.917,"MERULA CASTANEA, Chestnut-coloured Merula castanea, Gould in Proc. of Zool. Soc.",yes,
III,6,BirdsAsiaJohnGoIIIGoul,32,portrait,Merula albocincta,MERULA ALBOCINCTA.,ocr,0.903,"MERULA White-collared Turdus albocinctus et albicollis, Royle, Ill. Himalayan Bo",yes,
III,7,BirdsAsiaJohnGoIIIGoul,36,portrait,Merula Boulboul,MERULA BOULBOUL.,ocr,0.923,"SS MERULA Grey-winged Lanius boulboul, Lath. Ind. Orn. Supp., p. 80.—Ib. Gen. Hi",yes,
III,8,BirdsAsiaJohnGoIIIGoul,40,portrait,Petrocincla erythrogastra,PETROCINCLA ERYTHROGASTRA.,ocr,0.917,"PETROCINCLA Chestnut-bellied Turdus erythrogaster, Vig. in Proc. of Comm. of Sci",yes,
III,9,BirdsAsiaJohnGoIIIGoul,44,portrait,Spizixos canifrons,"SPIZIXOS CANIFRONS, Blyth.",ocr,0.91,"SPIZIXOS CANIFRONS, Crested Spizixos canifrons, Blyth, Journ. Asiat. Soc. Beng.,",yes,
III,10,BirdsAsiaJohnGoIIIGoul,48,portrait,Spizixos semitorques,"SPIZIXOS SEMITORQUES, Swinh.",ocr,0.912,"SPIZIXOS SEMITORQUES, Chinese Spizivos semitorques, Swinh. in Ibis, 1861, p. 266",yes,
III,11,BirdsAsiaJohnGoIIIGoul,52,portrait,Ixus sinensis,IZUS SINENSIS .,ocr,0.914,"IXUS Chinese Le Gobe-mouche verddtre de la Chine, Sonn. Voy. Ind. Orient., ii. p",yes,
III,12,BirdsAsiaJohnGoIIIGoul,56,portrait,Hypsipetes nigerrima,"HYPSIPETES NIGERRIMA, Gould.",ocr,0.919,"HYPSIPETES NIGERRIMA, Formosan Hypsipetes nigerrima, Gould in Proc. of Zool. Soc",yes,
III,13,BirdsAsiaJohnGoIIIGoul,60,portrait,Phyllornis Javensis,PHYLLORNIS JAVENSIS.,ocr,0.926,"PHYLLORNIS Javanese Meliphaga Javensis, Horsf. Trans. Linn. Soc., vol. xiii. p. ",yes,
III,14,BirdsAsiaJohnGoIIIGoul,64,portrait,Phyllornis Hardwicki,PHYLLORNIS HARDWICKI.,ocr,0.923,"PHYLLORNIS Hardwick’s Chloropsis Hardwickii, Jard. and Selby, Ill. Orn., vol. ii",yes,
III,15,BirdsAsiaJohnGoIIIGoul,68,portrait,Phyllornis Hodgsoni,PHYLLORNIS HODGSONI.,ocr,0.906,"PHYLLORNIS Hodgsson’s Hurruwa Bee-eater, Lath. Gen. Hist., vol. iv. p. 125. pl. ",yes,
III,16,BirdsAsiaJohnGoIIIGoul,72,portrait,Phyllornis Malabaricus,PHYLLORNIS MALABARICUS.,ocr,0.902,"PHYLLORNIS Malabar Turdus Malabaricus, Gmel. edit. of Linn. Syst. Nat., vol. i. ",yes,
III,17,BirdsAsiaJohnGoIIIGoul,76,portrait,Phyllornis Jerdoni,PHYLLORNIS JERDONI®,ocr,0.911,"PHYLLORNIS Jerdon’s Phyllornis Jerdoni, Blyth, Journ. Asiat. Soc. Beng., vol. xi",yes,
III,18,BirdsAsiaJohnGoIIIGoul,80,portrait,Phyllornis cyanopogon,"PHYLLORNIS CYANOPOGON, Temm.",ocr,0.918,"PHYLLORNIS CYANOPOGON, All Green Phyllornis cyanopogon, Temm. PI. Col. 512. fig.",yes,
III,19,BirdsAsiaJohnGoIIIGoul,84,portrait,Irena cyanea,IRENA CYANEA.,ocr,0.929,"IRENA Malayan Fairy Muscicapa cyanea, Begbie, Malayan Peninsula, p. 517 Irena pu",yes,
III,20,BirdsAsiaJohnGoIIIGoul,88,portrait,Irena criniger,IRENA CRINIGER.,ocr,0.929,"IRENA CRINIGER, Bornean Fairy Coracias puella, Raffles, Trans. Linn. Soc. xiii. ",yes,
III,21,BirdsAsiaJohnGoIIIGoul,92,portrait,Irena puella,IRENA PUELLA.,ocr,0.925,"IRENA Indian Fairy Fairy Roller, Latham, Gen. Synopsis, Suppl. p. Coracias puell",yes,
III,22,BirdsAsiaJohnGoIIIGoul,96,portrait,Irena cyanogastra,"IRENA CYANOGASTRA, Vigors.",ocr,0.928,"IRENA CYANOGASTRA, Blue-mantled Fairy Irena cyanogastra, Vigors, Proc. Zool. Soc",yes,
III,23,BirdsAsiaJohnGoIIIGoul,100,portrait,Irena melanochlamys,"IRENA MELANOCHLAMYS, Sharpe.",ocr,0.913,"IRENA MELANOCHLAMYS, Black-mantled Fairy",yes,
III,24,BirdsAsiaJohnGoIIIGoul,104,portrait,Copsychus saularis,COPSYCHUS SAULARIS.,ocr,0.903,"COPSYCHUS Dial Gracula saularis, Linn. Syst. Nat., tom. i. p. 165.—Ib. Gmel. edi",yes,
III,25,BirdsAsiaJohnGoIIIGoul,108,portrait,Copsychus Mindanensis,COPSYCHUS MINDANENSIS.,ocr,0.917,"COPSYCHUS Malacea Dial Merle de Mindanao, Buff. Hist. Nat. des Ois., tom. iii. p",yes,
III,26,BirdsAsiaJohnGoIIIGoul,112,portrait,Copsychus suavis,"COPSYCHUS SUAVIS, Sclat.",ocr,0.913,"COPSYCHUS SUAVIS, Chestnut-bellied Dial",yes,
III,27,BirdsAsiaJohnGoIIIGoul,116,portrait,Myiophoneus Blighi,"MYTOPHONUS, Arrenga). BLIGHI, Holdsworth.",ocr,0.9,"MYIOPHONUS (AaRRENGA) BLIGHI, Bligh’s Whistling Arrenga Blight, Holdsworth, Proc",yes,
III,28,BirdsAsiaJohnGoIIIGoul,120,portrait,Myiophoneus insularis,"MYIOPHONEUS INSULARIS, Gould",ocr,0.914,"MYIOPHONEUS INSULARIS, Formosan Mytophoneus insularis, Gould in Proc. of Zool. S",yes,
III,29,BirdsAsiaJohnGoIIIGoul,124,portrait,Callene albiventris,"CALLENE ALBIVENTRIS , Fairb.",ocr,0.919,"CALLENE ALBIVENTRIS, White-bellied Callene albiventris, Fairb., Blanf. in Proc. ",yes,
III,30,BirdsAsiaJohnGoIIIGoul,128,portrait,Leioptila annectens,"LIOPTILA ANNECTANS, Blyth.",ocr,0.909,"LIOPTILA ANNECTENS, Slender-billed Leioptila annectans, Blyth, Journ. As. Soc. B",yes,
III,31,BirdsAsiaJohnGoIIIGoul,132,portrait,Conostoma emodium,"COVOSTOMA ÆEMODTUM, Hoags",ocr,0.899,"CONOSTOMA AMODIUM, Himalayan Conostoma emodius, Hodgs. Journ. Asiat. Soc. Bengal",yes,
III,32,BirdsAsiaJohnGoIIIGoul,136,portrait,Sibia melanoleuca,"SIBIA MELANOLEUCA, Tickell.",ocr,0.901,"SIBIA MELANOLEUCA, Black-and-White Sibia melanoleuca, Tickell, MSS., Sibia melan",yes,
III,33,BirdsAsiaJohnGoIIIGoul,140,portrait,Pomatorhinus erythrocnemis,"POMATORHINUS ERYTHROCNEMIS, Gould.",ocr,0.921,"POMATORHINUS ERYTHROCNEMIS, Red-kneed Pomatorhinus erythrocnemis, Gould in Proc.",yes,
III,34,BirdsAsiaJohnGoIIIGoul,144,portrait,Xiphoramphus superciliaris,"XIPHORHAMPHUS SUPERCILIARIS, Blyth.",ocr,0.906,"XIPHORHAMPHUS SUPERCILIARIS,",yes,
III,35,BirdsAsiaJohnGoIIIGoul,148,portrait,Trochalopteron phoeniceum,TROCHALOPTERON PHŒMICEUM.,ocr,0.916,"TROCHALOPTERON Crimson-winged Ianthocinela pheenicea, Gould, Icon. Av., part i. ",yes,
III,36,BirdsAsiaJohnGoIIIGoul,152,portrait,Trochalopteron formosum,"TROCHALOPTERON FORMOSUM, J.Verr.",ocr,0.913,TROCHALOPTERON FORMOSUM.. J.,yes,
III,37,BirdsAsiaJohnGoIIIGoul,156,portrait,Trochalopteron affine,"TROCHALOPTERON AFFINE, Hodgs.",ocr,0.907,"TROCHALOPTERON Allied Garrulax afinis, Hodgson, J. A.S. B. xii. p. 950.—Blyth, J",yes,
III,38,BirdsAsiaJohnGoIIIGoul,160,portrait,Trochalopteron variegatum,TROCHALOPTERON VARIEGATUM.,ocr,0.907,"TROCHALOPTERON Variegated Cinclosoma variegatum, Vigors, P. Z.S., 1831, p. 56.—G",yes,
III,39,BirdsAsiaJohnGoIIIGoul,164,portrait,Trochalopteron cineraceum,"TROCHALOPTERON CINERACEUM, Godwin-dusten.",ocr,0.913,"TPROCHALOPTERON CINERACEUM, Cinereous Trochalopteron.",yes,
III,40,BirdsAsiaJohnGoIIIGoul,168,portrait,Trochalopteron virgatum,"TROCHALOPTERON VIRGATUM, GodwinAuster.",ocr,0.917,"TROCHALOPTERON VIRGATUM, White-eyebrowed",yes,
III,41,BirdsAsiaJohnGoIIIGoul,172,portrait,Trochalopteron Blythii,"TROCHALOPTERON BLYTHU, J.Verr.",ocr (garbled),0.907,"TROCHALOPTERON Blyth’s Laughing Trochalopteron Blythi, J. Verr. N. Arch. Mus. vi",yes,
III,42,BirdsAsiaJohnGoIIIGoul,176,portrait,Trochalopteron Elliotii,"TROCHALOPTERON ELLIOTI, J.Ver.",ocr,0.914,"TROCHALOPTERON ELLIOTIL, v. Elliot’s Trochalopteron Elliotii, J. Verr. Nouv. Arc",yes,
III,43,BirdsAsiaJohnGoIIIGoul,180,portrait,Trochalopteron melanostigma,"TROCHALOPTERON MELANOSTIGMA, Blyth.",ocr,0.899,"TROCHALOPTERON Tickell’s Laughing Trochalopteron melanostigma, Blyth, Journ, As.",yes,
III,44,BirdsAsiaJohnGoIIIGoul,184,portrait,Ianthocincla ocellata,IANTHOCINCLA OCELLATA .,ocr,0.906,"IANTHOCINCLA Ocellated Cinclosoma ocellatum, Vig. in Proc. of Comm. of Sci. and ",yes,
III,45,BirdsAsiaJohnGoIIIGoul,188,portrait,Ianthocincla Artemisiae,IANTHOCINCIA ARTEMISIA .,ocr,0.907,"IANTHOCINCLA ARTEMISI Allied Cinclosoma Artemisia, David, Ann. & Mag. Nat. Hist.",yes,
III,46,BirdsAsiaJohnGoIIIGoul,192,portrait,Ianthocincla lunulata,"IANTHOCINCLA LUNULATA, J.Verr.",ocr,0.903,"IANTHOCINCLA LUNULATA, ¥. Lunulated Janthocinela lunulata, J. Verr. Nouv. Archiv",yes,
III,47,BirdsAsiaJohnGoIIIGoul,196,portrait,Ianthocincla Austeni,IANTHOCINCLA AUSTENI.,ocr,0.908,"IANTHOCINCLA Austen’s Trochalopteron Austent, Jerd. in Ibis, 1872, p. 304.—Aust.",yes,
III,48,BirdsAsiaJohnGoIIIGoul,200,portrait,Garrulax Delesserti,"GARRULAX DELESSERTI, Jerd.",eye,,"GARRULAX DELESSERTI, vera. Delessert’s Garrulax. | Crateropus Delesserti, Jerd. ",yes,
III,49,BirdsAsiaJohnGoIIIGoul,204,portrait,Garrulax gularis,GARRULAX GULARIS.,ocr,0.914,"GARRULAX Yellow-throated Tanthocincla gularis, McClell. Proc. Zool. Soc., part v",yes,
III,50,BirdsAsiaJohnGoIIIGoul,208,portrait,Garrulax ruficeps,"GARRULAX RUFICEPS, Could.",ocr,0.907,"GARRULAX RUFICEPS, Red-crowned",yes,
III,51,BirdsAsiaJohnGoIIIGoul,212,portrait,Garrulax poecilorhyncha,"GARRULAX POCILORHYNCHA, Gould.",ocr,0.911,"GARRULAX PQCILORHYNCHA, Black- and Yellow-billed Garrulax pecilorhyncha, Gould i",yes,
III,52,BirdsAsiaJohnGoIIIGoul,216,portrait,Garrulax galbanus,"GARRULAX GALBANUS, GodwinAusten.",ocr,0.908,"GARRULAX GALBANUS, Black-chinned Garrulax galbanus, Godwin-Austen, P. Z.S., 1874",yes,
III,53,BirdsAsiaJohnGoIIIGoul,220,portrait,Garrulax picticollis,"GARRULAX PICTICOLLIS, Swinh.",ocr,0.906,"GARRULAX PICTICOLLIS, Grey-banded Laughing Garrulax picticollis, Swinhoe, P. Z.S",yes,
III,54,BirdsAsiaJohnGoIIIGoul,224,portrait,Garrulax chinensis,GARRULAX CHONENSIS.,ocr,0.918,"GARRULAX Chinese Lantus chinensis, Turdus shanhu, Gmel. edit. Linn. Syst. Nat., ",yes,
III,55,BirdsAsiaJohnGoIIIGoul,228,portrait,Pterorhinus Davidi,"PTERORIUNUS DAVIDI, Swinh.",ocr,0.909,"PTERORHINUS DAVIDI, Pere David’s Pterorhinus Davidi, Swinh. in Ibis, 1868, p. So",yes,
III,56,BirdsAsiaJohnGoIIIGoul,232,portrait,Actinodura Egertoni,"ACTINODTRA EGERTONI, Gould.",ocr,0.911,"—— a ACTINODURA EGERTONIL, Egerton’s Actinodura Egerton, Gould in Proc. of Zool.",yes,
III,57,BirdsAsiaJohnGoIIIGoul,236,portrait,Actinodura Nipalensis,"ACTINODURA NIPALENSIS, Hodgs.",ocr,0.906,"ACTINODURA NIPALENSIS, Nepaulese Cinclosoma nipalensis, Hodgs. in Asiat. Res., v",yes,
III,58,BirdsAsiaJohnGoIIIGoul,240,portrait,Actinodura Waldeni,"ACTINODURA WALDENI, Godwin -Austen.",ocr,0.914,"ACTINODURA ‘Walden’s Actinodura. Actinodura Waldeni, Godwin-Austen, P. Z.S., 187",yes,
III,59,BirdsAsiaJohnGoIIIGoul,244,portrait,Actinodura Ramsayi,"ACTINODURA RAMSAYI, Walden.",ocr,0.906,ACTINODURA Ramsay’s Barwine. |,yes,
III,60,BirdsAsiaJohnGoIIIGoul,248,portrait,Rimator malacoptilus,"RIMATOR MALACOPTILUS, Blyth.",ocr,0.909,"RIMATOR MALACOPTILUS, Long-billed Rimator malacoptilus, Blyth, Journ. Asiat. Soc",yes,
III,61,BirdsAsiaJohnGoIIIGoul,252,portrait,Drymochares stellatus,"DRYMOCHARES STELLATUS, Gould.",ocr,0.911,"DRYMOCHARES STELLATUS, Stellated Brachypteryx (Drymochares) stellatus, Gould in ",yes,
III,62,BirdsAsiaJohnGoIIIGoul,256,portrait,Turdinulus Roberti,TURDINULUS ROBERTI.,ocr,0.897,"TURDINULUS Robert’s Pygmy Pnoepyga, sp., Godwin-Austen, Journ. As. Soc. Beng. xx",yes,
III,63,BirdsAsiaJohnGoIIIGoul,260,portrait,Turdinus brevicaudatus,"TURDINUS BREVICAUDATUS, Blyth.",ocr,0.909,"TURDINUS BREVICAUDATUS, Short-tailed Turdinus brevicaudatus, Blyth, Journ. Asiat",yes,
III,64,BirdsAsiaJohnGoIIIGoul,264,portrait,Yuhina diademata,"YOHNA DIADEMATA, J. Verr.",ocr,0.912,"YUHINA DIADEMATA, J. White-naped",yes,
III,65,BirdsAsiaJohnGoIIIGoul,268,portrait,Pellorneum palustre,"PELLORNEUM PALUSTRE, Jerd.",ocr,0.905,"PELLORNEUM PALUSTRE,",yes,
III,66,BirdsAsiaJohnGoIIIGoul,272,portrait,Alcippe brunnea,"ALCIPPE BRUNNEA, Gould.",ocr,0.921,"ALCIPPE BRUNNEA, Brown",yes,
III,67,BirdsAsiaJohnGoIIIGoul,276,portrait,Cutia Nipalensis,"CUTIA NIPALENSIS, Hodgs",ocr,0.892,"CUTIA NIPALENSIS, Nepaul Cutia Nipalensis, Hodgs. Journ. Asiat. Soc. Beng. vol. ",yes,
III,68,BirdsAsiaJohnGoIIIGoul,280,portrait,Suthora brunnea,"SUTIHORA BRUNNEA, Anderson.",ocr,0.901,"SUTHORA BRUNNEA, Anderson’s",yes,
III,69,BirdsAsiaJohnGoIIIGoul,284,portrait,Suthora munipurensis,"SUTHORA MUNIPURENSIS, Godrin Austen.",ocr,0.915,"SUTHORA MUNIPURENSIS, G-austen §& Munipur Suthora mumpurensis, Godwin-Austen & W",yes,
III,70,BirdsAsiaJohnGoIIIGoul,288,portrait,Suthora Nipalensis,"SUTHORA NIPALENSIS, Hodgs.",ocr,0.9,"SUTHORA NI PALENSIS, White-faced | Suthora Nipalensis, Hodgs. Ind. Rey. 1838, p.",yes,
III,71,BirdsAsiaJohnGoIIIGoul,292,portrait,Suthora fulvifrons,"SUTHORA FULVIFROUS, Hodgs.",ocr,0.914,SUTHORA Fulvous-fronted,yes,
III,72,BirdsAsiaJohnGoIIIGoul,296,portrait,Suthora Webbiana,"SUTHORA WEBBIANA, GR.Gray.",ocr,0.909,"SUTHORA WEBBIANA, GR. Webb’s",yes,
III,73,BirdsAsiaJohnGoIIIGoul,300,portrait,Paradoxornis Austeni,"PARADOXORNIS AUSTENI, Gould.",ocr,0.909,PARADOXORNIS AUSTENL ». Austen’s As long ago as 18361 published the first specie,yes,
III,74,BirdsAsiaJohnGoIIIGoul,304,portrait,Paradoxornis Heudei,"PARADOXORNIS HEUDEI, A Darid.",ocr,0.919,"PARADOXORNIS: HEUDEL 4. Pere Heude’s Paradoxornis Heudei, David, Comptes Rendus,",yes,
III,75,BirdsAsiaJohnGoIIIGoul,308,portrait,Paradoxornis flavirostris,"PARADOXORNIS FLAYIROSTRIS, Gould",ocr,0.907,"PARADOXORNIS FLAVIROSTRIS, Paradoxornis flavirostris, Gould in Proc. of Zool. So",yes,
III,76,BirdsAsiaJohnGoIIIGoul,312,portrait,Paradoxornis unicolor,PARADOXORNIS UNICOLOR.,ocr,0.901,"PARADOXORNIS UNICOLOR, Long-tailed",yes,
III,77,BirdsAsiaJohnGoIIIGoul,316,portrait,Paradoxornis gularis,"PARADOXORNIS GULARIS, Horsf",ocr,0.894,"PARADOXORNIS GULARIS, Grey-crowned",yes,
III,78,BirdsAsiaJohnGoIIIGoul,320,portrait,Paradoxornis ruficeps,PARADOXORNIS RUFICEPS.,ocr,0.902,"PARADOXORNIS RUFICEPS, Red-headed Paradoxornis. Paradoxorms ruficeps, Blyth, Jou",yes,
IV,1,BirdsAsiaJohnGoIVGoul,12,portrait,Tesia cyaneiventer,"TESIA CYANEIVENTER, Hodgs",ocr,0.894,"TESTA CYANEIVENTER, Blue-bellied Tesia cyanwwenter, Hodgs. Journ. Asiat. Soc. Be",yes,
IV,2,BirdsAsiaJohnGoIVGoul,16,portrait,Tesia castaneo-coronata,TESIA CASTANEOCORONATA.,ocr,0.914,TESTA Chestnut-crowned,yes,
IV,3,BirdsAsiaJohnGoIVGoul,20,portrait,Rhopophilus pekinensis,"RHOPOPHOLUS PEKINENSIS, Swinh.",ocr,0.909,"RHOPOPHILUS PEKINENSIS, Chinese Drymeca (2) pekinensis, Swinh. in Ibis, 1868, p.",yes,
IV,4,BirdsAsiaJohnGoIVGoul,24,portrait,Suya lepida,SUYA LEPIDA.,ocr,0.877,"eee SUYA ™ Little Prinia lepida, Blyth, Journ. Asiat. Soc. Beng., vol. xii. p. 3",yes,
IV,5,BirdsAsiaJohnGoIVGoul,28,portrait,Dumetia albogularis,"DUMETIA ALBOCULARIS, Blyth",ocr,0.91,"DUMETIA ALBOGULARIS, White-throated Malacocercus albogularis, Blyth, Journ. Asia",yes,
IV,6,BirdsAsiaJohnGoIVGoul,32,portrait,Dumetia hyperythra,DUMETIA HYPERYTHRA.,ocr,0.914,DUMETIA Buff-throated,yes,
IV,7,BirdsAsiaJohnGoIVGoul,36,portrait,Orthotomus longicaudus,ORTHOTOMUS LONGICAUDUS.,ocr,0.908,"ORTHOTOMUS Motacilla longicauda, Gmel. edit. Linn. Syst. Nat., tom. i. p. Orthot",yes,
IV,8,BirdsAsiaJohnGoIVGoul,40,portrait,Staphida torqueola,"STAPEDA TORQUEOLA, Swinh.",ocr,0.905,"STAPHIDA TORQUEOLA, Grey-headed Siva torqueola, Swinh. in Ann. and Mag. Nat. His",yes,
IV,9,BirdsAsiaJohnGoIVGoul,44,portrait,Stachyris pyrrhops,"STACHYRIS PYRRHOPS, Hodgs.",ocr,0.915,"STACHYRIS PYRRHOPS, Red-eyed",yes,
IV,10,BirdsAsiaJohnGoIVGoul,48,portrait,Stachyris ruficeps,"STACHYRIS RUFICEPS, Blyth.",ocr,0.914,"STACHYRIS RUFICEPS, Red-headed Stachyris ruficeps, Blyth, Journ. Asiat. Soc. Ben",yes,
IV,11,BirdsAsiaJohnGoIVGoul,52,portrait,Ixulus castaneiceps,"IXULUS CASTANICEPS, Moore.",ocr,0.893,"IXULUS CASTANICEPS,",yes,
IV,12,BirdsAsiaJohnGoIVGoul,56,portrait,Ixulus occipitalis,"IXULUS OCCIPITALIS, Blyth.",ocr,0.908,"IXULUS OCCIPITALIS, Thick-billed",yes,
IV,13,BirdsAsiaJohnGoIVGoul,60,portrait,Ixulus flavicollis,"IXULUS FLAVICOLLIS, HodgS.",ocr,0.915,"IXULUS FLAVICOLLIS, Crested Yuhina flavicolis, Hodgs. in Asiat. Research., vol. ",yes,
IV,14,BirdsAsiaJohnGoIVGoul,64,portrait,Yuhina occipitalis,"YUHINA OCCIPITALIS, Hodgs.",ocr,0.906,"YUHINA OCCIPITALIS, Rusty-naped",yes,
IV,15,BirdsAsiaJohnGoIVGoul,68,portrait,Leiothrix luteus,"LEIOTHRIX LUTEUS,",ocr,0.907,"LEIOTHRIX Fork-tailed Mésange de Nanquin, Sonn. Voy., tom. ii. p. 205. pl. 114. ",yes,
IV,16,BirdsAsiaJohnGoIVGoul,72,portrait,Leiothrix argentauris,LEIOTHRIX ARCENTAURIS.,ocr,0.914,"LEIOTHRIX Silver-eared Mesia argentauris, Hodgs. Ind. Rev., vol. ii. 1838, p. 88",yes,
IV,17,BirdsAsiaJohnGoIVGoul,76,portrait,Leiothrix laurinae,"LEIOTHRIX LAURINÆ, Salvad.",ocr,0.917,"LEIOTHRIX LAURI N AL,",yes,
IV,18,BirdsAsiaJohnGoIVGoul,80,portrait,Siva strigula,"SIVA STRIGULA, Hodgs.",ocr,0.91,"SIVA STRIGULA, Striped-throated Swa strigula, Hodgs. Ind. Reyv., 1838, p. 89.—Gr",yes,
IV,19,BirdsAsiaJohnGoIVGoul,84,portrait,Siva cyanouroptera,"SIVA CYANOUROPTERA, Hodgs",ocr,0.916,"SIVA CYANOUROPTERA, Blue-winged Siva cyanouroptera, Hodg. Ind. Rev. 1838, p. 88.",yes,
IV,20,BirdsAsiaJohnGoIVGoul,88,portrait,Myzornis pyrrhoura,"MYZORNIS PYRRHOTRA, Hodgs.",ocr,0.892,"MYZORNIS PYRRHOURA, Red-tailed Myzornis pyrrhowra, Hodgs. Blyth, Journ. Asiat. S",yes,
IV,21,BirdsAsiaJohnGoIVGoul,92,landscape,Cinclus Asiaticus,CINCLUS ASIATICUS Swains.,ocr,,"CINCLUS ASIATICUS, Swans. Asiatic Cinclus Asiaticus, Swains. Faun. Bor. Mer. VOL",yes,
IV,22,BirdsAsiaJohnGoIVGoul,96,landscape,Cinclus Pallasi,"CINCLUS PALLASH, Temm",ocr,,"| WD CINCLUS PALLAST, Pallas’s Sturnus cinclus, var., Pallas. Cinclus Pallasii, ",yes,
IV,23,BirdsAsiaJohnGoIVGoul,100,portrait,Cinclus sordidus,"CINCLUS SORDIDUS, Gould!",ocr,0.903,"CINCLUS SORDIDUS, Gowd Sombre-coloured Cinclus sordidus, Gould in Proc. of Zool.",yes,
IV,24,BirdsAsiaJohnGoIVGoul,104,landscape,Cinclus leucogaster,"CINCLUS LEUCOGASTER, Eversm",ocr,,"CINCLUS LEUCOGASTER, White-bellied Cinclus leucogaster, Eversm. Add. Pall. Zoog.",yes,
IV,25,BirdsAsiaJohnGoIVGoul,108,landscape,Cinclus Cashmeriensis,"CINCLUS CASHMEIRIENSIS, Could",ocr,,"IE I LO AO A ee - - ——— = = eames: CINCLUS CASHMERIENSIS, Gowa. Cashmerian Water",yes,
IV,26,BirdsAsiaJohnGoIVGoul,112,landscape,Dromolea picata,DROMOLÀA PICATA.,ocr,,"ee Le A — ee ene DROMOLAA Pied Saxicola picata, Blyth, Journ. Asiat. Soc. Beng.,",yes,
IV,27,BirdsAsiaJohnGoIVGoul,116,portrait,Dromolea opistholeuca,DROMOLÆA OPISTHOLEUCA.,ocr,0.924,"DROMOLAA OPISTHOLEUCA. White-tailed Samicola opistholeuca, Strickl. in Jard. Con",yes,
IV,28,BirdsAsiaJohnGoIVGoul,120,portrait,Saxicola capistrata,"SAXICOLA CAPISTRATA,",ocr,0.921,", = i en RP A OP AP A I AL I SAXICOLA CAPISTRATA, Goud. Grey-capped Stone-Chat. ",yes,
IV,29,BirdsAsiaJohnGoIVGoul,124,portrait,Saxicola leucomela,SAXICOLA LEUCOMELA.,ocr,0.917,OS SAXICOLA Black and White,yes,
IV,30,BirdsAsiaJohnGoIVGoul,128,portrait,Saxicola montana,SAXICOLA MONTANA. Gould.,ocr,0.919,"sn LT A I A I AA SAXICOLA MONTANA, Mountain",yes,
IV,31,BirdsAsiaJohnGoIVGoul,132,landscape,Saxicola atrogularis,"SAXICOLA ATROGULARIS, BUTh",ocr,,"SAXICOLA ATROGULARIS, Black-throated Sawicola atrogularis, Blyth, Journ. Asiat. ",yes,
IV,32,BirdsAsiaJohnGoIVGoul,136,portrait,Rhodophila melanoleuca,"RHODOPHULA MÈLANOLEUCA, Jerd.",ocr,0.916,"RHODOPHILA MELANOLEUGCA, Black and White Rhodophila melanoleuca, Jerd. Birds of ",yes,
IV,33,BirdsAsiaJohnGoIVGoul,140,portrait,Pratincola leucura,"PRATINCOLA LEUCURA, Blyth.",ocr,0.913,"LEE A IR A AL A A PRATINCOLA LEUCURA, White-tailed Pratincola leucura, Blyth, Jo",yes,
IV,34,BirdsAsiaJohnGoIVGoul,144,portrait,Pratincola Indica,"PRATINCOLA INDICA, Blyth.",ocr,0.919,"TS PRATINCOLA INDICA, Indian Saxicola saturatior, Hodgs., in Gray’s Zool. Miscel",yes,
IV,35,BirdsAsiaJohnGoIVGoul,148,portrait,Grandala coelicolor,"GRANDALA COLICOLOR, Hodgs.",ocr,0.924,"ta cae A OO I I TE ES LOE AO Le PI AOE LA RA OE I NT GRANDALA CQCELICOLOR, Celes",yes,
IV,36,BirdsAsiaJohnGoIVGoul,152,portrait,Ruticilla erythrogastra,RUTICILLA ERYTHROGASTRA.,ocr,0.907,a NE  ————————————— oS Fe ae Se ee RUTICILLA Great White-capped Motacilla erythr,yes,
IV,37,BirdsAsiaJohnGoIVGoul,156,portrait,Ruticilla erythroprocta,"RUTICILLA ERYTHROPROCTA, Gould.",ocr,0.9,"RUTICILLA ERYTHROPROCTA, | Coal-black",yes,
IV,38,BirdsAsiaJohnGoIVGoul,160,portrait,Calliope camtschatkensis,CALLIOPE CAMTCHATKENSIS.,ocr,0.916,"CALLIOPE Siberian Motacilla calliope, Pallas, Reise Russ. Reichs, iii. p. 697.—I",yes,
IV,39,BirdsAsiaJohnGoIVGoul,164,portrait,Calliope pectoralis,"CALLIOPE PECTORALIS, Gould.",ocr,0.912,"a TNR I A I A ALAA CALLIOPE PECTORALIS, Himalayan Calhope pectoralis, Gould, Ico",yes,
IV,40,BirdsAsiaJohnGoIVGoul,168,portrait,Calliope tschebaiewi,"CALLIOPE TSCHEBAIEWI, Priev.",ocr,0.917,"(I NE A LO A A I AL I TT I CALLIOPE TSCHEBAIEWIL, | Mongolian. Calliope ischebai",yes,
IV,41,BirdsAsiaJohnGoIVGoul,172,portrait,Accentor montanellus,ACCENTOR MONTANELLUS.,ocr,0.923,"ACCENTOR Mountain Motacilla montanellus, Pall. Zoog. Rosso-Asiat., tom. i. p. 47",yes,
IV,42,BirdsAsiaJohnGoIVGoul,176,portrait,Accentor rubidus,"ACCENTOR RUBIDUS, Sieb, Temm. et Schleg.",ocr,0.926,"Se = rT Rt te a ees — — Se a i AT ACCENTOR RUBI DUS, Sieb., Temm. et Ruddy Accen",yes,
IV,43,BirdsAsiaJohnGoIVGoul,180,portrait,Accentor erythropygius,"ACCENTOR ERYTHROPYGIUS, Swinh.",ocr,0.923,"ACCENTOR ERYTHROPYGIUS, Red-backed Accentor erythropygius, Swinh. Proc. of Zool.",yes,
IV,44,BirdsAsiaJohnGoIVGoul,184,portrait,Accentor Nipalensis,"ACCENTOR NIPAIENSIS, Hodgs",ocr,0.886,"ACCENTOR NIPALENSIS, Nepaul Accentor Nipalensis, Hodgs. Journ. Asiat. Soc. Beng.",yes,
IV,45,BirdsAsiaJohnGoIVGoul,188,portrait,Accentor immaculatus,"ACCENTOR IMMACUMATUS, Hodgs.",ocr,0.899,"ACCENTOR IMMACULATUS, Blue-shouldered Accentor immaculatus, Hodgs. in Proc. of Z",yes,
IV,46,BirdsAsiaJohnGoIVGoul,192,portrait,Accentor rubeculoides,"ACCENTOR REBECULOIDES, More",ocr,0.89,"Red-breasted Accentor rubeculodes, Moore in Proc. of Zool. Soc. 1854, p- -—Horsf",yes,
IV,47,BirdsAsiaJohnGoIVGoul,196,portrait,Accentor strophiatus,"ACCENTOR STROPHIATUS, Hodgs",ocr,0.895,"ACCENTOR STROPHIATUS, Banded . Accentor strophiatus, Hodgs. Journ. Asiat. Soc. B",yes,
IV,48,BirdsAsiaJohnGoIVGoul,200,portrait,Accentor atrogularis,"ACCENTOR ATROGULARIS, Brandt.",ocr,0.927,"ACCENTOR ATROGULARIS, Black-throated Accentor atrogularis, Brandt, Bull. des Aca",yes,
IV,49,BirdsAsiaJohnGoIVGoul,204,portrait,Accentor Altaicus,"ACCENTOR ALTAICUS, Brandt.",ocr,0.905,"i NE OT LN A A I A Re: POT EI TN ANI ANI YN A HA ACCENTOR ALTAICUS, Altaian Acce",yes,
IV,50,BirdsAsiaJohnGoIVGoul,208,portrait,Sylvia nana,SYLVIA NAVA,ocr (garbled),0.919,"SYLVIA Desert Curruca nana, Hempr. & Ehr. Symb. Phys. Aves, fol. cc Salicaria ar",yes,
IV,51,BirdsAsiaJohnGoIVGoul,212,portrait,Troglodytes Nipalensis,"TROGLODYTES NIPAENSIS, Hoags",ocr,0.907,"TROGLODYTES NIPALENSIS, Nepaulese",yes,
IV,52,BirdsAsiaJohnGoIVGoul,216,portrait,Anorthura formosa,ANORTHURA FORMOSA.,ocr,0.914,"ANORTHURA Spotted Troglodytes punctatus, Blyth (nec Boie), Journ. As. Soc. Beng.",yes,
IV,53,BirdsAsiaJohnGoIVGoul,220,portrait,Urocichla longicauda,UROCICHLA LONGICAUDATA.,ocr,0.895,"UROCICHLA Long-tailed Pnoepyga longicaudata, Moore, Proc. Zool. Soc. 1854, p. 74",yes,
IV,54,BirdsAsiaJohnGoIVGoul,224,portrait,Sphenocichla Roberti,"SPHENOCICHLA ROBERTI, Godwin Austen & Walden.",ocr,0.908,"SPHENOCICHLA ROBERTI, Godw-Aust. & Robert’s Wedge-billed Sphenocichla roberti, G",yes,
IV,55,BirdsAsiaJohnGoIVGoul,228,portrait,Sphenocichla Humii,SPHENOCICHLA HUMII.,ocr,0.915,"SPHENOCICHLA Hume’s Wedge-billed Heterorhynchus hum, Mandelli, Str. F. 1873, p. ",yes,
IV,56,BirdsAsiaJohnGoIVGoul,232,portrait,Salpornis spilonota,SALPORNIS SPILONOTA .,ocr,0.911,"SALPORNIS Spotted Certhia spilonota, Frankl. in Proc. of Comm. of Sci. and Corr.",yes,
IV,57,BirdsAsiaJohnGoIVGoul,236,portrait,Certhia Nipalensis,CERTHIA NIPALENSIS:Hoags:,ocr,0.906,"CERTHIA NIPALENSIS, Nepaulese Certhia Nipalensis, Hodgs.—Blyth, Mon. of Indian C",yes,
IV,58,BirdsAsiaJohnGoIVGoul,240,portrait,Certhia Himalayana,CERTHIA TIIMALAYANA: V9:,ocr,0.903,"CERTHIA HIMALAYANA, Himalayan Certhia Himalayana, Vig. in Proc. of Comm. Sci. of",yes,
IV,59,BirdsAsiaJohnGoIVGoul,244,portrait,Phyllopneuste tristis,PYLLOPNEOSTE TRISTIS.,ocr,0.918,"PHYLLOPNEUSTE Phylloscopus tristis, Blyth, Journ. Asiat. Soc. Beng., vol. xii. p",yes,
IV,60,BirdsAsiaJohnGoIVGoul,248,portrait,Regulus himalayensis,"REGULUS HIMALAYENSIS, Blyth.",ocr,0.917,"REGULUS HIMALAYENSIS, Himalayan Regulus cristatus, Blyth, Cat. of Birds in Mus. ",yes,
IV,61,BirdsAsiaJohnGoIVGoul,252,portrait,Motacilla Maderaspatensis,"MOTACILLA MADERASPATENSIS, Cme.",ocr,0.907,"MOTACILLA MADERASPATENSIS, Great Pied Motacilla Maderaspatensis, Gmel. Edit. Lin",yes,
IV,62,BirdsAsiaJohnGoIVGoul,256,portrait,Motacilla Dukhunensis,"MOTACILLA DUKHUNENSIS, Sykes",ocr,0.913,"= MOTACILLA DUKHUNENSIS, Deccan Motacilla Dukhunensis, Sykes in Proc. of Comm. o",yes,
IV,63,BirdsAsiaJohnGoIVGoul,260,portrait,Motacilla personata,"MOTACILLA PERSONATA, Godd",ocr,0.921,"MOTACILLA PERSONATA, Masked Motacilla Dukhunensis, Blyth, on the Family Motacill",yes,
IV,64,BirdsAsiaJohnGoIVGoul,264,landscape,Budytes citreoloides,"BUDYTES CITREOLOIDES, Hodgs.",ocr,,"BUDYTES CITREOLOIDES, Yellow-headed Budytes citreoloides, Hodgs. in Gray’s Zool.",yes,
IV,65,BirdsAsiaJohnGoIVGoul,268,portrait,Pipastes agilis,PIPASTES AGILIS.,ocr,0.931,"= PIPASTES Indian Anthus agihs, Sykes in Proc. of Comm. of Sci. and Corr. of Zoo",yes,
IV,66,BirdsAsiaJohnGoIVGoul,272,landscape,Anthus cervinus,"ANTHUS CERVINUS, Pall.",ocr,,"ANTHUS Red-throated Motacilla cervina, Pall. Zoog. Ross.-Asiat., tom, i. Dp: Ala",yes,
IV,67,BirdsAsiaJohnGoIVGoul,276,landscape,Limonidromus Indicus,LIMONIDROMUS INDICUS.,ocr,,"LIMONIDROMUS Variegated Motacilla indica, Gmel. Edit. Linn. Syst. Nat., tom. p- ",yes,
IV,68,BirdsAsiaJohnGoIVGoul,280,portrait,Enicurus maculatus,"KNICOROS MACUIATOS, Vigors.",ocr (garbled),0.928,"ENICURUS MACULATUS, Lunated Encurus maculatus, Vig. in Proc. of Comm. of Sci. an",yes,
IV,69,BirdsAsiaJohnGoIVGoul,284,portrait,Enicurus guttatus,"ENICUROS GOTTATUS, Gould.",ocr,0.925,"ENICURUS GUTTATUS, Spotted Enicurus guttatus, Gould in Proc. of Zool. Soc. 1865,",yes,
IV,70,BirdsAsiaJohnGoIVGoul,288,portrait,Enicurus Chinensis,"ENICURUS CHNENSIS, Gould.",ocr,0.918,"ENICURUS CHINENSIS, Chinese Enicurus sinensis, Gould in Proc. of Zool. Soc. 1865",yes,
IV,71,BirdsAsiaJohnGoIVGoul,292,portrait,Enicurus Scouleri,"ENICURUS SCOULERI, Vigors.",ocr,0.929,"ENICURUS SCOULERI, Scouler’s Enicurus Scouleri, Vig. in Proc. of Comm. of Sci. a",yes,
IV,72,BirdsAsiaJohnGoIVGoul,296,landscape,Melanocorypha maxima,"MELANOCORYPHA MAXIMA, Gould",ocr,,"MELANOCORYPHA MAXIMA, Long-billed Melanocorypha maxima, Gould.—Blyth in Ibis, 18",yes,
V,1,BirdsAsiaJohnGoVGoul,12,portrait,Montifringilla Adamsii,MONTIFRINGILLA ADAMSI. Moore.,ocr,0.915,"MONTIFRINGILLA ADAMSLI, Adams’s Montifringilla Adamsi, Moore in Proc. of Zool. S",yes,
V,2,BirdsAsiaJohnGoVGoul,16,portrait,Montifringilla arctoa,MONTIFRINGILLA ARCTOA.,ocr,0.907,"MONTIFRINGILLA Northern Mountain Passer arctous, Pall. Zoog., tom. ii. p. 21. No",yes,
V,3,BirdsAsiaJohnGoVGoul,20,portrait,Montifringilla haematopygia,MONTIFRINCILLA HEMATOPYCIA: GuZd,ocr,0.907,"MONTIFRINGILLA HASMATOPYGIA, Red-rumped Mountain",yes,
V,4,BirdsAsiaJohnGoVGoul,24,portrait,Montifringilla brunneinucha,"MONTIFRUGILLA BRUNNEINUCHA,",ocr,0.901,"MONTIFRINGILLA Brown-naped Mountain Passer arctous, var. B. 2, Pall. Zoog., tom.",yes,
V,5,BirdsAsiaJohnGoVGoul,28,portrait,Montifringilla ruficollis,"MONTIFRINGILLA RUFICOLLAS , W.I.Blanford",ocr,0.919,"MONTIFRINGILLA RUFICOLLIS, Red-necked Montifringilla ruficollis, Blanf., J. A. S",yes,
V,6,BirdsAsiaJohnGoVGoul,32,portrait,Emberiza caniceps,"EMBERIZA CANICEPS, Gould",ocr,0.897,"EMBERIZA CANICEPS, Grey-capped Emberiza caniceps, Gould in Proc. of Zool. Soc.",yes,
V,7,BirdsAsiaJohnGoVGoul,36,portrait,Emberiza pusilla,"EMBERIZA PUSILLA, Pall.",ocr,0.903,"EMBERIZA PUSILLA, Dwart Emberiza pusilla, Pall. Reise, tom iil. p. 697.—Id. Zoog",yes,
V,8,BirdsAsiaJohnGoVGoul,40,portrait,Emberiza cinerea,"EMBERIZA CINEREA, Strickl.",ocr,0.929,"EMBERIZA CINEREA, Cinereous Emberiza cmerea, Strickl. in Proc. Zool. Soc., part ",yes,
V,9,BirdsAsiaJohnGoVGoul,44,portrait,Emberiza fucata,"EMBERIZA FUCATA, Pall.",ocr,0.917,"EMBERIZA FUCATA, Painted Emberiza fucata, Pall. Itin. App., no. 22.—Id. Zoog. Ro",yes,
V,10,BirdsAsiaJohnGoVGoul,48,portrait,Emberiza rustica,"EMBERIZA RUSTICA, Pal.",ocr,0.914,"EMBERIZA RUSTICA, Rustic Emberiza rustica, Pall. Itin., tom. iii. App. no. 21.—I",yes,
V,11,BirdsAsiaJohnGoVGoul,52,portrait,Glycyspina Huttoni,GLYCISPINA HUTTONI.,ocr,0.916,"GLYCYSPINA Hutton’s Euspiza Hutton, Blyth, Journ. Asiat. Soc. Beng., vol. xviii.",yes,
V,12,BirdsAsiaJohnGoVGoul,56,portrait,Euspiza elegans,"EUSPIZA ELEGANS, Temm.",ocr,0.918,"EUSPIZA ELEGANS,",yes,
V,13,BirdsAsiaJohnGoVGoul,60,portrait,Euspiza melanocephala,EUSPIZA MELANOCEPHALA.,ocr,0.92,"EUSPIZA Black-headed Emberiza melanocephala, Scop. Ann. Nat. Hist., tom. i. p. 1",yes,
V,14,BirdsAsiaJohnGoVGoul,64,portrait,Euspiza luteola,EUSPIZA LUTEOLA.,ocr,0.914,"EUSPIZA Red-headed Emberiza luteola, Sparrm. Mus. Carls., fase. iv. tab. 93. Lut",yes,
V,15,BirdsAsiaJohnGoVGoul,68,portrait,Passer ammodendri,"PASSER AMMODENDRI, Severzow",ocr,0.908,"PASSER AMMO DENDR I, Turkestan Passer ammodendri, Dode, in Proc. of Zool. Soc., ",yes,
V,16,BirdsAsiaJohnGoVGoul,72,portrait,Fringilla Burtoni,FRINGILLA BURTONI:Gould.,ocr,0.908,"FRINGILLA BURTONIL, Burton’s Carduelis Burtoni, Gould in Proc. of Zool. Soc., Pa",yes,
V,17,BirdsAsiaJohnGoVGoul,76,portrait,Carduelis orientalis,CARDUELIS ORIENTALIS.,ocr,0.895,"CARDUELIS ORIENTALIS, Eastern Passer carduelis, var., Pallas, Zoogr. Rosso-Asiat",yes,
V,18,BirdsAsiaJohnGoVGoul,80,portrait,Eophona personata,FOPHONA PERSONATA.,ocr,0.891,"EOPHONA Masked Coccothraustes personatus, Temm. and Schlegel, Fauna Jap. Aves, p",yes,
V,19,BirdsAsiaJohnGoVGoul,84,portrait,Eophona melanura,FOPHONA MELANURA.,ocr,0.911,"EOPHONA Black-tailed Le Gros-bec de la Chine, Sonn. Voy., tom. ii. p. Lowia mela",yes,
V,20,BirdsAsiaJohnGoVGoul,88,portrait,Mycerobas melanoxanthus,MYCEROBAS MELANOXANTHUS.,ocr,0.871,"MYCEROBAS Black and Yellow Coccothraustes melanozanthos, Hodgs. Asiat. Research.",yes,
V,21,BirdsAsiaJohnGoVGoul,92,portrait,Mycerobas carneipes,MYCEROBAS CARNIPES,ocr,0.869,"MYCEROBAS Flesh-footed Coccothraustes carnipes, Hodgs. Asiat. Research., vol. xi",yes,
V,22,BirdsAsiaJohnGoVGoul,96,portrait,Hesperiphona icterioides,HESPERIPHONA ICTERIOIDES.,ocr,0.908,HESPERIPHONA Icterine,yes,
V,23,BirdsAsiaJohnGoVGoul,100,portrait,Hesperiphona affinis,"HESPERIPHONA AFFINIS , Blyth.",ocr,0.912,"HESPERIPHONA AFFINIS, Allied Hesperiphona afinis, Blyth, Journ. Asiat. Soc. Beng",yes,
V,24,BirdsAsiaJohnGoVGoul,104,portrait,Haematospiza Sipahi,HEMATOSPIZA SIPAHI.,ocr,0.906,* er. _* a al - =. va HAMATOSPIZA Sepoy,yes,
V,25,BirdsAsiaJohnGoVGoul,108,portrait,Carpodacus rubicilla,CARPODACUS RUBICILLA.,ocr,0.909,"————————— Ee ee ? CARPODACUS Caucasian Lowia rubicilla, Giild. Nov. Comm. Petrop",yes,
V,26,BirdsAsiaJohnGoVGoul,112,portrait,Carpodacus rhodochlamys,CARPODACUS RHODOCHLAMYS.,ocr,0.91,"CARPODACUS Red Mantled Pyrrhula (Corythus) rhodochlamys, Brandt, Bull. de Acad. ",yes,
V,27,BirdsAsiaJohnGoVGoul,116,portrait,Uragus sibiricus,URAGUS SIBIRICUS..,ocr,0.912,"URAGUS Siberian Loxva sibirica, Pallas, Reis. Russischen Reichs, Theil ii. Anhan",yes,
V,28,BirdsAsiaJohnGoVGoul,120,portrait,Rhodopechys sanguinea,RHODOPECHYS SANGUINEUS .,ocr,0.907,"RHODOPECHYS Crimson-winged Fringilla sanguinea, Gould, P. Z. S. 1837, p. Erythro",yes,
V,29,BirdsAsiaJohnGoVGoul,124,portrait,Erythrospiza obsoleta,ERYTHROSPIZA OBSOLETA.,ocr,0.894,"ERYTHROSPIZA Rosy-winged Fringilla obsoleta, Lichtenstem in Eversmann’s Reise, A",yes,
V,30,BirdsAsiaJohnGoVGoul,128,portrait,Erythrospiza incarnata,"HRYTHROSPIZA INCARNATA, Serr.",ocr,0.898,"ERYTHROSPIZA INCARNATA, Rosy Erythrospiza incarnata, Severtzow, Turkest. Jevotn.",yes,
V,31,BirdsAsiaJohnGoVGoul,132,portrait,Erythrospiza githaginea,ERYTHROSPIZA GITHAGINEA.,ocr,0.901,"ERYTHROSPIZA Trumpeter Bullfinch. Fringilla githaginea, Licht. Verz. Doubl. p. 2",yes,
V,32,BirdsAsiaJohnGoVGoul,136,portrait,Urocynchramus Pylzowi,"UROCYNCHRAMUS PYLZOWI, Prjer.",ocr,0.919,"UROCYNCHRAMUS PYLZOWIL, Pylzoff’s Rose Urocynchramus pylzowi, Prjevalsky, Birds ",yes,
V,33,BirdsAsiaJohnGoVGoul,140,portrait,Carpodacus roseus,"CARPODACUS ROSEUS, Bonap.",ocr,0.911,"CARPODACUS Rosy Fringilla rosea, Pallas, Reise Russischen Rheichs, iii. p. Passe",yes,
V,34,BirdsAsiaJohnGoVGoul,144,portrait,Pyrrhula aurantia,"PYRRHULA AURANTIA, Gould.",ocr,0.899,"PYRRHULA AURANTIA, Orange-coloured Pyrrhula aurantiaca, Gould in Proc. of Zool. ",yes,
V,35,BirdsAsiaJohnGoVGoul,148,portrait,Pyrrhula orientalis,"PYRRHULA ORIENTALIS, Temmet Schleg",ocr,0.905,"PYRRHULA ORIENTALIS, Temm. et Oriental Pyrrhula Orientals, Temm. et Schleg. Faun",yes,
V,36,BirdsAsiaJohnGoVGoul,152,portrait,Pyrrhula erythrocephala,"PYRREULA ERYTHROCEPHALA, Vig",ocr,0.911,"PYRRHULA ERYTHROCEPHALA, Red-headed Pyrrhula erythrocephala, Vig. in Proc. of Co",yes,
V,37,BirdsAsiaJohnGoVGoul,156,portrait,Pyrrhula Nipalensis,"PYRRHULA NIPALENSIS, #odys.",ocr,0.909,"PYRRHULA NIPALENSIS, Nepaulese Pyrrhula Nipalensis, Hodgs. Asiat. Res., vol. xix",yes,
V,38,BirdsAsiaJohnGoVGoul,160,portrait,Pyrrhula major,"PYRRHULA MAJOR, Brehm.",ocr,0.921,"PYRRHULA MAJOR, Northern Lowa pyrrhula, Linn. Syst. Nat. i. p. 300 Fringilla pyr",yes,
V,39,BirdsAsiaJohnGoVGoul,164,portrait,Pyrrhula erithacus,"PYRRHULA ERYTHACUS, Blyth.",ocr,0.929,"PYRRHULA ERITHACUS, Beavan’s Pyrrhula erythaca, Blyth, Journ. Asiat. Soc. Beng. ",yes,
V,40,BirdsAsiaJohnGoVGoul,168,portrait,Pyrrhula cineracea,"PYRRHULA CINERACEA, Cab.",ocr,0.916,"PYRRHULA Cinereous Pyrrhula Cassinn, Cabanis, J. f. O., 1871, p. 318 (nec cinera",yes,
V,41,BirdsAsiaJohnGoVGoul,172,portrait,Loxia Himalayana,"LOXIA HIMALAYANA, Hodgs.",ocr,0.91,"LOXIA HIMALAYANA, Himalayan Lowa himalayana, Hodgs. in Gray’s Zool. Misc. 1844, ",yes,
V,42,BirdsAsiaJohnGoVGoul,176,portrait,Sturnus unicolor,"STURNUS UNICOLOR, La Marm.",ocr,0.919,"STURNUS UNICOLOR, De ia Sardinian Sturnus unicolor, De la Marmora, Temm. Man. d’",yes,
V,43,BirdsAsiaJohnGoVGoul,180,portrait,Sturnus Humii,"STURNUS HUMIX, Gould.",ocr,0.915,"STURNUS HUMII, Hume’s Sturnus unicolor auct. from N.W. India (nec De La — nitens",yes,
V,44,BirdsAsiaJohnGoVGoul,184,portrait,Sturnus purpurascens,"SLURNUS PURPURASCENS, Gould.",ocr,0.928,"STURNUS PURPURASCENS, ’ Persian Sturnus purpurascens, Gould, in Proc. of Zool. S",yes,
V,45,BirdsAsiaJohnGoVGoul,188,portrait,Amydrus Tristrami,"AMYDRUS TRISTRAMI, Sclater:",ocr,0.921,"AMYDRUS TRISTRAML, Aristrarn: Amydrus tristramii, Sclater in Ann. and Mag. of Na",yes,
V,46,BirdsAsiaJohnGoVGoul,192,portrait,Urocissa cerulea,"UROCISSA CÆRULEA, Gould.",ocr,0.928,"UROCISSA CARULBEA, Formosan Blue Urocissa cerulea, Gould in Proc. of Zool. Soc.,",yes,
V,47,BirdsAsiaJohnGoVGoul,196,portrait,Urocissa occipitalis,"TROCISSA OCCIPITALIS,",ocr,0.917,"UROCISSA Nepaulese Blue Pica erythrorhyncha, Vig. in Proc. of Comm. of Sci. and ",yes,
V,48,BirdsAsiaJohnGoVGoul,200,portrait,Urocissa Sinensis,UROCISSA SINENSIS.,ocr,0.921,"UROCISSA Chinese Blue Cuculus sinensis, Linn. Syst. Nat., tom. i p. 171.—Ib. Gme",yes,
V,49,BirdsAsiaJohnGoVGoul,204,portrait,Urocissa magnirostris,UROCISSA MAGNIROSTRIS.,ocr,0.925,"UROCISSA Great-billed Blue Psilorhinus magnirostris, Blyth, Journ. Asiat. Soc. B",yes,
V,50,BirdsAsiaJohnGoVGoul,208,portrait,Urocissa flavirostris,UROCISSA FLAVIROSTRIS.,ocr,0.932,"a UROCISSA Yellow-billed Blue Psilorhinus flavirostris, Blyth, Journ. Asiat. Soe",yes,
V,51,BirdsAsiaJohnGoVGoul,212,portrait,Urocissa cucullata,"UROCISSA CUCULLATA, Gould.",ocr,0.927,"UROCISSA CUCULLATA, White-capped Blue Psilorhinus flavirostris, Adams in Proc. o",yes,
V,52,BirdsAsiaJohnGoVGoul,216,portrait,Crypsirhina cucullata,"CRYPSIRINA CUCULLATA, Jera.",ocr,0.933,"CRYPSIRHINA CUCULLATA, Hooded Crypsirhina (Temia) cucullata, Jerd. in Ibis, vol.",yes,
V,53,BirdsAsiaJohnGoVGoul,220,portrait,Cissa pyrrhocyanea,CISSA PYRRHOCYANEA.,ocr,0.902,"CISSA Red and Blue Corvus pyrrhocyaneus, Licht. in Mus. Cissa puella, Blyth, Cat",yes,
V,54,BirdsAsiaJohnGoVGoul,224,portrait,Cissa venatoria,CISSA VENATORIA.,ocr,0.92,CISSA Hunting Corvus Sinensis and C. speciosus of the older authors Kitta venato,yes,
V,55,BirdsAsiaJohnGoVGoul,228,portrait,Pica leucoptera,"PICA LEUCOPTERA, Gould.",ocr,0.934,"PICA LEUCOPTERA, White-winged Pica leucoptera, Gould in Proc. of Zool. Soc., Jan",yes,
V,56,BirdsAsiaJohnGoVGoul,232,portrait,Pica Bactriana,"PICA BACTRIANA, Bonap.",ocr,0.919,"PICA BACTRIANA, Affghan Pica caudata, Blyth, Journ. Asiat. Soc. Beng., vol. xv. ",yes,
V,57,BirdsAsiaJohnGoVGoul,236,portrait,Pica Bottanensis,"PICA BOTTANENSIS, Deessert.",ocr,0.924,"PICA BOTTANENSI S, Bootan Pica bottanensis, Deless. Rey. Zool. 1840, p. 100.—Id.",yes,
V,58,BirdsAsiaJohnGoVGoul,240,portrait,Garrulus Taivanus,"CARRULUS TAIVANUS, Gould.",ocr,0.919,"GARRULUS TAIVANUS, Formosan Garrulus Tawanus, Gould in Proc. of Zool. Soc. 1862,",yes,
V,59,BirdsAsiaJohnGoVGoul,244,portrait,Nucifraga multipunctata,VUCIFRACA MUTTIPUNCTATA: Could.,ocr,0.919,"NUCIFRAGA MULTIPUNCTATA, Many-spotted Nucifraga multipunctata, Gould in Proc. of",yes,
V,60,BirdsAsiaJohnGoVGoul,248,portrait,Podoces Biddulphi,"PODOCES BIDDULPHL, Hume.",ocr,0.909,"PODOCES BIDDULPHI, Biddulph’s Podoces Biddulph, Hume, Stray Feathers, ii. pp. 50",yes,
V,61,BirdsAsiaJohnGoVGoul,252,portrait,Podoces Hendersoni,"PODOCES HENDERSONI, Hune.",ocr,0.924,"SS PODOCES HENDERSONI, Henderson’s Podoces Hendersoni, Hume, Ibis, 1871, p. 408.",yes,
V,62,BirdsAsiaJohnGoVGoul,256,portrait,Podoces Panderi,"PODOCES PANDERI, Fischer",ocr,0.923,"PODOCES PANDERI, Pander’s Podoces Panderi, Fischer, Mém. Imp. Soc. Nat. Mose., v",yes,
V,63,BirdsAsiaJohnGoVGoul,260,portrait,Podoces humilis,"PODOCES HUMILIS, Humc.",ocr,0.923,"PODOCES HUMILIS, Dingy Podoces humilis, Hume, Ibis, 1871, p. 408.—Hume & Henders",yes,
V,64,BirdsAsiaJohnGoVGoul,264,portrait,Pitta bengalensis,PITTA BENCALENSIS.,ocr,0.916,"PITTA Bengal Coturnix bengalensis, Albin, Birds, vol. i. pl. Corvus brachyurus, ",yes,
V,65,BirdsAsiaJohnGoVGoul,268,portrait,Pitta oreas,"PITTA OREAS, Swinh.",ocr,0.915,"PITTA OREAS, Formosan Pitta oreas, Swinh. in Ibis, 1864, p. 428.—Elliot, Ibis, 1",yes,
V,66,BirdsAsiaJohnGoVGoul,272,portrait,Pitta Ellioti,"PITTA ELLIOTI, Oust.",ocr,0.922,"PITTA ELLIOTI, Elliot’s Pitta elliott, Oustalet, Nouvelles Archives du Muséum, v",yes,
V,67,BirdsAsiaJohnGoVGoul,276,portrait,Pitta granatina,PITTA GRANATINA.,ocr,0.919,"PITTA GRANATINA, Bornean Pitta granatina, Temm. Pl. Col. 506.—Lesson, Traité d’O",yes,
V,68,BirdsAsiaJohnGoVGoul,280,portrait,Pitta coccinea,"PITTA COCCINEA, Eyton.",ocr,0.914,"PITTA COCCINEA, Malaccan Pitta coccinea, Kyton, Proceedings of the Zoological So",yes,
V,69,BirdsAsiaJohnGoVGoul,284,portrait,Pitta arquata,"PITTA ARQUATA, Gould.",ocr,0.895,"PITTA ARQUATA, Necklaced Pitta (Phenicocichla) arquata, Gould in Ann. & Mag. Nat",yes,
V,70,BirdsAsiaJohnGoVGoul,288,portrait,Pitta megarhyncha,"PITTA MEGARHYNCHA, Schleg.",ocr,0.909,"PITTA MEGARHYNCHA, Large-billed",yes,
V,71,BirdsAsiaJohnGoVGoul,292,landscape,Pitta Kochi,"PITTA KOCHI, Brüggem.",ocr,,"PITTA KOCHL, Kool Pitta kochi, Briggem. Abhandl. nat. Verein. Bremen, Band v. p.",yes,
V,72,BirdsAsiaJohnGoVGoul,296,portrait,Pitta Baudii,"PITTA BAUTDII, Müller & Schleg.",ocr,0.93,"PITTA BAUDII, mu. & Red-backed Pitta baudu, Muller & Schl. Verh. Natuurl. Gesch.",yes,
V,73,BirdsAsiaJohnGoVGoul,300,portrait,Pitta Gurneyi,"PITTA GURNEYI, Hume.",ocr,0.903,"PITTA GURNEYI, Gurney’s Pitta gurneyi, Hume, Stray Feathers, vol. iii. no. 4, p.",yes,
V,74,BirdsAsiaJohnGoVGoul,304,portrait,Pitta Steerii,PITTA STEEREI.,ocr,0.916,"PITTA | Steere’s Brachyurus steerti, Sharpe, Nature, August 3,",yes,
V,75,BirdsAsiaJohnGoVGoul,308,portrait,Pitta Ussheri,PITTA USSHERI.,ocr,0.911,"EOE PITTA Ussher’s Brachyurus ussheri, Sharpe, Proc. Zool. Soc. February 6,",yes,
V,76,BirdsAsiaJohnGoVGoul,312,portrait,Pitta atricapilla,"PITTA ATRICAPILLA, CUV:",ocr,0.917,"PIreLeyx ATRICAPILLA, Black-headed Pitta atricapilla, Cuv.—Miill. Verh. Nat. Ges",yes,
V,77,BirdsAsiaJohnGoVGoul,316,portrait,Pitta cyanura,PITTA CYANURA.,ocr,0.919,"PITTA Blue-tailed Turdus cyanurus, Gmel. edit. Linn. Syst. Nat., tom. i. p. 828.",yes,
V,78,BirdsAsiaJohnGoVGoul,320,portrait,Pitta Schwaneri,"PITTA SCHWANERI, Temm.",ocr,0.925,"PITTA SCHWANERI, Schwaner’s",yes,
V,79,BirdsAsiaJohnGoVGoul,324,portrait,Pitta Nipalensis,PITTA NIPALENSIS: Hodgs:,ocr,0.912,". 2 PITTA Nepaul Paludicola Nipalensis, Hodgs. Journ. Asiat. Soc. Beng., vol. vi",yes,
V,80,BirdsAsiaJohnGoVGoul,328,portrait,Pitta cyanea,PITTA CYANEA: Blyth.,ocr,0.903,"PITTA CYANEA,",yes,
V,81,BirdsAsiaJohnGoVGoul,332,landscape,Pitta caerulea,PITTA CARULEA.,ocr,,"PITTA Cerulean Myiothera cerulea, Raffles, Transactions of the Linnean Society, ",yes,
V,82,BirdsAsiaJohnGoVGoul,336,portrait,Pitta cucullata,"PITTA CUCULLATA, Hartlaub.",ocr,0.91,"PITTA CUCULLATA, Hooded Pitta cucullata, Hartl. Rev. et Mag. de Zool. 1833, p. 6",yes,
V,83,BirdsAsiaJohnGoVGoul,340,portrait,Pitta Boschii,"PITTA BOSCHX, Müll & Schleg.",ocr (garbled),0.922,"PITTA BOSCHILI, miu. ct Van der Bosch’s Pitta Boschu, Mull. et Schleg. Verh. Nat",yes,
VI,1,BirdsAsiaJohnGoVIGoul,12,portrait,Palaeornis Calthropae,PALÆORNIS CALTUROPE. Lavard.,ocr,0.938,"PALZORNIS CALTHROPA, Mrs. Layard’s Paleorms Calthrope, Layard, J. A. S. B., xvii",yes,
VI,2,BirdsAsiaJohnGoVIGoul,16,portrait,Paleornis rosa,PALEORNIS ROSA.,ocr,0.953,"PALZORNIS Blossom-headed Psitiacus purpureus, Mull. S. N. Suppl., p. - rosa, Bod",yes,
VI,3,BirdsAsiaJohnGoVIGoul,20,portrait,Paleornis cyanocephala,PALÆORMIS CYANOCEPHALA.,ocr,0.95,PALA ORNIS Burmese,yes,
VI,4,BirdsAsiaJohnGoVIGoul,24,portrait,Paleornis Luciani,"PALÆORNIS LUCIANI, J.Ver",ocr,0.951,"PALAORNIS LUCIANI, J. Bonaparte’s Paleorms Luciane, J. Verr. Rev. et Mag. de Zoo",yes,
VI,5,BirdsAsiaJohnGoVIGoul,28,portrait,Paleornis caniceps,"PALMORNIS CANICEPS, Blyth",ocr,0.947,"PALZORNIS CANICEPS, Grey-headed Paleornis caniceps, Blyth, Journ. Asiat. Soc. Be",yes,
VI,6,BirdsAsiaJohnGoVIGoul,32,portrait,Paleornis Nicobaricus,PALÆORNIS NICOBARICUS.,ocr,0.953,"PALHZORNIS Nicobar Paleornis erythrogenys, Blyth, Journ Asiat. Soc. Beng., vol. ",yes,
VI,7,BirdsAsiaJohnGoVIGoul,36,portrait,Paleornis Columboides,"PALÆORNIS COLUMBOIDES, Vig",ocr,0.931,"PALHORNIS COLUMBOIDES, Blue-winged Paleornis columboides, Vig. in Zool. Journ., ",yes,
VI,8,BirdsAsiaJohnGoVIGoul,40,portrait,Paleornis schisticeps,"PALÆORNIS SCHISTICEPS, Hodgs.",ocr,0.934,"PALAORNIS SCHISTICEPS, Slaty-headed Palgornis schisticeps, Hodgs. Asiat. Res., v",yes,
VI,9,BirdsAsiaJohnGoVIGoul,44,portrait,Paleornis Derbianus,"PALÆORNIS DERBIANUS, Fraser",ocr,0.937,"PALA ORNIS DERBIANUS, The Earl of Derby’s Paleorms Derbianus, Fras. in Proc. of ",yes,
VI,10,BirdsAsiaJohnGoVIGoul,48,portrait,Paleornis Malaccensis,PALÆORNIS MALACCENSIS.,ocr,0.934,"PALAAORNIS Malacca Psittacus longicauda, Bodd. Tabl. des Pl. Enl. Daub., p. Palo",yes,
VI,11,BirdsAsiaJohnGoVIGoul,52,portrait,Paleornis affinis,"PALÆORNIS AFFINIS, Gould.",ocr,0.94,"PALAZORNIS AFFINIS, Allied",yes,
VI,12,BirdsAsiaJohnGoVIGoul,56,portrait,Prioniturus setarius,PRIONITURUS SETARIUS.,ocr,0.951,"PRIONITURUS Racket-tailed Psittacus setarius, Temm. Pl. col. Prionturus platurus",yes,
VI,13,BirdsAsiaJohnGoVIGoul,60,portrait,Prioniturus flavicans,"PRIONITURUS FLAVICANS, Cass.",ocr,0.944,"PRIONITURUS FLAVICANS, Great Racket-tailed Psittacus platurus, Vieill. Nouv. Dic",yes,
VI,14,BirdsAsiaJohnGoVIGoul,64,portrait,Prioniturus spatuliger,PRIONITURUS SPATULIGER.,ocr,0.947,"PRIONITURUS Philippine Racket-tailed Psittacus discurus, Vieill. Gal. des Ois., ",yes,
VI,15,BirdsAsiaJohnGoVIGoul,68,portrait,Prioniturus discurus,PRIONITURUS DISCOSURUS®,ocr (garbled),0.947,"PRIONTFURUS Little Racket-tailed Psittacus discurus, Vieill. Gal. des Ois., tom.",yes,
VI,16,BirdsAsiaJohnGoVIGoul,72,portrait,Picus insularis,PICUS INSULARIS Gould,ocr,0.939,"PICUS INSULARIS, Formosan Spotted Picus insularis, Gould in Proc. of Zool. Soc. ",yes,
VI,17,BirdsAsiaJohnGoVIGoul,76,portrait,Picus Cabanisi,"PICUS CABANISI, Malh.",ocr,0.942,"PICUS CABANISI, Chinese Spotted Picus Cabanisi, Malh. in Cabanis’ Journ. fiir Or",yes,
VI,18,BirdsAsiaJohnGoVIGoul,80,portrait,Hemicercus cordatus,"HEMICERCUS CORDATUS, Jerdon.",ocr,0.948,"HEMICERCUS CORDATUS, (Heart-spotted Hemicercus cordatus, Jerd. Madr. Journ. xi. ",yes,
VI,19,BirdsAsiaJohnGoVIGoul,84,portrait,Hemicercus concretus,HEMICEROUS CONCRETUS.,ocr,0.943,"HEMICERCUS (Javan Heart-spotted Picus concretus, Temm. Pl. Col. iv. pl. 90. figs",yes,
VI,20,BirdsAsiaJohnGoVIGoul,88,portrait,Hemicercus Hartlaubi,HEMICERCUS HARTILAUBI®,ocr,0.927,"HEMICERCUS Hartlaub’s Heart-spotted Hemacercus coccometopus, Reich. Handb. Picin",yes,
VI,21,BirdsAsiaJohnGoVIGoul,92,portrait,Iyngipicus scintilliceps,IYNGIPICUS SCINTILLICEPS.,ocr,0.931,"IYNGIPICUS Swinhoe’s Pygmy Picus sp., Swinhoe, Ibis, 1861, p. Picus scintillicep",yes,
VI,22,BirdsAsiaJohnGoVIGoul,96,portrait,Iyngipicus Doerriesi,"IYNGIPICUS DOERRIESI, Hargitt.",ocr,0.924,"TIYNGIPICUS DOERRIESL, Dorries’s Pygmy",yes,
VI,23,BirdsAsiaJohnGoVIGoul,100,portrait,Iyngipicus aurantiiventris,IYNGIPICUS AURANTUVENTRIS.,ocr,0.928,"IYNGIPICUS Orange-breasted Pygmy Picus (Beopipo) aurantiwventris, Salvad. Atti R",yes,
VI,24,BirdsAsiaJohnGoVIGoul,104,portrait,Iyngipicus Ramsayi,"IYNGIPICOS RAMSAYI, Hargitt.",ocr,0.931,"IYNGIPICUS RAMSAYI, Ramsay’s Pygmy Yungipicus aurantuventris, Tweedd. P. Z.S. 18",yes,
VI,25,BirdsAsiaJohnGoVIGoul,108,portrait,Iyngipicus Temmincki,IYNGIPICUS TEMMINCKI.,ocr,0.927,"IYNGIPICUS Temminck’s Pygmy Picus temmincki, Malherbe, Rev. et Mag. de Zool. 184",yes,
VI,26,BirdsAsiaJohnGoVIGoul,112,portrait,Iyngipicus semicoronatus,IYNGIPICUS SEMICORONATUS .,ocr,0.93,"IYNGIPICUS Darjiling Pygmy Picus pygmaeus, old bird, Blyth, J. A. S. B. xiv. p. ",yes,
VI,27,BirdsAsiaJohnGoVIGoul,116,portrait,Iyngipicus canicapillus,IYNGIPICUS CANICAPILLUS.,ocr,0.924,"[TYNGIPICUS Grey-headed Pygmy Picus canicapillus, Blyth, J. A. S. Beng. xiv. p. ",yes,
VI,28,BirdsAsiaJohnGoVIGoul,120,portrait,Iyngipicus Hardwickii,IYNCIPICUS HARDWICKI.,ocr,0.933,"IYNGIPICUS Hardwicke’s Pygmy Picus moluccensis (nec Gmelin), Gray, in Hardw. Ill",yes,
VI,29,BirdsAsiaJohnGoVIGoul,124,portrait,Iyngipicus auritus,IYNGIPICUS AURITUS.,ocr,0.93,"TYNGIPICUS Malayan Pygmy Petit Pic des Moluques, Daubent. Pl. Enl. pl. 748. fig.",yes,
VI,30,BirdsAsiaJohnGoVIGoul,128,portrait,Iyngipicus maculatus,IYNGIPICUS MACULATUS®,ocr,0.933,"IYNGIPICUS Sonnerat’s Pygmy Petit Pic d Antigue, Sonn. Voy. Nouv. Guin. p. 118, ",yes,
VI,31,BirdsAsiaJohnGoVIGoul,132,portrait,Iyngipicus fulvifasciatus,"IYNGIPICUS FULVIFAS CIATUS, Hargitt.",ocr,0.938,"TYNGIPICUS FULVIFASCIATUS, Banded Pygmy Yungipicus validirostris, Tweeddale (nec",yes,
VI,32,BirdsAsiaJohnGoVIGoul,136,portrait,Iyngipicus gymnophthalmus,TYNGIPICUS CYMNOPHTHALMUS.,ocr,0.936,"IYNGIPICUS Ceylonese Pygmy Little Brown Woodpecker, Lath. Gen. Syn. Suppl. p. 10",yes,
VI,33,BirdsAsiaJohnGoVIGoul,140,portrait,Iyngipicus peninsularis,"IYNGIPICUS PENINSULARIS, Hargitt.",ocr,0.925,"IYNGIPICUS PENINSULARIS,",yes,
VI,34,BirdsAsiaJohnGoVIGoul,144,portrait,Iyngipicus nanus,IYNGIPICUS NANUS®,ocr,0.925,"IYNGIPICUS Vigors’s Pygmy Picus nanus, Vigors, P. Z. S. 1831, p. 172.—Gray, Gen.",yes,
VI,35,BirdsAsiaJohnGoVIGoul,148,portrait,Gecinus Tancolo,"GECINUS TANCOLO, Gould.",ocr,0.957,"GECINUS TANCOLO, Formosan Green Gecinus tancolo, Gould in Proc. of Zool. Soc. 18",yes,
VI,36,BirdsAsiaJohnGoVIGoul,152,portrait,Chrysophlegma flavinucha,CHRYSOPHLEGMA FLAVINUCHA: Gould.,ocr,0.941,"CHRYSOPHLEGMA FLAVINUCHA, Yellow-naped Picus flavinucha, Gould in Proc. of Zool.",yes,
VI,37,BirdsAsiaJohnGoVIGoul,156,portrait,Chrysocolaptes xanthocephalus,"CHRYSOCOLAPTES XANTHOCEPHALUS, Walden.",ocr,0.929,"CHRYSOCOLAPTES XANTHOCEPHALUS, Negros Yellow-faced Chrysocolaptes «anthocephalus",yes,
VI,38,BirdsAsiaJohnGoVIGoul,160,portrait,Yunx Indica,YUNX- INNDICA: Gould,ocr,0.942,"YUNX INDICA, Indian Yunx Indica, Gould in Proc. of Zool. Soc., November 13, Ir i",yes,
VI,39,BirdsAsiaJohnGoVIGoul,164,portrait,Vivia innominata,VIVIA INNOMINATA.,ocr,0.954,"VIVIA Speckled Picumnus mnominatus, Burton, in Proc. of Zool. Soc., part ill, 18",yes,
VI,40,BirdsAsiaJohnGoVIGoul,168,portrait,Sasia ochracea,"SASIA OCHRACEA, Hodss.",ocr,0.942,"SASIA OCHRACEA, Rufous Sasia ochracea, Hodgs. Journ. Asiat. Soc. Beng., vol. v. ",yes,
VI,41,BirdsAsiaJohnGoVIGoul,172,portrait,Sasia abnormis,SASIA ABNORMIS.,ocr,0.953,"SASIA Malayan Picumnus abnormis, Temm. Pl. Col., 371. fig. 3.—Less. Traité d’Orn",yes,
VI,42,BirdsAsiaJohnGoVIGoul,176,portrait,Cuculus strenuus,"CUCULUS STRENUUS, Gould.",ocr,0.932,"CUCULUS STRENUUS, Powerful Cuculus strenuus, Gould in Proc. of Zool. Soc. April ",yes,
VI,43,BirdsAsiaJohnGoVIGoul,180,portrait,Cuculus hyperythrus,"CTCULUS HYPERYTHRUS, Gould.",ocr,0.924,"CUCULUS HYPERYTHRUS, Rufous-bellied Cuculus hyperythrus, Gould in Proc. of Zool.",yes,
VI,44,BirdsAsiaJohnGoVIGoul,184,portrait,Dasylophus superciliosus,DASYLOPHUS SUPERCILIOSUS.,ocr,0.941,"DASYLOPHUS (Hairy-browed Pheencophaus superciliosus, Drap., Dict. Class. d’Hist.",yes,
VI,45,BirdsAsiaJohnGoVIGoul,188,portrait,Lepidogrammus Cumingi,LEPIDOGRAMMUS COMINGI.,ocr,0.928,"LEPIDOGRAMMUS Curled-crested Pheenicophaus cumingi, Fraser, P. Z.S. 1839, p. 112",yes,
VI,46,BirdsAsiaJohnGoVIGoul,192,portrait,Chalcites Hodgsoni,CHALCITES HODGSONI.,ocr,0.93,"CHALCITES Emerald The Spotted Curucui, Browne, Illustr. Zool. pl. 13, fig. 2 Tro",yes,
VI,47,BirdsAsiaJohnGoVIGoul,196,portrait,Chalcites xanthorhynchus,CHALCITES XANTHORHYNCHUS.,ocr,0.933,"CHALCITES Amethystine Cuculus wanthorhynchus, Horsfield, Transactions of the Lin",yes,
VI,48,BirdsAsiaJohnGoVIGoul,200,portrait,Indicator xanthonotus,"INDICATOR XANTHONOTUS, Blyth.",ocr,0.945,"INDICATOR Yellow-rumped Indicator xanthonotus, Blyth, Journ. As. Soc. Beng. xi. ",yes,
VI,49,BirdsAsiaJohnGoVIGoul,204,portrait,Megalaema nuchalis,"MEGALAMA NUCHALIS, Could.",ocr,0.945,"MEGALAMA NUCHALIS, Embroidered Megalema nuchalis, Gould in Proc. of Zool. Soc. 1",yes,
VI,50,BirdsAsiaJohnGoVIGoul,208,portrait,Megalaema Franklinii,MOEGALCEMA FRANKLINI.,ocr,0.946,"MEGALAMA Franklin’s Bucco Franklinu, Blyth, Journ. Asiat. Soc. Beng., vol. xi. p",yes,
VI,51,BirdsAsiaJohnGoVIGoul,212,landscape,Phlogoenas cruenta,PHLOCOENAS CIROFNTA.,ocr (garbled),,"PHLOGQCENAS Rue Red-breasted La Tourterelle grise ensanglantée, Sonn. Voy. a la ",yes,
VI,52,BirdsAsiaJohnGoVIGoul,216,landscape,Phlogoenas crinigera,PILOGOFNAS CRINIGERA.,ocr,,"PHLOGCINAS Maroon-breasted Pigeon. Peristera crimger, Homb.et Jacq. in Dum. d’Ur",yes,
VI,53,BirdsAsiaJohnGoVIGoul,220,landscape,Otidiphaps nobilis,"OTIDIPHAPS NOBILIS, Gould.",ocr,,"OTIDIPHAPS NOBILIS, Otidiphaps nobilis, Gould, in Ann. and Mag. Nat. Hist., 1870",yes,
VI,54,BirdsAsiaJohnGoVIGoul,224,portrait,Columba rupestris,"COLUMBA RUPESTRIS, Pall.",ocr,0.929,"COLUMBA Mongolian Columba enas, var. 5. rupestris, Pallas, Zoogr. Rosso-As., i. ",yes,
VI,55,BirdsAsiaJohnGoVIGoul,228,portrait,Columba leuconota,"COLUMBA LEUCONOTA, Vig.",ocr,0.936,"COLUMBA LEUCONOTA, White-bellied Columba leuconota, Vigors, P. Z. S., 1830-31, p",yes,
VI,56,BirdsAsiaJohnGoVIGoul,232,portrait,Columba intermedia,"COLUMBA INTERMEDIA, Strickl.",ocr,0.933,"COLUMBA INTERMEDIA, Indian Columba intermedia, Strickl. Ann. & Mag. Nat. Hist. x",yes,
VI,57,BirdsAsiaJohnGoVIGoul,236,portrait,Palumbus Elphinstonei,PALUMBUS ELPHINSTONEI.,ocr,0.929,"PALUMBUS Elphinstone’s Wood Ptilinopus Elphinstonu, Sykes in Proc. of Comm. of S",yes,
VI,58,BirdsAsiaJohnGoVIGoul,240,portrait,Palumbus pulchricollis,"PALUMBUS PULCHRICOLAIS,",ocr,0.933,PALUMBUS Collared Wood,yes,
VI,59,BirdsAsiaJohnGoVIGoul,244,portrait,Phlogoenas tristigmata,PILOGŒNAS TRISTIGMATA .,ocr,0.937,"PHLOGCENAS Branded Columba tristigmata, Temm. in Mus. Lugd.—Schleg. De Dier. , f",yes,
VI,60,BirdsAsiaJohnGoVIGoul,248,landscape,Syrrhaptes paradoxus,SYRRHAPTES PARADOXUS.,ocr,,"SYRRHAPTES Pallas’s Tetrao paradoxa, Pall. Itin., tom. ii. p. 712, tab. F.—Id. Z",yes,
VI,61,BirdsAsiaJohnGoVIGoul,252,landscape,Syrrhaptes Tibetanus,SYRRHAPTES TIBETANUS: Gould,ocr,,"SYRRHAPTES TIBETANUS, Tibetian Short-toed Sand Syrrhaptes Tibetanus, Gould in Pr",yes,
VI,62,BirdsAsiaJohnGoVIGoul,256,landscape,Pterocles guttatus,PTEROCLES GUTTATIYS Zih,ocr (garbled),,"PTEROCLES GUTTATUS, Spotted Sand Gelinotte du Senegal, Buff. Pl. Enl. Pierocles ",yes,
VI,63,BirdsAsiaJohnGoVIGoul,260,landscape,Pterocles coronatus,PTEROCLES CORONATUS: Lickt,ocr,,"PTEROCLES CORONATUS, Coronetted Sand Pterocles coronatus, Licht. Verz. der Doubl",yes,
VI,64,BirdsAsiaJohnGoVIGoul,264,landscape,Pterocles exustus,PTEROCLES EXUSTUS:Temm:,ocr,,"PTEROCLES EXUSTUS, Whistling Sand Pterocles exustus, Term. Pl. Col. 354, 360.—Gr",yes,
VI,65,BirdsAsiaJohnGoVIGoul,268,landscape,Pterocles fasciatus,PTEROCLES FASCIATUS.,ocr,,"PTEROCLES Banded Sand La Gélinote des Indes, Sonnerat, Voy. aux Indes, &c., tom.",yes,
VI,66,BirdsAsiaJohnGoVIGoul,272,portrait,Tetrao Mlokosiewiczi,TETRAO MLOKOSIEWICZI. Tacz.,ocr,0.948,"TETRAO MLOKOSIEWICZL, Georgian Black Tetrao mlokosiewiczi, Taczanowski, Proc. Zo",yes,
VI,67,BirdsAsiaJohnGoVIGoul,276,landscape,Galloperdix Zeylonicus,GALLOPERDIX ZEYLLONENSIS.,ocr (garbled),,"GALLOPERDIX Ceylon Tetrao Zeylonensis, Gmel. Edit. Linn. Syst. Nat. tom. i. par.",yes,
VI,68,BirdsAsiaJohnGoVIGoul,280,landscape,Galloperdix spadiceus,CALLLOPERDIX SPADICEUS.,ocr,,"GALLOPERDIX Rufous Tetrao spadiceus, Gmel. Edit. Linn. Syst. Nat. tom. i. par. i",yes,
VI,69,BirdsAsiaJohnGoVIGoul,284,landscape,Galloperdix lunulosa,GALLOPERDIX LUNULOSA.,ocr,,"GALLOPERDIX Painted Perdix lunulosa, Valenc. lunulatus, Valenc. Nouv. Dict. d’Hi",yes,
VI,70,BirdsAsiaJohnGoVIGoul,288,landscape,Hematortyx sanguiniceps,"HÆMATORTYX SANGUINICEPS, Sharpe.",ocr,,"HA MATORTYX SANGUINICEPS, Crimson-vented Hematortyx sanguiniceps, Sharpe, Ibis, ",yes,
VI,71,BirdsAsiaJohnGoVIGoul,292,landscape,Bambusicola hyperythra,"BAMBUSICOLA HYPERYTHRA, Sharpe.",ocr,,"BAMBUSICOLA HYPERYTHRA, Rufous-breasted Bambusicola hyperythra, Sharpe, Ibis, 18",yes,
VI,72,BirdsAsiaJohnGoVIGoul,296,landscape,Bambusicola sonorivox,"BAMBUSICOLA SONORIVOX, Gould.",ocr,,"BAMBUSICOLA SONORIVOX, Formosan Bamboo Bambusicola sonorwox, Gould, in Proc. of ",yes,
VI,73,BirdsAsiaJohnGoVIGoul,300,landscape,Perdix barbata,"PIERDIX BARBATA, J.Verr &O.DesMus.",ocr,,"PERDIX BARBATA, J. Perr. & 0. Des Resrded: Perdi« barbata, J. Very. & O. Des Mur",yes,
VI,74,BirdsAsiaJohnGoVIGoul,304,landscape,Perdix Hodgsoniae,PERDIX HODGSONIE.,ocr,,"PERDIX Thibet Sacfa Hodgsone, Hodgs. Journ. Asiat. Soc. Beng., new ser. vol. xxv",yes,
VI,75,BirdsAsiaJohnGoVIGoul,308,landscape,Lerwa nivicola,N1ERWA NIVICONAg Hodgs.,ocr,,"LERWA_NIVICOLA, Lerwa Perdis Lerwa, Hodgs. in Proc. of Zool. Soc., part i. p. 10",yes,
VII,1,BirdsAsiaJohnGoVIIGoul,12,landscape,Ammoperdix Bonhami,AMMOPERDIX BONHAMI.,ocr,,"AMMOPERDIX Bonham’s Sand Caccabis Bonham, G. R. Gray, Ann. and Mag. Nat. Hist., ",yes,
VII,2,BirdsAsiaJohnGoVIIGoul,16,landscape,Ammoperdix Heyi,"AMМОРERDIX HEYI,",ocr,,"AMMOPERDIX Hey’s Sand Perdia Heyn, Temm. Pl. Col. 328, 329.—Jard. Nat. Lib. Orn.",yes,
VII,3,BirdsAsiaJohnGoVIIGoul,20,landscape,Microperdix erythrorhyncha,MICROPERDIX ERYTHRORHYNCHA.,ocr,,"MICROPERDIX Little Red-billed Coturme erythrorhyncha, Sykes in Proc. of Com. of ",yes,
VII,4,BirdsAsiaJohnGoVIIGoul,24,landscape,Perdicula Asiatica,PERDICULA ASIATICA.,ocr,,"PERDICULA Asiatic Perdix astaticus, Lath. Ind. Orn., vol. ii. p. Asiatic Partrid",yes,
VII,5,BirdsAsiaJohnGoVIIGoul,28,landscape,Perdicula Argoondah,PERDICULA ARGOONDAH.,ocr,,"PERDICULA Argoondah Coturma Argoondah, Sykes, Proc. of Comm. of Sci. and Corr. o",yes,
VII,6,BirdsAsiaJohnGoVIIGoul,32,landscape,Excalfactoria Chinensis,EXCALFATORIA CHONENSIS •,ocr,,"EXCALFATORIA Chinese Tetrao Chinensis, Linn. Syst. Nat., vol. i. p. 277.—Id. Gme",yes,
VII,7,BirdsAsiaJohnGoVIIGoul,36,landscape,Excalfactoria minima,"EXCALFATORIA MINIMA, Goald.",ocr,,"EXCALFACTORIA MINIMA, Minute Excalfactoria mmma, Gould in Proc. of Zool. Soc., p",yes,
VII,8,BirdsAsiaJohnGoVIIGoul,40,landscape,Malacoturnix superciliosus,MALACOTURNIX SUPERCILIOSUS .,ocr,,"MALACOTURNIX Slate-coloured Rollulus superciliosus, J. K. Gray, Knowsley Menager",yes,
VII,9,BirdsAsiaJohnGoVIIGoul,44,landscape,Coturnix Coromandelicus,COTURNIX COROMANDELICA.,eye,,"COTURNIX Coromandel Tetrao Coromandelicus, Gmel. Edit. Linn. Syst. Nat. tom. i. ",yes,
VII,10,BirdsAsiaJohnGoVIIGoul,48,landscape,Turnix Dussumieri,TURNIX DOSSUMERI. Temm.,ocr,,"TURNIX DUSSUMIERI, Little Hemipodius Dussumiert, Temm. Pl. Col. 454. fig. 2.—Syk",yes,
VII,11,BirdsAsiaJohnGoVIIGoul,52,landscape,Turnix fasciatus,TURNIX FASCIATUS.,ocr,,"TURNIX FASCIATUS, Fasciated Hemipodius fasciatus, Temm. Hist. Nat. Gén. des Pig.",yes,
VII,12,BirdsAsiaJohnGoVIIGoul,56,landscape,Lobiophasis castaneicaudatus,"LOBIOPRASIS CASTANEICAUDATUS, Sharpe",ocr,,"LOBIOPHASIS CASTANEICAUDATUS, Chestnut-tailed Lobed Lobiophasis castaneicaudatus",yes,
VII,13,BirdsAsiaJohnGoVIIGoul,60,portrait,Lobiophasis Bulweri,"LOBIOPHASIS BULWERI, Sharpe.",ocr,0.956,"LOBIOPHASIS BULWERL, Bulwer’s Lobiophasis Bulweri, Sharpe, Ann. N. H. 1874, 4th ",yes,
VII,14,BirdsAsiaJohnGoVIIGoul,64,landscape,Euplocamus lineatus,EUPLOCAMUS LINEATUS.,ocr,,"EUPLOCAMUS LINEATUS, Lineated Lophophorus Cuviert, Temm. Pl. Col., v. pl. 1 (182",yes,
VII,15,BirdsAsiaJohnGoVIIGoul,68,landscape,Euplocamus Vieilloti,"ETPLOCOMUS VIEILLOTI, GRGaY.",ocr,,"EUPLOCOMUS VIEILLOTI, @ RB. Vieillots Gallus ignitus, Vieill. Gal. des Ois., t. ",yes,
VII,16,BirdsAsiaJohnGoVIIGoul,72,portrait,Euplocamus Swinhoii,"EUPLOCOMUS SWINHOIL, Gould.",ocr,0.943,"EKUPLOCAMUS SWINHOLII, Swinhoe’s Euplocamus Swinhow, Gould, in Proc. of Zool. So",yes,
VII,17,BirdsAsiaJohnGoVIIGoul,76,portrait,Gennaeus nycthemerus,GENNÆUS NYCTHEMERUS.,ocr,0.93,"GENNAUS Pencilled Phasianus nycthemerus, Linn. Syst. Nat., tom. i. p. 272.—Ib. G",yes,
VII,18,BirdsAsiaJohnGoVIIGoul,80,landscape,Catreus Wallichii,CATREUS WALLICHI.,eye,,"CATREUS Lophophorus Wallichit, Hardw. in Linn. Trans., vol. xv. p. Phasianus Wal",yes,
VII,19,BirdsAsiaJohnGoVIIGoul,84,landscape,Thaumalea picta,TIAUMALEA PICTA.,ocr,,"THAUMALEA Golden Phasianus pictus, Linn. Syst. Nat., tom. i. p. 272.—Id. Gmel. E",yes,
VII,20,BirdsAsiaJohnGoVIIGoul,88,landscape,Thaumalea Amherstiae,TRÄUMALEA AMDERSTIE.,ocr,,"THAUMALEA Lady Ambherst’s Phasianus Amherstie, Leadb. in Linn. Trans., vol. xvi.",yes,
VII,21,BirdsAsiaJohnGoVIIGoul,92,landscape,Diardigallus praelatus,"DIARDICALLDS PRÆLATUS, Bonap",ocr,,"DIARDIGALLUS PRALATUS, Siamese Phasianus crawfurdii, Gray in Griff. edit. of Cuv",yes,
VII,22,BirdsAsiaJohnGoVIIGoul,96,portrait,Crossoptilon auritum,CROSSOPTILON AURITUM.,ocr,0.952,"CROSSOPTILON Chinese Phasianus auritus, Pall. Zoog. Rosso-Asiat., tom. ii. p. Cr",yes,
VII,23,BirdsAsiaJohnGoVIIGoul,100,landscape,Calophasis Ellioti,CALCOPHASIS ELLIOTI.,ocr,,"CALOPHASIS Elliot’s Phasianus Elhott, Swinhoe, P. Z. S. 1872, p. Calophasis Elli",yes,
VII,24,BirdsAsiaJohnGoVIIGoul,104,landscape,Pucrasia xanthospila,"PUCRASIA XANTHOSPILA, GRGray",ocr,,"PUCRASIA AANTHOSPILA, G. R. Chinese Pucras Pucrasia wanthospila, G. R. Gray in P",yes,
VII,25,BirdsAsiaJohnGoVIIGoul,108,landscape,Pucrasia Darwini,"PUCRASIA DARWINI, Swinhoe.",ocr,,"PUCRASIA DARWINI, Darwin’s Pucras Pucrasia Darwini, Swinhoe, P.Z.S., 1872, p. 55",yes,
VII,26,BirdsAsiaJohnGoVIIGoul,112,landscape,Pucrasia macrolopha,PUCRASIA MACROLOPHA.,ocr,,"PUCRASIA Himalayan Pucras Satyra macrolopha, Less. Dict. Sci. Nat. tom. lix. p. ",yes,
VII,27,BirdsAsiaJohnGoVIIGoul,116,landscape,Pucrasia castanea,"PUCRASIA CASTANEA, Gould",ocr,,"PUCRASIA CASTANEA, Kafiristan Pucras Pucrasia castanea, Gould in Proc. of Zool. ",yes,
VII,28,BirdsAsiaJohnGoVIIGoul,120,landscape,Pucrasia Nipalensis,"PUCRASIA NIPAIENSIS, Goulá",ocr,,"PUCRASIA NIPALENSIS, Nepaul Pucras",yes,
VII,29,BirdsAsiaJohnGoVIIGoul,124,landscape,Tetraogallus Caspius,TETRAOGALLTS,ocr (unreadable),,"TETRAOGALLUS | | Caspian Snow Tetrao Caspius, Gmel. Edit. of Linn. Syst. Nat., t",unread,
VII,30,BirdsAsiaJohnGoVIIGoul,128,landscape,Tetraogallus Himalayensis,JDETR AALD S,ocr (unreadable),,"TETRAOGALLUS HIMALAYENSIS, G. R. Himalayan Snow Tetraogallus Himalayensis, G. R.",unread,
VII,31,BirdsAsiaJohnGoVIIGoul,132,landscape,Tetraogallus Altaicus,ARRTR AOEATTTYS ATNATTYS,ocr (unreadable),,"TETRAOGALLUS Altaic Snow Perdie Altaica, Gebler, Bull. de Acad. Imp. de St. Péte",unread,
VII,32,BirdsAsiaJohnGoVIIGoul,136,landscape,Tetraogallus Tibetanus,TETRAOGALUS TIBETANUS Coud,ocr,,"TETRAOGALLUS TIBETANUS, Tibetan Snow Tetraogallus Tibetanus, Gould, in Proc. of ",yes,
VII,33,BirdsAsiaJohnGoVIIGoul,140,landscape,Phasianus Reevesii,"PHASIANUS REEVESII, JEGray",ocr,,"PHASIANUS REEVESIL v. EF. Reeyes’s Phasianus Reevesti, J. E. Gray in Griff. Anim",yes,
VII,34,BirdsAsiaJohnGoVIIGoul,144,landscape,Phasianus colchicus,"PHASIANUS COLCHICUS, Linn.",ocr,,"PHASIANUS COLCHICUS, Common Phasianus Colchicus, Linneus et Tue generic term Pha",yes,
VII,35,BirdsAsiaJohnGoVIIGoul,148,landscape,Phasianus Shawii,"PHASIANUS SIAWI, Flliot.",ocr (garbled),,"PHASIANUS SHAWL, Shaw’s Phasianus shawi, Elliot, P.Z.S. 1870, p. 403.—Id. Monogr",yes,
VII,36,BirdsAsiaJohnGoVIIGoul,152,landscape,Phasianus chrysomelas,"PHASIANUS CIURYSOMELAS, Severtzow:",ocr,,"PHASIANUS CHRYSOMELAS, Oxus Phasianus chrysomelas, Severtz., Ibis, 1875, p. 493;",yes,
VII,37,BirdsAsiaJohnGoVIIGoul,156,landscape,Phasianus Soemmeringii,PASIANOS SCE MOMERIN GI.,ocr,,"PHASIANUS SCQEMMERRINGIL, Scemmerring’s Phasianus Semmerringu, Temm. Pl. Col. 48",yes,
VII,38,BirdsAsiaJohnGoVIIGoul,160,landscape,Phasianus scintillans,"PHASIANUS SCINTILLANS, Gould",eye,,"PHASIANUS SCINTILLANS, Sparkling Phasianus (Graphophasianus) scintillans, Gould ",yes,
VII,39,BirdsAsiaJohnGoVIIGoul,164,landscape,Phasianus torquatus,TASTANTS TORQTATUS,ocr,,"PHASIANUS TORQUATUS, Chinese Ring-necked Phasianus torquatus, Temm. Pig. et Gall",yes,
VII,40,BirdsAsiaJohnGoVIIGoul,168,landscape,Phasianus versicolor,"PIASIANUS VERSICOLOR, V",ocr,,"PHASIANUS VERSICOLOR, Japanese Phasianus versicolor, Vieill. Gal. des Ois., tom.",yes,
VII,41,BirdsAsiaJohnGoVIIGoul,172,landscape,Phasianus Mongolicus,IS MONCOICUS. Br,ocr,,"PHASIANUS MONGOLICUS, Mongolian Phasianus Colchicus, var. Mongolice, Pall. Zoogr",yes,
VII,42,BirdsAsiaJohnGoVIIGoul,176,landscape,Ithaginis Geoffroyi,"ITAGNIS GEOEROII, J. Verr.",ocr (garbled),,"ITHAGINIS GEOFFROYIL, J. Geoffroy’s Ithaginis Geoffroyu, J. Verr. Bull. Soc. d’A",yes,
VII,43,BirdsAsiaJohnGoVIIGoul,180,landscape,Ithaginis cruentus,ITHAGINIS CRUENTUS.,eye,,"ITHAGINIS Sanguine Phasianus cruentus, Hardw. Linn. Trans., vol. xiii. p. Sangui",yes,
VII,44,BirdsAsiaJohnGoVIIGoul,184,landscape,Tetraophasis obscurus,TETRAOPHASIS OBSCURUS.,ocr,,"TETRAOPHASIS Mou-Pin Lophophorus obscurus, J. Verreaux, N. Arch. Mus. v. Bull. p",yes,
VII,45,BirdsAsiaJohnGoVIIGoul,188,landscape,Ceriornis melanocephala,CERIORNIS METANOCEPHAIA.,ocr,,"CERIORNIS a “ Western Horned Satyra melanocephala, Gray in Griff. Anim. King., v",yes,
VII,46,BirdsAsiaJohnGoVIIGoul,192,landscape,Ceriornis Temmincki,CERIORNIS TE MMÜON CKU,ocr (garbled),,"CERIORNIS Temmuinck’s Horned Satyra Temmincku, J. E. Gray in Hardw. Ill. Ind. Zo",yes,
VII,47,BirdsAsiaJohnGoVIIGoul,196,landscape,Ceriornis Blythi,"CERIORNIS BIXTDO, Jerd.",ocr (unreadable),,"CERIORNIS BLYTHII, Blyth’s Horned Ceriorms Temminchi, Jerd. Ibis, 1870, p. ——— B",unread,
VII,48,BirdsAsiaJohnGoVIIGoul,200,landscape,Ceriornis Caboti,"CERIORNIS CABOTI, Goud",ocr,,"CERIORNIS CABOTI, Dr. Cabot’s Horned Ceriornis Caboti, Gould in Proc. of Zool. S",yes,
VII,49,BirdsAsiaJohnGoVIIGoul,204,landscape,Ceriornis Satyra,CERIORNIS SATYRA.,ocr,,"CERIORNIS Nepaulese Horned Meleagris Satyra, Linn. Syst. Nat., tom. i. p. 269.—L",yes,
VII,50,BirdsAsiaJohnGoVIIGoul,208,landscape,Polyplectron chinquis,POLYPECTRON CHNOUIS .,ocr (garbled),,"POLYPLECTRON Assam Pavo tibetanus, Briss. Orn., tom. i. p. 294, pl. xxviii. A. f",yes,
VII,51,BirdsAsiaJohnGoVIIGoul,212,landscape,Polyplectron bicalcaratum,POLYPLECTRON BICALCARATUM.,ocr,,"POLYPLECTRON Malayan Pavo bicalcaratus, Linn. Syst. Nat., tom. i. p. Malaccensis",yes,
VII,52,BirdsAsiaJohnGoVIIGoul,216,landscape,Argusianus argus,ARGUSIANUS ARGUS.,ocr,,"ARGUSIANUS Great Argus Argus Pheasant, Lath. Syn. iv. p. 710 (1783).—id. Gen. Hi",yes,
VII,53,BirdsAsiaJohnGoVIIGoul,220,landscape,Lophophorus Impeyanus,LOPHOPHORUS LPEYANUS.,ocr (garbled),,"LOPHOPHORUS Phasianus Impejanus, Lath. Ind. Orn., vol. ii. p. curvirostris, Shaw",yes,
VII,54,BirdsAsiaJohnGoVIIGoul,224,landscape,Lophophorus l'Huysi,"LOPHOPHORUS NUYSI, A GeoA St-Ail.",ocr (garbled),,"LOPHOPHORUS L’HUYSIL, «. Geoff. De VPHuys’s Lophophorus ? Huysi, J. Verr. et A. ",yes,
VII,55,BirdsAsiaJohnGoVIIGoul,228,landscape,Chalcophasis Sclateri,CHALCOPASIS SCLATERI.,ocr,,"CHALCOPHASIS Sclater’s Lophophorus Sclateri, Jerd. Ibis, 1870, p. 147.—Idem, Jou",yes,
VII,56,BirdsAsiaJohnGoVIIGoul,232,landscape,Gallus Sonnerati,"GALLUS SONNERATI, Temm.",ocr,,"GALLUS (Sonnerat’s Cog sauvage des Indes, Sonn. Voy. Ind. ii. p. 153, pl. xciv. ",yes,
VII,57,BirdsAsiaJohnGoVIIGoul,236,portrait,Sypheotides auritus,SYPHEOTIDES AURITUS.,ocr,0.944,"SYPHEOTIDES Lesser Oiis aurita, Lath. Ind. Orn., vol. i. p. 660.—Less. in Belang",yes,
VII,58,BirdsAsiaJohnGoVIIGoul,240,landscape,Otis MacQueeni,OTIS MACQUEFNI: Hard & Gray,ocr,,"OT! S MACQUEENL Hardw. and MacQueen’s Otis Macqueem, Hardw. and Gray’s Ill. Ind.",yes,
VII,59,BirdsAsiaJohnGoVIIGoul,244,landscape,Tantalus leucocephalus,"TANTALUS LEUCOCEPHALUS, Gmel",ocr,,"TANTALUS Rosy Tantalus leucocephalus, Gmel. Edit. Linn. Syst. Nat., tom. i. p. 6",yes,
VII,60,BirdsAsiaJohnGoVIIGoul,248,landscape,Numenius rufescens,"NUMENIUS RUFESCENS, Gould",ocr,,"NUMENIUS RUFESCENS, Rufescent Numenwus rufescens, Gould in Proc. of Zool. Soc. 1",yes,
VII,61,BirdsAsiaJohnGoVIIGoul,252,landscape,Ibidorhynchus Struthersi,"IBIDORHYNCHA STRUTHERSI, Vigors.",ocr,,"IBIDORHYNCHA STRUTHERSL, _Red-billed Ibidorhyncha Struthersu, Vig. in Proc. of C",yes,
VII,62,BirdsAsiaJohnGoVIIGoul,256,landscape,Pluvianus Aegyptius,PLUVIANUS ÀGYPTIUS.,ocr (garbled),,"PLUVIANUS Charadrius Aigyptius, Linn. Syst. Nat., tom. i. p. 254.—Lath. Ind. Orn",yes,
VII,63,BirdsAsiaJohnGoVIIGoul,260,landscape,Glareola melanoptera,GLAREOLA MELANOPTERA: Nordm:,ocr,,"GLAREOLA MELANOPTERA, Black-winged Glareola Nordmannu, Fisch.—Nordm. in Bull. de",yes,
VII,64,BirdsAsiaJohnGoVIIGoul,264,landscape,Glareola lactea,"GLAREOLA LACTEA, Temm.",ocr,,"GLAREOLA LACTEA, Cinereous Glareola lactea, Temm. Man. d’Orn., 2nd. edit. tom. i",yes,
VII,65,BirdsAsiaJohnGoVIIGoul,268,landscape,Cursorius Coromandelicus,"CURSORIUS COROMANDEILICUS,",ocr,,"CURSORIUS Indian Charadrius Coromandelicus, Gmel. Edit. Linn. Syst. Nat. tom. i.",yes,
VII,66,BirdsAsiaJohnGoVIIGoul,272,landscape,Eurinorhynchus pygmaeus,EURINORDYNCHUS PYGMÆUS .,ocr,,"EURINORHYNCHUS PYGM Spoon-billed Platalea pygmea, Linn. Mus. Ad. Frid., tom. Pro",yes,
VII,67,BirdsAsiaJohnGoVIIGoul,276,landscape,Gallinula phoenicura,GALLINULA PICENICURA .,ocr,,"GALLINULA White-breasted Rallus phencurus, Penn. Ind. Zool., p. 19, pl. 9.—Gmel.",yes,
VII,68,BirdsAsiaJohnGoVIIGoul,280,landscape,Hydrophasianus Sinensis,HYDROPHASIANUS SINENSIS.,ocr,,"HYDROPHASIANUS Chinese Jacana. _ Parra Sinensis, Lath. Ind. Orn., vol. ii. p. 76",yes,
VII,69,BirdsAsiaJohnGoVIIGoul,284,landscape,Aix galericulata,AIX GALERICULATA.,ocr,,"AIX Mandarin Anas galericulata, Linn. Syst. Nat., tom. i. p. 539.—Ib. Gmel. Edit",yes,
VII,70,BirdsAsiaJohnGoVIIGoul,288,portrait,Sterna melanogaster,STERNA MELANOGASTER. Temm.,ocr,0.941,"STERNA MELANOGASTER, Black-bellied Sterna melanogaster, Temm. Pl. Col. 434.—Burg",yes,
VII,71,BirdsAsiaJohnGoVIIGoul,292,landscape,Uria Carbo,URIA CARBO.,ocr,,"URIA Kurile Cepphus Carbo, Pall. Zoog., p. 350. t.",yes,
