decided,volume,plate,figure,printed_name,printed_latin,scientific,common,form,confidence,caption_checked,reason,sources
2026-10-01,,3,,Egyptian Neophron,Neophron Percnopterus,Neophron percnopterus,Egyptian Vulture,,high,no,"Neophron Percnopterus = Neophron percnopterus, Egyptian Vulture.",General List (vol. I); crosswalk
2026-10-01,,4,,Bearded Vulture or Læmmer-geyer,Gypaëtus barbatus,Gypaetus barbatus,Bearded Vulture,,high,no,"Gypaëtus barbatus = Gypaetus barbatus, Bearded Vulture.",General List (vol. I); crosswalk
2026-10-01,,7,,Bonelli's Eagle,Aquila Bonelli,Aquila fasciata,Bonelli's Eagle,,high,no,"Aquila Bonelli = Aquila fasciata, Bonelli's Eagle.",General List (vol. I); crosswalk
2026-10-01,,38,,Eastern Great Horned Owl,Bubo Ascalaphus,Bubo ascalaphus,Pharaoh Eagle-Owl,,high,no,"Bubo Ascalaphus = Bubo ascalaphus, Pharaoh Eagle-Owl.",General List (vol. I); crosswalk
2026-10-01,,122,,Rüppell's Warbler,Curruca Ruppellii,Curruca ruppeli,Rüppell's Warbler,,high,no,"Curruca Ruppellii = Curruca ruppeli, Rüppell's Warbler.",General List (vol. I); crosswalk
2026-10-01,,127,,Marmora's Warbler,Curruca Sarda,Curruca sarda,Marmora's Warbler,,high,no,"Curruca Sarda = Curruca sarda, Marmora's Warbler.",General List (vol. I); crosswalk
2026-10-01,,161,,Black Lark,Alauda Tartarica,Melanocorypha yeltoniensis,Black Lark,,high,no,"Alauda Tartarica = Melanocorypha yeltoniensis, Black Lark.",General List (vol. I); crosswalk
2026-10-01,,207,,Rosy Grosbeak,Erythrospiza rosea,Carpodacus roseus,Pallas's Rosefinch,,high,no,"Erythrospiza rosea = Carpodacus roseus, Pallas's Rosefinch.",General List (vol. I); crosswalk
2026-10-01,,266,,Cream-coloured Courser,Cursorius Isabellinus,Cursorius cursor,Cream-colored Courser,,high,no,"Cursorius Isabellinus = Cursorius cursor, Cream-colored Courser.",General List (vol. I); crosswalk
2026-10-01,,267,,Great Bustard,Otis Tarda,Otis tarda,Great Bustard,,high,no,"Otis Tarda = Otis tarda, Great Bustard.",General List (vol. I); crosswalk
2026-10-01,,285,,Maguari Stork,Ciconia Maguari,Ciconia maguari,Maguari Stork,,high,no,"Ciconia Maguari = Ciconia maguari, Maguari Stork. A South American bird, which Gould admitted on one European record.",General List (vol. I); crosswalk
2026-10-01,,292,,Keptuschka Lapwing,Vanellus Keptuschka,Vanellus gregarius,Sociable Lapwing,,high,no,"Vanellus Keptuschka = Vanellus gregarius, Sociable Lapwing.",General List (vol. I); crosswalk
2026-10-01,,304,,Slender-billed Curlew,Numenius tenuirostris,Numenius tenuirostris,Slender-billed Curlew,,high,no,"Numenius tenuirostris = Numenius tenuirostris, Slender-billed Curlew. Extinct, or probably so.",General List (vol. I); crosswalk
2026-10-01,,351,,Red-breasted Goose,Anser ruficollis,Branta ruficollis,Red-breasted Goose,,high,no,"Anser ruficollis = Branta ruficollis, Red-breasted Goose.",General List (vol. I); crosswalk
2026-10-01,,363,,Bimaculated Teal,Querquedula glocitans,Sibirionetta formosa,Baikal Teal,,high,no,"Querquedula glocitans = Sibirionetta formosa, Baikal Teal.",General List (vol. I); crosswalk
2026-10-01,,372,,Western Duck,Fuligula Dispar,Polysticta stelleri,Steller's Eider,,high,no,"Fuligula Dispar = Polysticta stelleri, Steller's Eider.",General List (vol. I); crosswalk
2026-10-01,,373,,Marbled Duck,Fuligula marmorata,Marmaronetta angustirostris,Marbled Duck,,high,no,"Fuligula marmorata = Marmaronetta angustirostris, Marbled Duck.",General List (vol. I); crosswalk
2026-10-01,,383,,White-headed Duck,Undina leucocephala,Oxyura leucocephala,White-headed Duck,,high,no,"Undina leucocephala = Oxyura leucocephala, White-headed Duck.",General List (vol. I); crosswalk
2026-10-01,,400,,Great Auk,Alca impennis,Pinguinus impennis,Great Auk,,high,no,"Alca impennis = Pinguinus impennis, Great Auk. Extinct, or probably so.",General List (vol. I); crosswalk
2026-10-01,,402,,Little Auk,Mergulus alle,Alle alle,Dovekie,,high,no,"Mergulus alle = Alle alle, Dovekie. Gould's Little Auk.",General List (vol. I); crosswalk
2026-10-01,,405,,Pelican,Pelecanus Onocrotalus,Pelecanus onocrotalus,Great White Pelican,,high,no,"Pelecanus Onocrotalus = Pelecanus onocrotalus, Great White Pelican.",General List (vol. I); crosswalk
2026-10-01,,406,,Dalmatian Pelican,Pelecanus crispus,Pelecanus crispus,Dalmatian Pelican,,high,no,"Pelecanus crispus = Pelecanus crispus, Dalmatian Pelican.",General List (vol. I); crosswalk
2026-10-01,,409,,Little Cormorant,Phalacrocorax pygmæus,Microcarbo pygmaeus,Pygmy Cormorant,,high,no,"Phalacrocorax pygmæus = Microcarbo pygmaeus, Pygmy Cormorant.",General List (vol. I); crosswalk
2026-10-01,,410,,"Shag, or Green Cormorant",Phalacrocorax cristatus,Gulosus aristotelis,European Shag,,high,no,"Phalacrocorax cristatus = Gulosus aristotelis, European Shag.",General List (vol. I); crosswalk
2026-10-01,,411,,Desmarest's Cormorant,Phalacrocorax Desmarestii,Gulosus aristotelis,European Shag,subspecies,high,no,"Phalacrocorax Desmarestii = Gulosus aristotelis, European Shag. Desmarest's Cormorant is the Mediterranean race, desmarestii.",General List (vol. I); crosswalk
2026-10-01,,436,,Ivory Gull,Larus eburneus,Pagophila eburnea,Ivory Gull,,high,no,"Larus eburneus = Pagophila eburnea, Ivory Gull.",General List (vol. I); crosswalk
2026-10-01,,19,,Jer Falcon,Falco Islandicus,Falco rusticolus,Gyrfalcon,variant,high,yes,"Iceland Falcon (F. islandicus) is a pale form of the Gyrfalcon, F. rusticolus",General List (vol. I); engraved caption on the leaf; crosswalk
2026-10-01,,8,,Spotted Eagle,Aquila nævia,Clanga clanga,Greater Spotted Eagle,,judged,no,"A young Greater Spotted Eagle: uniformly blackish-brown with rows of large white drops on the scapulars, median and greater coverts and no buff nape patch; a young Lesser is paler brown with a buff nape and one row of small spots. Meyer's naevia covered both, and Dresser cites the plate under both clanga and pomarina, so the figure decides.","General List (vol. I); engraved caption; Gould's text; the plate; Dresser, B. Eur. v; Sharpe, Cat. Birds BM i"
2026-10-01,,20,,Lanner Falcon,Falco Lanarius,Falco cherrug,Saker Falcon,,high,no,"Gould's Falco lanarius (Pallas's and Temminck's sense) is the Saker: he lists this plate under Falco sacer in his own synonymy (Birds of Asia I.5), as do Dresser and Sharpe. The figures agree: brown back with no grey, pale streaked crown, thin moustache, tail spotted not barred.","General List (vol. I); engraved caption; Gould's text; Gould, B. Asia I.5 synonymy; Dresser, B. Eur. vi; Sharpe, Cat. Birds BM i; the plate"
2026-10-01,,25,,Lead-coloured Falcon,Falco concolor,Falco concolor,Sooty Falcon,,high,no,"Falco concolor Temm. is the Sooty Falcon, and the figure is one: uniform pale lead-grey with blackish primaries and no moustache, where a dark Eleonora's Falcon is sooty brown-black. Gould gives the Nile and Abyssinia; Sharpe cites the plate under F. concolor.","General List (vol. I); engraved caption; Gould's text; Sharpe, Cat. Birds BM i; the plate"
2026-10-01,,80,,Pallid Thrush,Turdus pallidus,Turdus pallidus,Pale Thrush,,high,no,"Pale Thrush, not Eyebrowed: the figures have no supercilium, and Gould gives white tips to the two outer tail feathers and Japanese specimens from Temminck. Seebohm (Cat. Birds BM v) cites the plate under Merula pallida.","General List (vol. I); engraved caption; Gould's text; Sharpe, Cat. Birds BM v; the plate"
2026-10-01,,91,,Russet Wheatear,Saxicola stapazina,Oenanthe hispanica,Western Black-eared Wheatear,variant,judged,no,"Temminck's stapazina is the black-throated morph of the western bird; Dresser cites the plate under his S. rufa (western black-throated). The male's black bib is small and well clear of the wings and the forehead is pale, not the large bib and black-fronted mask of the eastern melanoleuca. Gould's range (S Italy, Dalmatia, Greece) is Temminck's, not the specimens'.","General List (vol. I); engraved caption; Gould's text; Dresser, B. Eur. ii; the plate"
2026-10-01,,92,,Black-eared Wheatear,Saxicola aurita,Oenanthe hispanica,Western Black-eared Wheatear,variant,judged,no,"Temminck's aurita is the pale-throated morph; both males show a narrow mask from the lores below the eye with the forehead pale, not the black band across the forehead of the eastern melanoleuca (Dresser's Smyrna male). Gould gives N Italy, Sardinia and Naples. Western Black-eared Wheatear.","General List (vol. I); engraved caption; Gould's text; Dresser, B. Eur. ii; the plate"
2026-10-01,,124,,Sub-alpine Warbler,Curruca leucopogon,Curruca cantillans,Eastern Subalpine Warbler,,judged,no,"Sylvia leucopogon Meyer is a synonym of nominate cantillans (type locality Sicily; Zuccon et al. 2020). Gould's specimens came from Savi of Pisa and from Temminck, and the male's brick-red throat to flanks with a white belly is not Moltoni's pale pink. Eastern Subalpine Warbler, unless Temminck's birds were Provençal (Western).","General List (vol. I); engraved caption; Gould's text; Dresser, B. Eur. ii; Zuccon et al. 2020; the plate"
2026-10-01,,132,,Yellow Willow Wren,Sylvia Icterina,Phylloscopus trochilus,Willow Warbler,,medium,no,"Willow Warbler in yellow first-autumn dress, or a yellow Chiffchaff? It is a Phylloscopus, not a Hippolais: slender bill, long yellow supercilium. Pale legs and the long brow say Willow Warbler. Temminck's figures of a wing as short as the Chiffchaff's point the other way. Primary projection and leg colour on Temminck's specimen would decide. The plate is in the copy: leaf 344, engraved 'Yellow Willow Wren. Sylvia Icterina (Vieill.)', pencilled 133.",General List (vol. I); engraved caption on leaf 344 (BHL scan); Gould's text; the plate
2026-10-01,,138,,Rock or Shore Pipit,Anthus aquaticus,Anthus petrosus,Rock Pipit,,judged,no,"Gould's text and figure are the British Rock Pipit: a coastal, resident, dusky olive bird with heavy dark blotches below, on a shore rock. He notes that the continental birds' vinous breast (the Water Pipit) is missing in British examples. Dresser cites the plate under Anthus obscurus. Bechstein's aquaticus is the Water Pipit's name.","General List (vol. I); engraved caption; Gould's text; Dresser, B. Eur. iii; the plate"
2026-10-01,,146,,Grey-headed Wagtail,Motacilla neglecta,Motacilla flava,Western Yellow Wagtail,subspecies,high,no,"Gould's neglecta is the Blue-headed Wagtail, nominate M. f. flava, not the Grey-headed thunbergi: the male has a blue-grey head with a bold white supercilium and a white line below the ear-coverts, as Gould describes from continental and Paris birds. Western Yellow Wagtail.","General List (vol. I); engraved caption; Gould's text; Gould, B. Gt. Brit. III.4 synonymy; the plate"
2026-10-01,,178,,Lesbian Bunting,Emberiza Lesbia,Emberiza fucata,Chestnut-eared Bunting,,high,no,"The figures are Chestnut-eared Buntings: chestnut ear-coverts, a grey streaked crown and a streaked black necklace on a white throat. Gould had his birds from China, and Temminck from Japan. Sharpe (Cat. Birds BM xii) puts the plate and Gmelin's lesbia in E. fucata.","General List (vol. I); engraved caption; Gould's text; Sharpe, Cat. Birds BM xii; the plate"
2026-10-01,,193,,Mealy Redpole,Linaria canescens,Acanthis flammea,Redpoll,subspecies,high,no,"Linaria canescens Gould is the Mealy Redpoll, nominate flammea (Sharpe's Acanthis linaria; Gould's own synonymy in Birds of Great Britain III.51). The figure has a streaked whitish rump and flanks, not a Hoary's. eBird 2025 lumps the redpolls.","General List (vol. I); engraved caption; Gould's text; Sharpe, Cat. Birds BM xii; Gould, B. Gt. Brit. III.51; the plate"
2026-10-01,,249,,Hybrid Grouse,Tetrao hybridus,,,,none,no,"Tetrao hybridus is the Rackelhahn, a hybrid Western Capercaillie x Black Grouse, as Gould himself says. No single species to name.","General List (vol. I); engraved caption; Gould's text; Sharpe, Cat. Birds BM xxii; the plate"
2026-10-01,,256,,Short-toed Ptarmigan,Lagopus brachydactylus,,,,low,no,"Willow Ptarmigan (Ogilvie-Grant puts Temminck's unique brachydactylus there) or a female Rock Ptarmigan? The white winter bird has no black lores, which fits both, and shows only the tip of a small bill. Temminck's specimen, from N Russia via Feldegg, would decide: a deep, broad bill means Willow, a slim one Rock.","General List (vol. I); engraved caption; Gould's text; Sharpe, Cat. Birds BM xxii; the plate"
2026-10-01,,268,,Ruffed Bustard,Otis Houbara,Chlamydotis undulata,African Houbara,,high,no,"Gould's Otis houbara is the African bird: he separates it from Gray's macqueeni, gives N Africa (and Spain), and the figure has rich tawny upperparts. Dresser and Ogilvie-Grant cite the plate under undulata. African Houbara.","General List (vol. I); engraved caption; Gould's text; Dresser, B. Eur. vii; Sharpe, Cat. Birds BM xxiii; the plate"
2026-10-01,,299,,Red-chested Dottrell,Charadrius pyrrhothorax,Anarhynchus atrifrons,Tibetan Sand-Plover,,judged,no,"Sharpe (Cat. Birds BM xxiv) makes this plate the basis of Ochthodromus pyrrhothorax, the black-fronted Central Asian sand plover that winters in India: Temminck's specimen was Russian and Gould knew it from Indian collections. The adult's chestnut breast blends into the white throat with no black border, as in the Tibetan group. The small white forehead spots are the one point against.","General List (vol. I); engraved caption; Gould's text; Sharpe, Cat. Birds BM xxiv; the plate"
2026-10-01,,348,,Bean Goose,Anser segetum,Anser serrirostris,Tundra Bean-Goose,,medium,no,"Tundra or Taiga Bean Goose? Bill shape decides. The figure's bill is short, deep and mostly black with a narrow pink band behind the nail, and Gould stresses the 'diminutive bill', which says Tundra (rossicus). A Taiga bird has a long slender bill with more orange. The pink band and pinkish-orange legs also need a Pink-footed Goose ruled out; it was not separated in Britain until 1839.","General List (vol. I); engraved caption; Gould's text; Dresser, B. Eur. vi; the plate"
2026-10-01,,408,,Black Cormorant,Phalacrocorax Graculus,Nannopterum brasilianum,Neotropic Cormorant,,high,no,"The figure is a Neotropic Cormorant in breeding dress: an orange-yellow gular pouch edged with a thin white line, white filoplumes on the head and neck, and a long tail. Gould's text adds lanceolate scapulars and Temminck's view that Brazilian birds are the same. Temminck lent the specimen. Ogilvie-Grant (Cat. Birds BM xxvi) puts the plate in P. vigua. Linnaeus's graculus is the Shag.","General List (vol. I); engraved caption; Gould's text; Sharpe, Cat. Birds BM xxvi; the plate"
2026-10-01,,413,,Black-tailed Gannet,Sula melanura,Morus bassanus,Northern Gannet,variant,judged,no,"Temminck's melanura was killed in Iceland and, Gould says, is a Solan Gannet in every respect but its black tail: a near-adult or aberrant Northern Gannet, not the Cape Gannet. Ogilvie-Grant puts the plate in Sula bassana. The figure's gular stripe is short. The folded wing hides the secondaries, which are all black in a Cape Gannet.","General List (vol. I); engraved caption; Gould's text; Sharpe, Cat. Birds BM xxvi; the plate"
2026-10-01,,444,,Dusky Shearwater,Puffinus obscurus,Puffinus baroli,Barolo Shearwater,,medium,no,"Which small black-and-white shearwater? The figure is small and grey-brown above, with white around the eye and white underparts. That fits Barolo Shearwater, the E Atlantic bird nearest Gould's 'Mediterranean and African' range. Salvin cites the plate under P. obscurus, which included Audubon's (now Sargasso). The undertail-covert colour decides: white in Barolo, dark in Sargasso.","General List (vol. I); engraved caption; Gould's text; Sharpe, Cat. Birds BM xxv; the plate"
2026-10-01,,445,upper,Cinereous Shearwater,Puffinus cinereus,Ardenna gravis,Great Shearwater,,judged,no,"The upper figure is one of Strickland's Tees birds, smaller than Temminck's Cory's: a dark brown cap, white underparts, a dark (not yellow) bill and a pale uppertail patch. That is the Great Shearwater, and Dresser cites the figure under Puffinus major. Gould's description of yellow bill and ash-grey head is Temminck's Cory's.","General List (vol. I); engraved caption; Gould's text; Dresser, B. Eur. viii; the plate"
2026-10-01,,445,lower,Cinereous Shearwater,Puffinus cinereus,Ardenna grisea,Sooty Shearwater,,high,no,"The lower, all-sooty figure is Strickland's Puffinus fuliginosus from the Tees mouth, which Gould took for the young: a Sooty Shearwater. Dresser and Salvin cite this figure under P. griseus.","General List (vol. I); engraved caption; Gould's text; Dresser, B. Eur. viii; Sharpe, Cat. Birds BM xxv; the plate"
2026-10-01,,5,,Imperial Eagle,Aquila Imperialis,Aquila heliaca,Imperial Eagle,,high,yes,"Gould's Aquila imperialis is the eastern Imperial Eagle, A. heliaca: he confines it to Hungary, Dalmatia and Turkey, the adult has white scapulars with no white leading edge to the wing, and the young bird is pale buff and streaked.",General List (vol. I); engraved caption on the leaf; crosswalk
2026-10-01,,24,,Merlin,Falco Æsalon,Falco columbarius,Merlin,subspecies,high,yes,"Falco aesalon Temm. = Merlin; Eurasian Merlin is sometimes split as F. aesalon, BirdNET keeps F. columbarius",General List (vol. I); engraved caption on the leaf; crosswalk
2026-10-01,,55,,Rufous Swallow,Hirundo rufula,Cecropis rufula,European Red-rumped Swallow,,high,yes,"Hirundo rufula Temm. is the European Red-rumped Swallow, Cecropis rufula, one of the daughters of eBird 2025's split of Red-rumped Swallow; BirdNET still lumps it as C. daurica, the name eBird now keeps for the Eastern bird.",General List (vol. I); engraved caption on the leaf; crosswalk
2026-10-01,,61,,Kingsfisher,Alcedo Ispida,Alcedo atthis,Common Kingfisher,subspecies,high,yes,Alcedo ispida Linn. = Common Kingfisher A. atthis,General List (vol. I); engraved caption on the leaf; crosswalk
2026-10-01,,79,,Naumann's Thrush,Turdus Naumannii,Turdus eunomus,Dusky Thrush,,high,yes,"Gould's 'Naumann's Thrush', drawn from the Munich bird, has a blackish breast band and flanks scaled white, a white belly, a buff eyebrow, rufous-edged wings and a brown tail: a Dusky Thrush, Turdus eunomus, not Naumann's. Seebohm and Dresser both cite the plate under the Dusky Thrush.","General List (vol. I); engraved caption on the leaf; Gould's text; Seebohm, Cat. Birds BM v; Dresser, B. Eur. ii; the plate"
2026-10-01,,83,,Water Ouzel,Cinclus aquaticus,Cinclus cinclus,White-throated Dipper,subspecies,high,yes,Cinclus aquaticus Bechst. = White-throated Dipper,General List (vol. I); engraved caption on the leaf; crosswalk
2026-10-01,,84,,Black-bellied Water Ouzel,Cinclus melanogaster,Cinclus cinclus,White-throated Dipper,,high,no,"Brehm's Cinclus melanogaster is the black-bellied Scandinavian dipper, nominate Cinclus cinclus cinclus, the White-throated Dipper itself.",General List (vol. I); crosswalk
2026-10-01,,96,,Black Redstart,Phoenicura tithys,Phoenicurus ochruros,Black Redstart,subspecies,high,yes,Phoenicura tithys = Black Redstart,General List (vol. I); engraved caption on the leaf; crosswalk
2026-10-01,,115,,Silky Warbler,Salicaria ? sericea,Cettia cetti,Cetti's Warbler,,high,no,"Natterer's Sylvia sericea is Cetti's Warbler: Gould figured Natterer's own specimen from the Brenta near Chioggia, a warm-brown, round-winged bird with a white throat and grey-brown flanks, and Seebohm and Dresser list the plate under Cettia cetti.",General List (vol. I); crosswalk
2026-10-01,,119,,"Orpheus Warbler, Curruca Orphea",,Curruca hortensis,Western Orphean Warbler,,judged,yes,"Temminck's Curruca orphea, from Italy and southern France, is the Western Orphean Warbler: every locality Gould gives is western, and both figures have the western bird's brownish back, pinkish-buff flanks and plain buff undertail. Seebohm cites the plate under his western S. orpheus, not his eastern S. jerdoni.","General List (vol. I); engraved caption on the leaf; Gould's text; Seebohm, Cat. Birds BM v; the plate"
2026-10-01,,133,,Melodious Willow Wren,Sylvia Hippolais,Hippolais icterina,Icterine Warbler,,judged,yes,"Temminck's Sylvia hippolais, which Gould ranges from Sweden to the Mediterranean and to the Dutch coast, is the Icterine Warbler; 'Melodious Willow Wren' was then one of its English names. Seebohm and Dresser put the plate under the Icterine, and the figure's long wing with pale-edged secondaries agrees.","General List (vol. I); engraved caption on the leaf; Gould's text; Seebohm, Cat. Birds BM v; Dresser, B. Eur. ii; the plate"
2026-10-01,,134,,Natterer's Warbler,Sylvia Nattereri,Phylloscopus bonelli,Western Bonelli's Warbler,,high,yes,"Temminck's Sylvia nattereri, named for Natterer's birds from Algeciras in southern Spain, is the Western Bonelli's Warbler: every range Gould gives (Spain, Provence, Switzerland, Tyrol, Italy) is western, and the figure has the western bird's yellow-olive edges to the wings, rump and tail.","General List (vol. I); engraved caption on the leaf; Gould's text; Seebohm, Cat. Birds BM v; Dresser, B. Eur. ii; the plate"
2026-10-01,,142,,White-winged Wagtail,Motacilla lugubris,Motacilla alba,White Wagtail,subspecies,high,no,"Pallas's lugubris is the Black-backed Wagtail, now Motacilla alba lugens: Gould's figures have a black eye-stripe, mostly white wings and, in summer, a black back, he gives Japan among its haunts, and Sharpe lists the plate under M. lugens.",General List (vol. I); crosswalk
2026-10-01,,145,,Yellow Wagtail,Motacilla flava,Motacilla flava,Western Yellow Wagtail,subspecies,high,yes,"Gould's Motacilla flava 'of Ray' is the British Yellow Wagtail, M. f. flavissima: the male has an olive-green head with a yellow eyebrow, and Gould sets it against the Continental bird he names M. neglecta (plate 146).",General List (vol. I); engraved caption on the leaf; crosswalk
2026-10-01,,146,,Grey-headed Wagtail,Motacilla neglecta,Motacilla flava,Western Yellow Wagtail,,high,no,"Gould's Motacilla neglecta is the Blue-headed Wagtail, nominate Motacilla flava flava: the male has a blue-grey head with a bold white eyebrow and a white line below the ear-coverts, not the Grey-headed thunbergi.","General List (vol. I); engraved caption; Gould's text; Gould, B. Gt. Brit. III.4 synonymy; the plate"
2026-10-01,,149,,Dalmatian Regulus,Regulus modestus,Phylloscopus proregulus,Pallas's Leaf Warbler,,high,yes,"Gould's Regulus modestus, from Feldegg's Dalmatian male, is Pallas's Leaf Warbler: the figures have a pale coronal stripe between bright yellow eyebrows, two wing-bars and a pale rump, and Seebohm puts the plate under P. proregulus; the later British 'modestus' were Yellow-browed Warblers.",General List (vol. I); engraved caption on the leaf; crosswalk
2026-10-01,,184,1. House Sparrow.,Common Sparrow,Pyrgita domestica,Passer domesticus,House Sparrow,,high,yes,Pyrgita domestica Cuv. = Passer domesticus (House Sparrow); same species.,General List (vol. I); engraved caption on the leaf; crosswalk
2026-10-01,,184,2. Tree Sparrow.,Tree Sparrow,Pyrgita montana,Passer montanus,Eurasian Tree Sparrow,,high,yes,Pyrgita montana Cuv. = Passer montanus (Eurasian Tree Sparrow); same species.,General List (vol. I); engraved caption on the leaf; crosswalk
2026-10-01,,190,,Winter Finch,Fringilla ? hyemalis,Junco hyemalis,Dark-eyed Junco,,high,yes,"Fringilla hyemalis Linn. is the Dark-eyed Junco: Gould's figure is a Slate-colored Junco, slate-grey with a white belly, white outer tail feathers and a pinkish bill.",General List (vol. I); engraved caption on the leaf; crosswalk
2026-10-01,,193,,Mealy Redpole,Linaria canescens,Acanthis flammea,Redpoll,,high,no,"Linaria canescens Gould is the Mealy Redpoll, nominate Acanthis flammea flammea (Gould's own synonymy in Birds of Great Britain III.51, and Sharpe's Acanthis linaria); eBird 2025 lumps the redpolls as Redpoll.","General List (vol. I); engraved caption; Gould's text; Sharpe, Cat. Birds BM xii; Gould, B. Gt. Brit. III.51; the plate"
2026-10-01,,194,,Lesser Redpole,Linaria minor,Acanthis flammea,Redpoll,subspecies,high,yes,"Linaria minor Ray is the Lesser Redpoll, now Acanthis flammea cabaret in eBird 2025's lumped Redpoll.",General List (vol. I); engraved caption on the leaf; crosswalk
2026-10-01,,196,,Goldfinch,Carduelis elegans,Carduelis carduelis,European Goldfinch,,high,yes,"Carduelis elegans Steph. = Carduelis carduelis (European Goldfinch); same species, older binomial.",General List (vol. I); engraved caption on the leaf; crosswalk
2026-10-01,,210,,Starling,Sturnus vulgaris,Sturnus vulgaris,European Starling,,high,yes,Sturnus vulgaris Linn. = Sturnus vulgaris (European Starling); same species.,General List (vol. I); engraved caption on the leaf; crosswalk
2026-10-01,,217,,Azure-winged Magpie,Pica cyanea,Cyanopica cooki,Iberian Magpie,,high,yes,"Gould drew the plate from Captain S. E. Cook's specimen from near Madrid, so it is the Iberian Magpie, which Bonaparte later named cooki after him. The central tail feathers have only an obscure pale tip, not the Asian bird's broad white one; Sharpe and Dresser cite the plate under C. cooki.","General List (vol. I); engraved caption on the leaf; Gould's text; Sharpe, Cat. Birds BM iii; Dresser, B. Eur. iv; the plate"
2026-10-01,,237,,Common Creeper,Certhia familiaris,Certhia familiaris,Eurasian Treecreeper,,judged,yes,"Gould's Common Creeper is the British resident bird, and the figure has pure white underparts to the vent, unmarked flanks, warm rufous upperparts and a short bill: the Eurasian Treecreeper, not the Short-toed, which was then lumped with it.",General List (vol. I); engraved caption on the leaf; crosswalk
2026-10-01,,254,,Rock Ptarmigan,Lagopus rupestris,Lagopus muta,Rock Ptarmigan,variant,high,no,"Gould's 'Lagopus rupestris' is a Scottish bird from the Earl of Derby's collection that Gould himself suspected was a female Common Ptarmigan in summer dress; Ogilvie-Grant puts the plate under Lagopus mutus, not the American rupestris. Rock Ptarmigan, female summer plumage.",General List (vol. I); crosswalk
2026-10-01,,256,,Short-toed Ptarmigan,Lagopus brachydactylus,Lagopus lagopus,Willow Ptarmigan,,high,no,"The plate is drawn from Temminck's unique Lagopus brachydactylus, lent to Gould, and that specimen survives as the holotype in Naturalis, Leiden (RMNH.AVES.226893, from northern Russia via Feldegg), whose type catalogue identifies it as Lagopus lagopus. It is a winter Willow Ptarmigan, as Ogilvie-Grant also judged.","General List (vol. I); engraved caption; Gould's text; van der Mije, Kamminga & Dekker 2023, ZooKeys 1155: 21; Ogilvie-Grant, Cat. Birds BM xxii; the plate"
2026-10-01,,278,,Rufous-backed Egret,Ardea russata,Ardea coromanda,Eastern Cattle-Egret,,judged,yes,"Gould's figured adult is rich orange over the whole head and neck, face and throat included ('all the head and neck ... rich reddish orange'): the Eastern Cattle-Egret's breeding dress. In Birds of Great Britain (IV.24) Gould himself separates the eastern bird by exactly this; Sharpe cites the plate under both Bubulcus lucidus and B. coromandus.","General List (vol. I); engraved caption on the leaf; Gould's text; Gould, Birds of Great Britain IV.24 text; Sharpe, Cat. Birds BM xxvi; the plate"
2026-10-01,,297,,Little Ring Dottrell,Charadrius minor,Thinornis dubius,Little Ringed Plover,subspecies,high,yes,Charadrius minor Meyer = Little Ringed Plover,General List (vol. I); engraved caption on the leaf; crosswalk
2026-10-01,,321,1. Sabine's Snipe.,Sabine's Snipe,Scolopax Sabini,Gallinago gallinago,Common Snipe,variant,judged,yes,"Sabine's Snipe is the melanistic morph of the Common Snipe, not a species. Gould's upper figure is that dark bird, uniformly dark chestnut-brown below with no white belly.",General List (vol. I); engraved caption on the leaf; crosswalk
2026-10-01,,321,2. Common Snipe.,Common Snipe,Scolopax Gallinago,Gallinago gallinago,Common Snipe,,high,yes,Scolopax Gallinago Linn. = Gallinago gallinago (Common Snipe); same species,General List (vol. I); engraved caption on the leaf; crosswalk
2026-10-01,,323,,Grey Snipe,Macroramphus griseus,Limnodromus griseus,Short-billed Dowitcher,,judged,yes,"Macrorhamphus griseus is the Short-billed Dowitcher by name. Gould's summer figure has discrete black spots on the foreneck and breast, not bars, and broad orange-buff fringes above: a Short-billed of the rufous-bellied hendersoni type, not the Long-billed of Great Britain IV.76. Long-billed was not yet separated, and the winter figure cannot be told apart.",General List (vol. I); engraved caption on the leaf; crosswalk
2026-10-01,,330,,Schinz's Sandpiper,Tringa Schinzii,Calidris fuscicollis,White-rumped Sandpiper,,high,yes,"Bonaparte's Tringa schinzii, not Brehm's Dunlin race: Gould separates the two in his text, and figures the American bird with a short bill, long wings and a white rump. White-rumped Sandpiper.",General List (vol. I); engraved caption on the leaf; crosswalk
2026-10-01,,344,,Baillon's Crake,Zapornia Baillonii,Zapornia pusilla,Baillon's Crake,subspecies,high,yes,Baillon's Crake is today's Zapornia pusilla,General List (vol. I); engraved caption on the leaf; crosswalk
2026-10-01,,363,,Bimaculated Teal,Querquedula glocitans,,,,none,no,"Gould's Bimaculated Teal is the Vigors pair taken in an English decoy in 1812, the British 'Bimaculated Duck', a hybrid (Teal x Mallard or Teal x Wigeon), not Pallas's Baikal Teal; Salvadori lists the plate among the Common Teal's hybrids. The male's green head with two brown blotches, black-spotted chestnut breast and grey vermiculated flanks have nothing of the Baikal Teal's face pattern. No single species to name.","General List (vol. I); engraved caption; Gould's text; Salvadori, Cat. Birds BM xxvii; the plate"
2026-10-01,,404,,Northern Puffin,Mormon glacialis,Fratercula corniculata,Horned Puffin,,high,no,"Gould's Mormon glacialis has a uniformly orange bill with no grey basal plate or coloured bands (compare plate 403) and long dark horns over the eyes, and some of his specimens came from Kamchatka: a Horned Puffin. Ogilvie-Grant cites this plate under Fratercula corniculata.","General List (vol. I); engraved caption; Gould's text; Ogilvie-Grant, Cat. Birds BM xxvi; the plate"
2026-10-01,,442,,Parasitic Gull,Lestris Parasiticus,Stercorarius longicaudus,Long-tailed Jaeger,,high,yes,"Temminck's and Illiger's Lestris parasiticus is the Long-tailed Skua: the figure has very long, pointed central tail feathers, a grey-toned back and no breast band. Gould's Arctic Skua is 'Richardson's' (plate 441). Trap: modern S. parasiticus is the Arctic Skua.",General List (vol. I); engraved caption on the leaf; crosswalk
