plate,volume,english,latin,authority,note
1,I,Griffon Vulture,Vultur fulvus,Linn.,
2,I,Cinereous Vulture,Vultur cinereus,Linn.,
3,I,Egyptian Neophron,Neophron Percnopterus,Savig.,
4,I,Bearded Vulture or Læmmer-geyer,Gypaëtus barbatus,Storr.,
5,I,Imperial Eagle,Aquila Imperialis,Briss.,
6,I,Golden Eagle,Aquila chrysaëta,Briss.,
7,I,Bonelli's Eagle,Aquila Bonelli,,
8,I,Spotted Eagle,Aquila nævia,Meyer.,
9,I,Booted Eagle,Aquila pennata,Steph.,
10,I,Sea Eagle,Haliaëtus albicilla,Selby.,
11,I,White-headed Eagle,Haliaëtus leucocephalus,Savig.,
12,I,Osprey,Pandion haliaëtus,Savig.,
13,I,Short-toed Eagle,Circaëtus brachydactylus,Vieill.,
14,I,Common Buzzard,Buteo vulgaris,Bechst.,
15,I,Rough-legged Buzzard,Buteo Lagopus,Flem.,
16,I,Honey Buzzard,Pernis apivorus,Cuv.,
17,I,Goshawk,Astur palumbarius,Bechst.,
18,I,Sparrow Hawk,Accipiter fringillarius,Ray.,
19,I,Jer Falcon,Falco Islandicus,Lath.,
20,I,Lanner Falcon,Falco Lanarius,Linn.,
21,I,Peregrine Falcon,Falco Peregrinus,Linn.,
22,I,Hobby,Falco subbuteo,Linn.,
23,I,Red-footed Falcon,Falco rufipes,Bechst.,
24,I,Merlin,Falco Æsalon,Temm.,
25,I,Lead-coloured Falcon,Falco concolor,Temm.,
26,I,Kestrel,Falco Tinnunculus,Linn.,
27,I,Lesser Kestrel,Falco Tinnunculoides,Natt.,
28,I,Kite,Milvus vulgaris,Flem.,
29,I,Black Kite,Milvus ater,,
30,I,Swallow-tailed Kite,Nauclerus furcatus,Vig.,
31,I,Black-winged Kite,Elanus melanopterus,Leach.,
32,I,Marsh Harrier,Circus rufus,Briss.,
33,I,Hen Harrier,Circus cyaneus,Meyer.,
34,I,Pallid Harrier,Circus pallidus,Sykes.,
35,I,Ash-coloured Harrier,Circus cineraceus,Meyer.,
36,I,Barn Owl,Strix flammea,Linn.,
37,I,Great Horned or Eagle Owl,Bubo maximus,Sibb.,
38,I,Eastern Great Horned Owl,Bubo Ascalaphus,Savig.,
39,I,Long-eared Owl,Otus vulgaris,Flem.,
40,I,Short-eared Owl,Otus Brachyotus,Cuv.,
41,I,Scops-eared Owl,Scops Aldrovandi,Will. & Ray.,
42,I,Great Cinereous Owl,Surnia cinerea,,
43,I,Snowy Owl,Surnia Nyctea,Dum.,
44,I,Ural Owl,Surnia Uralensis,Dum.,
45,I,Hawk Owl,Surnia funerea,Dum.,
46,I,Barred Owl,Ulula nebulosa,Cuv.,
47,I,Tawny or Wood Owl,Syrnium Aluco,Savig.,
48,I,Little Owl,Noctua nudipes,Nils.,
49,I,Tengmalm's Owl,Noctua ? Tengmalmi,Selby.,
50,I,Sparrow Owl,Noctua passerina,,
51,II,European Goatsucker,Caprimulgus Europæus,Linn.,
52,II,Red-collared Goatsucker,Caprimulgus ruficollis,Temm.,
53,II,Swift,Cypselus murarius,Temm.,brace shares 53 with Swift/White-bellied Swift
53,II,White-bellied Swift,Cypselus alpinus,Temm.,brace shares 53 with Swift/White-bellied Swift
54,II,Chimney Swallow,Hirundo rustica,Linn.,
55,II,Rufous Swallow,Hirundo rufula,Temm.,
56,II,Rock Martin,Hirundo rupestris,Linn.,
57,II,Martin,Hirundo urbica,Linn.,
58,II,Sand Martin,Hirundo riparia,Linn.,
59,II,Bee Eater,Merops Apiaster,Linn.,
60,II,Roller,Coracias garrulus,Linn.,
61,II,Kingsfisher,Alcedo Ispida,Linn.,
62,II,Black and White Kingsfisher,Alcedo rudis,Linn.,
63,II,Pied Flycatcher,Muscicapa luctuosa,Temm.,brace shares 63 with White-collared Flycatcher
63,II,White-collared Flycatcher,Muscicapa albicollis,Temm.,brace shares 63 with Pied Flycatcher
64,II,Red-breasted Flycatcher,Muscicapa parva,Bechst.,
65,II,Spotted Flycatcher,Muscicapa grisola,Linn.,
66,II,Great Shrike,Collurio Excubitor,Vig.,
67,II,Great Grey Shrike,Collurio meridionalis,Vig.,
68,II,Lesser Grey Shrike,Collurio minor,Vig.,
69,II,Red-backed Shrike,Lanius Collurio,Linn.,
70,II,Woodchat,Lanius rufus,Briss.,
71,II,Golden Oriole,Oriolus galbula,Linn.,
72,II,"Black Ouzel, or Blackbird",Merula vulgaris,Ray.,
73,II,Ring Ouzel,Merula torquata,Briss.,
74,II,Migratory Ouzel,Merula migratoria,Swains.,
75,II,Black-throated Thrush,Turdus atrogularis,Temm.,
76,II,Fieldfare,Turdus pilaris,Linn.,
77,II,Missel Thrush,Turdus viscivorus,Linn.,
78,II,Song Thrush,Turdus musicus,Linn.,brace shares 78 with Redwing
78,II,Redwing,Turdus Iliacus,Linn.,brace shares 78 with Song Thrush
79,II,Naumann's Thrush,Turdus Naumannii,Temm.,
80,II,Pallid Thrush,Turdus pallidus,Pall.,
81,II,White's Thrush,Turdus Whitei,Eyton.,
82,II,Siberian Thrush,Turdus Sibericus,Pall.,
83,II,Water Ouzel,Cinclus aquaticus,Bechst.,
84,II,Black-bellied Water Ouzel,Cinclus melanogaster,Brehm.,
85,II,Pallas's Water Ouzel,Cinclus Pallasii,Temm.,
86,II,Rock Thrush,Petrocincla saxatilis,Vig.,
87,II,Blue Thrush,Petrocincla cyanea,Vig.,
88,II,Black Wheatear,Saxicola cachinnans,Temm.,
89,II,Pied Wheatear,Saxicola leucomela,Temm.,
90,II,Wheatear,Saxicola Œnanthe,Bechst.,
91,II,Russet Wheatear,Saxicola stapazina,Temm.,
92,II,Black-eared Wheatear,Saxicola aurita,Temm.,
93,II,Whinchat,Saxicola rubetra,Bechst.,
94,II,Stonechat,Saxicola rubicola,Bechst.,
95,II,Redstart,Phoenicura ruticilla,Swains.,
96,II,Black Redstart,Phoenicura tithys,Jard. & Selb.,
97,II,Blue-throated Warbler,Phoenicura Suecica,Jard. & Selb.,
98,II,Robin,Erythaca rubecula,Swains.,
99,II,Alpine Accentor,Accentor alpinus,Bechst.,
100,II,Hedge Accentor,Accentor modularis,Cuv.,
101,II,Mountain Accentor,Accentor montanellus,Temm.,
102,II,Reed Locustelle,Locustella fluviatilis,,
103,II,Brake Locustelle,Locustella avicula,Ray.,
104,II,Willow Locustelle,Locustella luscinoïdes,,
105,II,Creeping Locustelle,Locustella certhiola,,
106,II,Great Sedge Warbler,Salicaria Turdoïdes,Selb.,
107,II,Olive-tree Salicaria,Salicaria Olivetorum,Strickl.,
108,II,Reed Wren,Salicaria arundinacea,Selby.,
109,II,Marsh Warbler,Salicaria palustris,,
110,II,Sedge Warbler,Salicaria Phragmitis,Selb.,
111,II,Moustached Warbler,Salicaria melanopogon,,brace shares 111 with Aquatic Warbler
111,II,Aquatic Warbler,Salicaria aquatica,,brace shares 111 with Moustached Warbler
112,II,Rufous Sedge Warbler,Salicaria galactotes,,
113,II,Fantail Warbler,Salicaria cisticola,,
114,II,Cetti's Warbler,Salicaria ? Cetti,,
115,II,Silky Warbler,Salicaria ? sericea,,
116,II,Nightingale,Philomela luscinia,Swains.,
117,II,Thrush Nightingale,Philomela Turdoïdes,Blyth.,
118,II,Gorget Warbler,Calliope Lathamii,,
119,II,Orpheus Warbler,Curruca Orphea,,
120,II,Black-cap,Curruca atricapilla,Bechst.,
121,II,Garden Warbler,Curruca hortensis,Bechst.,
122,II,Rüppell's Warbler,Curruca Ruppellii,,
123,II,Sardinian Warbler,Curruca melanocephala,Lath.,
124,II,Sub-alpine Warbler,Curruca leucopogon,,
125,II,Common White-throat,Curruca cinerea,Bechst.,brace shares 125 with Lesser White-throat
125,II,Lesser White-throat,Curruca garrula,Bechst.,brace shares 125 with Common White-throat
126,II,Spectacle Warbler,Curruca conspicillata,,
127,II,Marmora's Warbler,Curruca Sarda,,
128,II,Barred Warbler,Curruca nisoria,,
129,II,Dartford Warbler,Melizophilus provincialis,Leach.,
130,II,Wren,Troglodytes Europæus,Cuv.,
131,II,Willow Wren,Sylvia trochilus,Gmel.,brace shares 131 with Chiff-chaff/Wood Wren
131,II,Chiff-chaff,Sylvia rufa,Lath,brace shares 131 with Willow Wren/Wood Wren
131,II,Wood Wren,Sylvia sibilatrix,Bechst.,brace shares 131 with Willow Wren/Chiff-chaff
132,II,Yellow Willow Wren,Sylvia Icterina,Vieill.,
133,II,Melodious Willow Wren,Sylvia Hippolais,Temm.,
134,II,Natterer's Warbler,Sylvia Nattereri,Temm.,
135,II,Richard's Pipit,Anthus Richardi,Vieill.,
136,II,Meadow Pipit,Anthus pratensis,Bechst.,
137,II,Tawny Pipit,Anthus rufescens,Temm.,
138,II,Rock or Shore Pipit,Anthus aquaticus,Bechst.,
139,II,Tree Pipit,Anthus arboreus,Bechst.,
140,II,Red-throated Pipit,Anthus rufogularis,Temm.,
141,II,Pied Wagtail,Motacilla Yarrellii,,
142,II,White-winged Wagtail,Motacilla lugubris,Pall.,
143,II,White Wagtail,Motacilla alba,Linn.,
144,II,Yellow-headed Wagtail,Motacilla citreola,Pall.,
145,II,Yellow Wagtail,Motacilla flava,Ray.,
146,II,Grey-headed Wagtail,Motacilla neglecta,Gould.,
147,II,Grey Wagtail,Motacilla Boarula,Lath.,
148,II,Fire-crested Wren,Regulus ignicapillus,Cuv.,brace shares 148 with Golden-crested Wren
148,II,Golden-crested Wren,Regulus vulgaris,Cuv.,brace shares 148 with Fire-crested Wren
149,II,Dalmatian Regulus,Regulus modestus,,
150,III,Great Tit,Parus major,Linn.,
151,III,Sombre Tit,Parus lugubris,Natt.,brace shares 151 with Siberian Tit
151,III,Siberian Tit,Parus Sibericus,Gmel.,brace shares 151 with Sombre Tit
152,III,Toupet Tit,Parus bicolor,Linn.,
153,III,Azure Tit,Parus cyanus,Pall.,
154,III,Blue Tit,Parus cœruleus,Linn.,
155,III,Cole Tit,Parus ater,Linn.,brace shares 155 with Marsh Tit
155,III,Marsh Tit,Parus palustris,Linn.,brace shares 155 with Cole Tit
156,III,Crested Tit,Parus cristatus,Linn.,
157,III,Long-tailed Tit,Parus caudatus,Linn.,
158,III,"Bearded Tit, or Reed Bird",Calamophilus biarmicus,Leach.,
159,III,Penduline Tit,Ægithalus pendulinus,Vig.,
160,III,Waxen Chatterer,Bombycivora garrula,Temm.,
161,III,Black Lark,Alauda Tartarica,Pall.,
162,III,Calandra Lark,Alauda Calandra,Pall.,
163,III,Short-toed Lark,Alauda brachydactyla,Temm.,
164,III,Shore Lark,Alauda alpestris,Linn.,
165,III,Crested Lark,Alauda cristata,Linn.,
166,III,Sky Lark,Alauda arvensis,Linn.,
167,III,Wood Lark,Alauda arborea,Linn.,
168,III,Bifasciated Lark,Certhilauda bifasciata,,
169,III,Lark-heeled Bunting,Plectrophanes Lapponica,Selb.,
170,III,Snow Bunting,Plectrophanes nivalis,Meyer.,
171,III,Common Bunting,Emberiza miliaria,Linn.,
172,III,Black-headed Bunting,Emberiza melanocephala,Scop.,
173,III,Yellow Bunting,Emberiza citrinella,Linn.,
174,III,Yellow-breasted Bunting,Emberiza aureola,Pall.,
175,III,Cirl Bunting,Emberiza Cirlus,Linn.,
176,III,Ortolan Bunting,Emberiza hortulana,Linn.,
177,III,Rustic Bunting,Emberiza rustica,Pall.,
178,III,Lesbian Bunting,Emberiza Lesbia,,
179,III,Meadow Bunting,Emberiza cia,Linn.,
180,III,Pine Bunting,Emberiza pithyornus,Pall.,
181,III,Cretzschmar's Bunting,Emberiza cæsia,Cretz.,
182,III,Marsh Bunting,Emberiza palustris,Savi.,
183,III,Reed Bunting,Emberiza schœniculus,Linn.,
184,III,Common Sparrow,Pyrgita domestica,Cuv.,brace shares 184 with Tree Sparrow
184,III,Tree Sparrow,Pyrgita montana,Cuv.,brace shares 184 with Common Sparrow
185,III,Spanish Sparrow,Pyrgita Hispaniolensis,Cuv.,brace shares 185 with Alpine Sparrow
185,III,Alpine Sparrow,Pyrgita Cisalpina,Cuv.,brace shares 185 with Spanish Sparrow
186,III,Doubtful Sparrow,Pyrgita petronia,,
187,III,Chaffinch,Fringilla Cælebs,Linn.,
188,III,Mountain or Bramble Finch,Fringilla montifringilla,Linn.,
189,III,Snow Finch,Fringilla nivalis,Linn.,
190,III,Winter Finch,Fringilla ? hyemalis,,
191,III,Common or Brown Linnet,Linaria Cannabina,Swains.,
192,III,"Mountain Linnet, or Twite",Linaria montana,Ray.,
193,III,Mealy Redpole,Linaria canescens,,
194,III,Lesser Redpole,Linaria minor,Ray.,
195,III,Serin Finch,Serinus flavescens,,
196,III,Goldfinch,Carduelis elegans,Steph.,
197,III,"Siskin, or Aberdevine",Carduelis spinus,Steph.,
198,III,Citril Finch,Carduelis citrinella,,
199,III,Hawfinch,Coccothraustes vulgaris,Briss.,
200,III,Green Grosbeak,Coccothraustes chloris,Flem.,
201,III,Parrot Crossbill,Loxia pityopsittacus,Bechst.,
202,III,Common Crossbill,Loxia curvirostra,Linn.,
203,III,White-winged Crossbill,Loxia leucoptera,Gmel.,
204,III,Pine Grosbeak,Corythus enucleator,Cuv.,
205,III,Siberian Grosbeak,Corythus longicauda,,
206,III,Scarlet Grosbeak,Erythrospiza erythrina,Bon.,
207,III,Rosy Grosbeak,Erythrospiza rosea,,
208,III,Vinous Grosbeak,Erythrospiza githaginea,,
209,III,Bullfinch,Pyrrhula vulgaris,Temm.,
210,III,Starling,Sturnus vulgaris,Linn.,
211,III,Sardinian Starling,Sturnus unicolor,Marm.,
212,III,Rose-coloured Pastor,Pastor roseus,Temm.,
213,III,Nutcracker,Nucifraga caryocatactes,Briss.,
214,III,Jay,Garrulus glandarius,Briss.,
215,III,Siberian Jay,Garrulus infaustus,Temm.,
216,III,Magpie,Pica caudata,Ray.,
217,III,Azure-winged Magpie,Pica cyanea,Wagl.,
218,III,Alpine Chough,Pyrrhocorax Pyrrhocorax,Temm.,
219,III,Chough,Fregilus graculus,Cuv.,
220,III,Raven,Corvus corax,Linn.,
221,III,Carrion Crow,Corvus corone,Linn.,
222,III,Hooded Crow,Corvus cornix,Linn.,
223,III,Jackdaw,Corvus monedula,Linn.,
224,III,Rook,Corvus frugilegus,Linn.,
225,III,Great Black Woodpecker,Picus martius,Linn.,
226,III,Green Woodpecker,Picus viridis,Linn.,
227,III,Grey-headed Green Woodpecker,Picus canus,Gmel.,
228,III,White-rumped Woodpecker,Picus leuconotus,Bechst.,
229,III,Great Spotted Woodpecker,Picus major,Linn.,
230,III,Middle Spotted Woodpecker,Picus medius,Linn.,
231,III,Lesser Spotted Woodpecker,Picus minor,Linn.,
232,III,Three-toed Woodpecker,Apternus tridactylus,Swains.,
233,III,Wryneck,Yunx torquilla,Linn.,
234,III,Common Nuthatch,Sitta Europæa,Linn.,
235,III,Dalmatian Nuthatch,Sitta Syriaca,Ehrenb.,
236,III,Asiatic Nuthatch,Sitta Asiatica,Temm.,
237,III,Common Creeper,Certhia familiaris,Linn.,
238,III,Hoopoe,Upupa epops,Linn.,
239,III,Wall Creeper,Tichodroma phœnicoptera,Temm.,
240,III,Common Cuckoo,Cuculus Canorus,Linn.,
241,III,Great Spotted Cuckoo,Cuculus glandarius,Linn.,
242,III,American Cuckoo,Coccyzus Americanus,Vieill.,
243,IV,Wood Pigeon,Columba palumbus,Linn.,
244,IV,Stock Dove,Columba Œnas,Linn.,
245,IV,Rock Dove,Columba livia,Linn.,
246,IV,Turtle Dove,Columba Turtur,Linn.,
247,IV,Common Pheasant,Phasianus Colchicus,Linn.,
248,IV,"Capercailzie, or Cock of the Wood",Tetrao Urogallus,Linn.,
249,IV,Hybrid Grouse,Tetrao hybridus,Sparrm.,
250,IV,Black Grouse,Tetrao Tetrix,Linn.,
251,IV,"Hazel Grouse, or Gelinotte",Bonasia Europæa,,
252,IV,Red Grouse,Lagopus Scoticus,Lath.,
253,IV,Common Ptarmigan,Lagopus mutus,Leach.,
254,IV,Rock Ptarmigan,Lagopus rupestris,Leach.,
255,IV,Willow Ptarmigan,Lagopus Saliceti,Swains.,
256,IV,Short-toed Ptarmigan,Lagopus brachydactylus,,
257,IV,Sand Grouse,Pterocles arenarius,Temm.,
258,IV,Pintailed Sand Grouse,Pterocles setarius,Temm.,
259,IV,European Francolin,Francolinus vulgaris,Briss.,
260,IV,Red-legged Partridge,Perdix rubra,Ray.,
261,IV,Barbary Partridge,Perdix petrosa,Lath.,brace shares 261 with Greek Partridge
261,IV,Greek Partridge,Perdix saxatilis,Meyer.,brace shares 261 with Barbary Partridge
262,IV,Common Partridge,Perdix cinerea,Lath.,
263,IV,Quail,Coturnix dactylisonans,Meyer.,
264,IV,Andalusian Turnix,Hemipodius tachydromus,Temm.,
265,IV,Collared Pratincole,Glareola torquata,Briss.,
266,IV,Cream-coloured Courser,Cursorius Isabellinus,Meyer.,
267,IV,Great Bustard,Otis Tarda,Linn.,
268,IV,Ruffed Bustard,Otis Houbara,Linn.,
269,IV,Little Bustard,Otis tetrax,Linn.,
270,IV,Common Crane,Grus cinerea,Bechst.,
271,IV,White Crane,Grus leucogeranus,Temm.,
272,IV,Numidian Demoiselle,Anthropoïdes Virgo,Vieill.,
273,IV,Common Heron,Ardea cinerea,Lath.,
274,IV,Purple Heron,Ardea purpurea,Linn.,
275,IV,Squacco Heron,Ardea comata,Pall.,
276,IV,Great Egret,Ardea alba,Linn.,
277,IV,Little Egret,Ardea garzetta,Linn.,
278,IV,Rufous-backed Egret,Ardea russata,Wagl.,
279,IV,Common Night Heron,Nycticorax Europæus,Steph.,
280,IV,Common Bittern,Botaurus stellaris,Steph.,
281,IV,Freckled Bittern,Botaurus lentiginosus,Steph.,
282,IV,Little Bittern,Botaurus minutus,Selby.,
283,IV,White Stork,Ciconia alba,Bellon.,
284,IV,Black Stork,Ciconia nigra,Bellon.,
285,IV,Maguari Stork,Ciconia Maguari,Temm.,
286,IV,Spoonbill,Platalea leucorodia,Linn.,
287,IV,Common Flamingo,Phœnicopterus ruber,Linn.,
288,IV,Thick-kneed Bustard,Œdicnemus crepitans,Temm.,
289,IV,Long-legged Plover,Himantopus melanopterus,Meyer.,
290,IV,Grey Plover,Squatarola cinerea,Cuv.,
291,IV,Lapwing,Vanellus cristatus,Meyer.,
292,IV,Keptuschka Lapwing,Vanellus Keptuschka,Temm.,
293,IV,Spur-winged Plover,Pluvianus spinosus,,
294,IV,Golden Plover,Charadrius pluvialis,Linn.,
295,IV,Dottrell,Charadrius morinellus,Linn.,
296,IV,Ring Dottrell,Charadrius hiaticula,Linn.,
297,IV,Little Ring Dottrell,Charadrius minor,Meyer.,
298,IV,Kentish Plover,Charadrius Cantianus,Linn.,
299,IV,Red-chested Dottrell,Charadrius pyrrhothorax,Temm.,
300,IV,Oyster Catcher,Hæmatopus Ostralegus,Linn.,
301,IV,Glossy Ibis,Ibis Falcinellus,Temm.,
302,IV,Common Curlew,Numenius arquata,Lath.,
303,IV,Whimbrel,Numenius Phæopus,Lath.,
304,IV,Slender-billed Curlew,Numenius tenuirostris,Savi.,
305,IV,Black-tailed Godwit,Limosa melanura,Leisl.,
306,IV,Bar-tailed Godwit,Limosa rufa,Briss.,
307,IV,Terek Godwit,Limosa Terek,Temm.,
308,IV,Avocet,Recurvirostra Avocetta,Linn.,
309,IV,Spotted Redshank,Totanus fuscus,Leisl.,
310,IV,Redshank,Totanus calidris,Bechst.,
311,IV,Semipalmated Sandpiper,Totanus semipalmatus,Temm.,
312,IV,Greenshank,Totanus glottis,Bechst.,
313,IV,Bartram's Sandpiper,Totanus Bartramius,Temm.,
314,IV,Marsh Sandpiper,Totanus stagnatilis,Bechst.,
315,IV,Green Sandpiper,Totanus ochropus,Temm.,brace shares 315 with Wood Sandpiper
315,IV,Wood Sandpiper,Totanus Glareola,Temm.,brace shares 315 with Green Sandpiper
316,IV,Common Sandpiper,Totanus Hypoleucus,Temm.,
317,IV,Spotted Sandpiper,Totanus macularius,Temm.,
318,IV,Turnstone,Strepsilas collaris,Temm.,
319,IV,Woodcock,Scolopax rusticola,Linn.,
320,IV,Great Snipe,Scolopax major,Linn.,
321,IV,Sabine's Snipe,Scolopax Sabini,Vig.,brace shares 321 with Common Snipe
321,IV,Common Snipe,Scolopax Gallinago,Linn.,brace shares 321 with Sabine's Snipe
322,IV,Jack Snipe,Scolopax Gallinula,Linn.,
323,IV,Grey Snipe,Macroramphus griseus,Leach.,
324,IV,Knot,Calidris Canutus,Briss. & Cuv.,
325,IV,Ruff,Machetes pugnax,Cuv.,
326,IV,Buff-breasted Sandpiper,Tringa rufescens,Vieill.,
327,IV,Pectoral Sandpiper,Tringa pectoralis,Bonap.,
328,IV,Pygmy Curlew,Tringa subarquata,Temm.,
329,IV,"Dunlin, or Purre",Tringa variabilis,Meyer.,
330,IV,Schinz's Sandpiper,Tringa Schinzii,Bonap.,
331,IV,Broad-billed Tringa,Tringa platyrhyncha,Temm.,
332,IV,Little Sandpiper,Tringa minuta,Leisl.,
333,IV,Temminck's Tringa,Tringa Temminckii,Leisl.,
334,IV,Purple Sandpiper,Tringa maritima,Brunn.,
335,IV,Sanderling,Arenaria Calidris,Meyer.,
336,IV,Red-necked Phalarope,Phalaropus hyperboreus,Lath.,
337,IV,Grey Phalarope,Phalaropus platyrhynchus,Temm.,
338,IV,Coot,Fulica atra,Linn.,
339,IV,Water Rail,Rallus aquaticus,Linn.,
340,IV,Hyacinthine Porphyrio,Porphyrio hyacinthinus,Temm.,
341,IV,Land Rail,Gallinula crex,Lath.,
342,IV,Common Gallinule,Gallinula chloropus,Lath.,
343,IV,Spotted Crake,Zapornia porzana,,
344,IV,Baillon's Crake,Zapornia Baillonii,Leach.,
345,IV,Little Crake,Zapornia pusilla,Steph.,
346,V,Snow Goose,Anser hyperboreus,Pall.,
347,V,Grey Lag Wild Goose,Anser ferus,Steph.,
348,V,Bean Goose,Anser segetum,Steph.,
349,V,White-fronted Goose,Anser albifrons,Steph.,
350,V,Bernicle Goose,Anser leucopsis,Bechst.,
351,V,Red-breasted Goose,Anser ruficollis,Pall.,
352,V,Brent Goose,Anser Brenta,Flem.,
353,V,Egyptian Goose,Chenalopex Egyptiaca,Steph.,
354,V,Domestic Swan,Cygnus mansuetus,Gmel.,
355,V,"Whistling Swan, or Hooper",Cygnus ferus,Ray.,
356,V,Bewick's Swan,Cygnus Bewickii,Yarr.,
357,V,Common Shieldrake,Tadorna vulpanser,Flem.,
358,V,Ruddy Shieldrake,Tadorna rutila,Steph.,
359,V,Widgeon,Mareca Penelope,Selby.,
360,V,Shoveller Duck,Rhynchaspis clypeata,Steph.,
361,V,Common Wild Duck,Anas Boschas,Linn.,
362,V,Common Teal,Querquedula Crecca,Steph.,
363,V,Bimaculated Teal,Querquedula glocitans,Vig.,
364,V,Gargany Teal,Querquedula circia,Steph.,
365,V,Pintail Duck,Dafila caudacuta,Leach.,
366,V,Gadwall,Chauliodes strepera,Swains.,
367,V,Red-headed Pochard,Fuligula ferina,Steph.,
368,V,"White-eyed, or Castaneous Duck",Fuligula leucophthalma,Steph.,
369,V,Red-crested Duck,Fuligula rufina,Steph.,
370,V,Tufted Duck,Fuligula cristata,Steph.,
371,V,Scaup Pochard,Fuligula marila,Steph.,
372,V,Western Duck,Fuligula Dispar,Steph.,
373,V,Marbled Duck,Fuligula marmorata,,
374,V,Eider Duck,Somateria mollissima,Leach.,
375,V,King Duck,Somateria spectabilis,Leach.,
376,V,Surf Scoter,Oidemia perspicillata,Flem.,
377,V,Velvet Scoter,Oidemia fusca,Flem.,
378,V,Black Scoter,Oidemia nigra,Flem.,
379,V,Golden Eye,Clangula vulgaris,Leach.,
380,V,Barrow's Duck,Clangula Barrovii,Sw. & Rich.,
381,V,Harlequin Duck,Clangula histrionica,Leach.,
382,V,Long-tailed Duck,Harelda glacialis,Leach.,
383,V,White-headed Duck,Undina leucocephala,,
384,V,Goosander,Mergus Merganser,Linn.,
385,V,Red-breasted Merganser,Mergus serrator,Linn.,
386,V,Hooded Merganser,Mergus cucullatus,Linn.,
387,V,Smew,Mergus albellus,Linn.,
388,V,Great-crested Grebe,Podiceps cristatus,Lath.,
389,V,Red-necked Grebe,Podiceps rubricollis,Lath.,
390,V,Horned Grebe,Podiceps cornutus,Lath.,
391,V,Eared Grebe,Podiceps auritus,Lath.,
392,V,"Little Grebe, or Dabchick",Podiceps minor,Lath.,
393,V,Northern Diver,Colymbus glacialis,Linn.,
394,V,Black-throated Diver,Colymbus arcticus,Linn.,
395,V,Red-throated Diver,Colymbus septentrionalis,Linn.,
396,V,Foolish Guillemot,Uria Troile,Linn.,
397,V,Bridled Guillemot,Uria lacrymans,Lapyl.,
398,V,Brunnich's Guillemot,Uria Brunnichii,Sab.,
399,V,Black Guillemot,Uria Grylle,Lath.,
400,V,Great Auk,Alca impennis,Linn.,
401,V,Razor-billed Auk,Alca Torda,Linn.,
402,V,Little Auk,Mergulus alle,Bon.,
403,V,Puffin,Mormon Fratercula,Temm.,
404,V,Northern Puffin,Mormon glacialis,Leach.,
405,V,Pelican,Pelecanus Onocrotalus,Linn.,
406,V,Dalmatian Pelican,Pelecanus crispus,Feld.,
407,V,Common Cormorant,Phalacrocorax Carbo,Steph.,
408,V,Black Cormorant,Phalacrocorax Graculus,Briss.,
409,V,Little Cormorant,Phalacrocorax pygmæus,Steph.,
410,V,"Shag, or Green Cormorant",Phalacrocorax cristatus,Steph. & Flem.,
411,V,Desmarest's Cormorant,Phalacrocorax Desmarestii,,
412,V,Solan Gannet,Sula Bassana,Briss.,
413,V,Black-tailed Gannet,Sula melanura,Temm.,
414,V,Caspian Tern,Sterna Caspia,Pall.,
415,V,Sandwich Tern,Sterna cantiaca,Gmel.,
416,V,Gull-billed Tern,Sterna Anglica,Mont.,
417,V,Common Tern,Sterna Hirundo,Linn.,
418,V,Roseate Tern,Sterna Dougallii,Mont.,
419,V,Arctic Tern,Sterna Arctica,Temm.,
420,V,Little Tern,Sterna minuta,Linn.,
421,V,Noddy Tern,Sterna stolida,Linn.,
422,V,Black Tern,Viralva nigra,Leach.,
423,V,White-winged Tern,Viralva leucoptera,Leach.,
424,V,Moustache Tern,Viralva leucopareïa,Steph.,
425,V,Laughing Gull,Xema ridibunda,Boje.,
426,V,Black-winged Gull,Xema atricilla,,
427,V,Black-headed Gull,Xema melanocephala,Boje.,
428,V,Little Gull,Xema minuta,Boje.,
429,V,Sabine's Gull,Xema Sabinii,Leach.,
430,V,Great Black-backed Gull,Larus marinus,Linn.,
431,V,Lesser Black-backed Gull,Larus fuscus,Linn.,
432,V,Glaucous Gull,Larus glaucus,Brunn.,
433,V,Iceland Gull,Larus Islandicus,Edm.,
434,V,Herring Gull,Larus argentatus,Brunn.,
435,V,Kittiwake Gull,Larus Rissa,Linn.,
436,V,Ivory Gull,Larus eburneus,Gmel.,
437,V,Common Gull,Larus canus,Linn.,
438,V,Audouin's Gull,Larus Audouinii,Temm.,
439,V,Skua,Lestris catarractes,Temm.,
440,V,Pomarine Gull,Lestris Pomarinus,Temm.,
441,V,Richardson's Lestris,Lestris Richardsonii,Swains.,
442,V,Parasitic Gull,Lestris Parasiticus,Ill.,
443,V,Manks Shearwater,Puffinus Anglorum,Ray.,
444,V,Dusky Shearwater,Puffinus obscurus,,
445,V,Cinereous Shearwater,Puffinus cinereus,Steph.,
446,V,Fulmar Petrel,Procellaria glacialis,Linn.,
447,V,Fork-tailed Storm Petrel,Thalassidroma Leachii,,
448,V,Common Storm Petrel,Thalassidroma pelagica,Selby.,
449,V,Bulwer's Petrel,Thalassidroma ? Bulwerii,,"list prints 449; a pencilled ""448"" is written beside this entry in the scan, possibly a later correction"
