plate,leaf,left_box,right_box,ocr,read,note
1,30,590 4909 1168 4979,2713 4914 3109 4994,Drawn fom Tife & on Stone by I & E. Goutà. | Printed by C.Hulmiandel,eye,Drawn and from run together
2,34,318 5314 1010 5402,2888 5331 3266 5401,Irawn from Nature & on Store by I & E. Gould. | Frinted Jy C Hullmandei,eye,
3,38,820 5139 1104 5201,2658 5159 2986 5207,E. Lear del et titrça. | Brintet nuEutmandel:,scan,read from the scan; the right line is broken at by C.
4,42,724 5041 1406 5129,2665 5056 3075 5126,Drawn from Iife & on Stone by I & E. Gould. | Frinted by CHullimandet,eye,Drawn and from run together
5,46,878 5095 1448 5165,2422 5104 2776 5170,Drann from Nature & on FtondouJ & E Govid. | Printed by C. Hullmandel,scan,read from the scan; no stop visible after E
6,50,886 5295 1130 5335,2507 5308 2797 5360,I Iear dei et lethca. | Printed by C. Erimandel.,scan,read from the scan; both lines small and faint
7,54,883 4968 1617 5064,2468 4979 2886 5049,Drawn from Natare & on stone by J &E. Goutd. | Printed by C Hultmandel.,eye,
8,58,616 4775 1857 5175,2576 4942 2916 5008,SPOTTED | Aquila næv | F. Leur del. | Frinted by CHuttmandel.,scan,"read from the scan: E.Lear del. is lettered under the art, level with the printer's line; the Lear del. drawn on the bird's tail is a signature in the art, not part of the imprint"
9,62,866 5033 1504 5117,2482 5053 2870 5123,Drannfrom Nature & on Stone by J&E: Goutd. | Printed by C.Euttmandel,eye,
10,66,902 5535 1258 5614,2320 5551 2678 5613,E Jear del et lithog. | Printed by C.Hullmandel.,eye,E of E. Lear partly obscured
11,70,706 5281 1086 5365,2638 5275 3066 5359,E. Inw del et lithog: | Printed Vy C. Hullonandel,scan,read from the scan; an ink blot over the ear of Lear
12,74,584 5241 1032 5311,2674 5268 2978 5312,Drasm fron Lyfe ts erestone be P. Iee | Parted oui Iamrarar,scan,read from the scan; the end of Hullmandel faint; no stop visible after Lear
13,78,741 5056 1021 5114,2448 5077 2806 5139,F. Lear del et lith | Printed by C.Huttmandtel.,eye,stop after lith could be a colon
14,82,727 5434 1067 5492,2547 5432 2945 5512,E. Lear del: et lithoa: | Printed by C. Hulimandei.,eye,
15,86,612 4967 908 5033,2671 4976 3081 5060,ELear del et lith | Brinted by C Eullinandel,eye,
16,90,981 4906 1583 4980,2330 4917 2704 4987,Drawn from Natare & on stone by I&E.Govld. | Printed by C.Frilmandei.,eye,
17,94,978 5330 1528 5396,2465 5340 2783 5398,Drawn from Nature&e on Sone by J& E. Goutå. | Brinted by C. Hullmondel,eye,
18,98,895 5108 1461 5182,2378 5121 2722 5169,Dravon from Iife le on Stone by I leE. Gorld. | Printed Ju C. Hullmandel.,eye,
19,102,727 5226 1317 5300,2680 5242 3022 5308,Drawntrom Irfe & on Stone by I & E!Goutd. | Frinted by CEuilmandel:,eye,Drawn and from run together
20,106,1111 5444 1411 5496,2453 5440 2887 5514,E. Iear del et lith. | Frinted by C.Hullmandel.,eye,
21,110,1038 5155 1220 5199,2821 5170 3165 5218,E. Lear del. | Frinted by C.Ftritmandet.,eye,
22,114,554 5061 1238 5145,2768 5077 3174 5139,.Travn jron Tife and on Stone by J& E.Gonld. | Prnted bu C'Hallmandei,eye,D of Drawn faint
23,118,544 5143 1100 5213,2693 5138 3073 5218,Trami frrmn: Tife & on Stone by I & E. Gould | Frinted by C.Hultmande,eye,no stop visible after Gould or Hullmandel
24,122,770 5160 1410 5248,2437 5162 2829 5236,Drarm from Life & on Stons by J & F. Goutd. | Printed by C.Euttmande.,eye,
25,126,654 4799 1388 4883,2328 4819 2716 4889,Irava from Nahur kon stone by I& E. Goutd.. | Crintuaou ( Bei . Ai:,scan,right credit line broken: the middle of Hullmandel shows only as traces
26,130,683 5262 1079 5320,2613 5268 2989 5348,Irawn on Stone by E.Iear: | Printed by (. Eutmande.,eye,
27,134,266 5048 810 5092,2725 5060 3065 5112,Tram Aon lyt ken Stn de l i An | Frinted by C Hellmande?,scan,read from the scan; left line faint
28,138,805 5236 1111 5294,2605 5236 2999 5316,E Leardely Ahea. | Printed by C. Aulhmandel,scan,read from the scan; left line faint after del
29,142,626 5251 820 5299,2707 5228 3107 5308,B. Lear del. | Printed by C Eulimandel.,eye,stop after E faint
30,146,538 5359 1116 5429,2381 5366 2711 5424,Dravon from Nature & on Stane by J &c E. Goutd. | Binted'by C. Hatmande.,eye,
31,150,907 5017 1571 5091,2603 5020 2943 5068,Fiwwn from Nature & on Stone by I &E. Goutd. | Printed by ( Fullmande.,eye,D of Drawn and C in right line faint
32,154,1470 3602 1720 3646,4129 3598 4457 3656,E. Lear del et bith: | Printed by C.Hutmande.,eye,
33,158,1692 3729 2212 3791,3497 3736 3789 3788,,scan,"read from the scan; both lines doubled and blurred on the scan too, so the case of Stone and the stops cannot be confirmed"
34,162,1534 3541 2128 3611,3921 3532 4271 3590,Dravm from Nature & on Stone by J &.E. Goutd. | Frinted by C. Hutlmandel.,eye,
35,166,1732 3763 2328 3811,3359 3754 3707 3806,Trawnfrom Nature & on Stone by J&E.Goatd. | Trinted by C.Autimanitei.,eye,
36,170,563 4900 1191 4958,2795 4888 3195 4968,Dranfiom Tifé & un Stone by I & E Goulá. | Printed by C Eutimandel!,eye,Drawn and from run together; no stop after E; final stop set apart from Gould
37,174,681 5446 1097 5526,2480 5453 2848 5523,Drannon-Stonc by E.Iear. | Printed by C. Hullmandel.,eye,a stroke joins on and Stone; read as a flourish not a hyphen
38,178,649 5236 937 5294,2803 5230 3193 5304,E. Lear del et lith | Printed 'by C. Hillmandel.,eye,no stop visible after lith
39,182,690 5075 1376 5145,2207 5078 2629 5158,PaanJiam Nature d en itn byJ&/ Gonta | Fintra ly Chutraraa,scan,read from the scan: stone is lower-case; the E after & lacks its lower stroke and looks like an F
40,186,955 4612 1599 4686,2200 4622 2580 4688,Dravon from Nature & on Stone by I & E Gould. | Printed by C. Eulmandet.,eye,no stop visible after E
41,190,724 5188 1504 5276,2726 5209 3140 5271,Drawn from Nature & on Stone by J &.F. Goutd. | Printed by CHillmandei.,eye,
42,194,983 5356 1181 5408,2476 5364 2830 5430,E Lear del. | Frinted by CEtultmandel,eye,
43,198,658 5435 884 5479,2828 5461 3154 5519,E Lear de a titn. | Printed by C. Huttmandet,eye,
44,202,498 5193 1164 5277,1960 5191 2356 5275,Drawn from Nature & on Stone by I &.E. Gould. | Printed by C.Hillmandel,eye,no stop visible after Hullmandel
45,206,811 5044 1435 5118,2422 5047 2816 5117,Drawnfrom Natvre & or. Stine by J& E. Gould. | Frinted by C.Htallmandel.,eye,
46,210,1085 5266 1349 5318,2425 5276 2771 5334,E. Iear del et tith: | Printed by C.Hettmandel.,eye,
47,214,592 5084 1086 5146,2913 5114 3189 5154,Irawn from Fife & on Stone by I e E. Goreld | Irinteziby : Eatimurzel,scan,read from the scan; right line faint and small
48,218,942 4979 1220 5023,2419 4974 2783 5044,E. Lear del ettith: | Printed by C Etultmandel.,eye,
49,222,822 4854 1100 4902,2271 4850 2649 4920,E. Iear del et tith: | Printed by C. Fhrllmande.,eye,
50,226,809 4787 1397 4861,2300 4785 2672 4859,Drawn from Iife & on Stone by I & E. Gould. | Printed by C. Huttmandel.,eye,
51,16,632 4180 1304 4264,2445 4201 2803 4267,Drawn fron Nature & on Stone by J & E.Gould. | Printex by C. Euttmandel,eye,
52,20,757 4701 1459 4803,2554 4727 2956 4807,Drawn from Nature k on stone by.I &E. Gotild. | Printed by C.Hullmandel.,eye,
53,24,559 4929 1277 5009,2447 4950 2869 5020,Irava frn Zite cond m Stne bu I Ie E. Goula. | Printed by CZallomandel,eye,
54,28,1020 4471 1708 4559,2454 4473 2808 4547,Drasn from Naturek on stone by I &E. Goutd | Printed by C. Eultmandel.,eye,no stop visible after Gould
55,32,791 4589 1471 4669,2583 4594 2973 4664,Dravon from Nature & on Stoneby J &.E. Gould. | Frinted by C. Hullmandel.,eye,
56,36,713 4852 1167 4910,2520 4873 2812 4921,Jrasonfrom Natare & on Stone by J&Z Gould.. | Frinted by C.Etuttmnandet.,eye,
57,40,762 4518 1288 4580,2398 4523 2716 4581,i onfrom Nature & on stone by J & E. Goutd. | Printed by C. Hullmandel.,scan,read from the scan; Dra of Drawn faint
58,44,900 4965 1470 5027,2584 4964 2948 5030,Dravn from Nattre & on stone by J & F. Goutd. | Printed by C. Hallmandel.,eye,
59,48,527 4746 1193 4826,2651 4760 3037 4818,Dravon from Life & on Stone by J le.F. Gould. | Prnted by C.Eultmandel.,eye,
60,52,841 5161 1479 5241,2456 5173 2872 5247,Dravn from Life and on Stone by J &E. Gould. | Printed byC. Fatimande,eye,gap between by and C. is narrow
61,56,735 4482 1423 4562,2731 4488 3143 4562,Drawn from Iifé and on Stone bụ I & E. Goulá. | Frinted by C. Hullmandel.,eye,
62,60,600 5011 1266 5051,1833 4831 3246 5231,,scan,right credit line not on the sheet: the right corner is blank level with the left line and below it
63,64,592 4871 1530 4963,1807 4717 3202 5117,1.PIED FLYCATCHER. | . WHITE-COLLARED | FLYCATCHER | Muscicapa albicollis /Temm:/,scan,read from the scan; the crops showed the caption
64,68,715 4764 1361 4838,2542 4774 2902 4840,Dravn from Nature le on stone by I&E Goatd. | Printed by C. Huttmandel.,eye,no stop visible after E
65,72,839 4536 1509 4610,2554 4527 2970 4611,Dramn from Nature & on stons by I & H. Gould | Frinted by C. Hullmandel,eye,no stop visible after Gould
66,76,928 4465 1492 4513,2452 4455 2770 4517,Drama Pan Wt ard crstore Tof& E Gouti | Brinted oy CZulttrandel,scan,read from the scan; left line faint
67,80,549 4771 1175 4851,2883 4770 3295 4854,Drann from Tife le on Stone by I &e E. Goatd. | Printed by C.Eulimante?.,eye,
68,84,920 4232 1492 4294,2451 4218 2813 4288,Drawn from Lité &e on Stone by I& E. Gould. | Brinted by C.Etuttmantet.,eye,
69,88,939 4849 1565 4901,2656 4849 3056 4907,Drasm from Nature & on Stone bu I &.E Goutd. | Frintediby C Huttmande,eye,
70,92,926 4837 1498 4903,2483 4844 2833 4906,"Draron fram Noture &6 or, Stone by .J & E. Goutd. | Printet by C. Ituilmandel.",eye,
71,96,728 4771 1428 4859,2700 4789 3134 4863,Drawn from Lite & on Stone by J &.E. Gould. | Printed by C. Hulmandel.,eye,
72,100,795 4829 1475 4909,2670 4839 3126 4913,Drawn from Nature & on Stoneity I &.F. Gould. | Printed by C. Eultmandet.,eye,
73,104,970 5133 1654 5221,2542 5127 2916 5201,Drawn fron ature & in Stoue by I Io E. Gould. | Printed by C. Fillmandel.,eye,
74,108,705 4957 1351 5031,2496 4955 2864 5029,Drawn. from Natare & on Stone by I &E. Gould. | Prinved by CHetmandei,eye,
75,112,717 5299 1461 5395,2451 5312 2899 5396,Drawn from Natare & on Stone by I&E Gortd. | Printed by C.Auttmandel,eye,
76,116,747 4903 1495 5005,2695 4907 3117 4995,Travore from Nature & on Stone by I &.E. Girtd. | Printed by C.Erilmandel.,eye,D of Drawn faint
77,120,605 4823 1217 4903,2729 4833 3091 4899,Drawn from Iife and on Stone by I & E. Gould. | Frinted by C. Htulmandct.,eye,
78,124,378 4825 1018 4913,3034 4825 3424 4899,Drawn from Iife & on Stone by J &.E. Gould. | Frinted by C.Eultmandel.,eye,
79,128,908 4683 1650 4771,2348 4693 2762 4767,Drawn from Nature & on Stone by J &E. Goutd. | Printed by C. Eullmandel.,eye,
80,132,688 4851 1412 4939,2592 4877 2992 4935,Drawn from Haiere & vn Stone by J & E.Gould. | Biztei bul Fuurnaniet.,scan,read from the scan; Nature faint
81,136,842 4640 1458 4710,2523 4649 2891 4715,Diurm from Natare &on Stoneby JKE. Gould | Printed by C.Hallmandel.,eye,
82,140,698 5102 1388 5186,2550 5113 2996 5193,Dranm from Natare & on Stone by J & E. Gould. | Printed by C. Halimardel.,eye,
83,144,553 3267 2453 3667,3079 3267 4979 3667,RDIPPER. | echst).,none,credit lines cut off: the sheet ends in the caption
84,148,860 4188 1460 4258,2609 4193 2969 4259,Drawn framn Nature & on Stone by J & E. Gould | Frinted by C. Hullmandel.,eye,no stop visible after Gould
85,152,896 4495 1596 4583,2326 4507 2736 4565,Drawnfiom Natare & on.Stone by J & E.Gortd. | Print: i bị C. Hullmandel,scan,read from the scan; ed of Printed faint
86,156,552 4764 1270 4848,2653 4750 3069 4834,Drawn from Fife and on stone by J &e E Gerta. | Printed by C. Eullimandel.,eye,Gould faint; stop after E faint
87,160,726 4908 1372 4992,2425 4917 2793 4983,Drawn from Iife li on Stone by I le. E.Goutd. | Printed by CZullinandel.,eye,a mark between & and E. is likely a stray dot
88,164,783 5005 1609 5107,2691 5023 3155 5111,Draum from Nature le on Stone by I &c E. Goutå. | Frinted by C.Eutmandel.,eye,
89,168,904 4402 1476 4472,2563 4400 2919 4470,Trannfrom Nature& on Stone by J &E. Gorld. | Printed by C. Etullimandal,eye,
90,172,774 4844 1396 4928,2370 4875 2784 4949,Drann from Iife & on Stone by I & E. Gorld. | Printed by C Hutmaraei,eye,
91,176,862 4459 1376 4525,2555 4465 2933 4531,Drawn on Stone from Iife by J& E. Gould. | Prnied by C. Hiltmardel,eye,
92,180,729 4731 1311 4811,2661 4758 3029 4828,Dram from Life and on Stone by I & E. Gorld. | Printed by C. Hutmandel,eye,
93,184,821 4941 1495 5021,2388 4953 2802 5033,Drawn from Iitfe and on Stone by I &'E. Gould. | Brinted by CHullmandel.,eye,
94,188,927 5215 1489 5289,2567 5232 2893 5294,Drawnfrom Life & on Stone by I& E Gould. | Printed by CEullmandel.,eye,Drawn and from run together; J and & nearly touch
95,192,950 4995 1486 5061,2533 5010 2881 5072,Dremm from Life L on store by J& E Goald. | Printet by C. Hultmantel.,scan,read from the scan; left line faint
96,196,712 4872 1324 4942,2816 4891 3158 4943,Irown from Natare & on Stone by J & E. Goald. | Printed bu C. Etuttmandel.,eye,
97,200,743 4871 1357 4923,2800 4889 3166 4947,Trava mmJifé ard on tone be TkE Goura. | Printed by i Aulimandri.,scan,read from the scan; from Life faint
98,204,800 5006 1326 5068,2659 5020 3021 5090,Drawn from Nature & on stoneby J&E.Guuld. | Printed by C.Huttmondei.,eye,
99,208,615 4854 1237 4934,2784 4866 3150 4932,Drawnfrom Nature & on Stone by J &E. Gould. | Printed by C. Hullmandel.,eye,
100,212,1064 4778 1742 4862,2346 4779 2766 4853,Dravon from Natare & on stone by I&.E. Gould. | Frinted by C.Hullmandel.,eye,
101,216,721 4463 1393 4537,2444 4471 2794 4523,Drawnfrom Nature&on Stone by J&F.Could. | Trinted bitKulmandel,eye,C of C.Hullmandel faint
102,220,1063 4760 1435 4790,1922 4575 2962 4975,imwafion Vare tn,scan,read from the scan: both lines very faint; & on Stone by broken; the C before Hullmandel shows only as traces of its top and foot
103,224,1007 4832 1633 4912,2448 4851 2836 4921,Dram from Nature & un stone by J & E. Goatd. | Frinted by C. Hultmandel.,eye,
104,228,1014 4866 1788 4954,2690 4902 3078 4968,Dravn from Nature & on Stone by I & E. Goutd | Printed by C. Hullmandel.,eye,
105,232,723 4810 1387 4890,2439 4828 2803 4880,Dravafrom Naiare & on Stone by I &E. Gould. | Frinted by C. Huttmandel,eye,
106,236,768 5103 1448 5187,2500 5125 2858 5187,Drasm from Ive ind on Store by I & F. Gouid. | Printed by C.Fulliandtel,eye,and on faint
107,240,718 4681 1420 4773,2506 4687 2924 4771,Drawn from Naiere & on Stone by I & E. Gould. | Printed by C. Eitmandel,eye,
108,244,801 4718 1481 4798,2555 4724 2947 4798,Drawn from Natare & on stone by J &.E. Gould. | Printed by CEullmandel.,eye,
109,248,712 4604 1248 4632,2578 4600 2908 4644,Fritod budloltaandel,scan,"read from the scan: left line very faint and broken; the S of Stone faint, its case uncertain; the E after & lacks its lower stroke and looks like an F"
110,252,836 4853 1426 4923,2440 4866 2880 4932,Drawn from Nature & on Stone by I &E. Gould. | Printed by C. Hutimandel.,eye,
111,256,849 4628 1507 4708,2511 4638 2927 4718,l'ravn from Nature & on stone by I & E. Gould. | Printed by C. Huttmandel.,eye,D of Drawn faint
112,260,872 4857 1636 4949,2683 4878 3093 4958,Dravn from Nature & on Stone by J &E. Goutd. | Frinted by C' Iultmandel.,eye,
113,264,780 5165 1362 5227,2457 5174 2791 5232,"Irawn fram Nature & on,toneity J &e E. Guutd. | Printed by C.Huttmandel.",eye,S of Stone faint
114,268,1056 4539 1700 4609,2448 4537 2796 4599,Dravn from Nature & on stone by I & E. Govtá. | Privited by i. Hatmaniei,eye,
115,272,761 4593 1519 4695,2377 4604 2813 4688,Drawn from Nature & on Stone by J & E.Gould. | Printed by C. Hullmandel.,eye,
116,276,877 4647 1593 4721,2479 4646 2839 4716,Drawn from Nature & on Stone by I & E. Goald. | Frinted by C. Hallmandel.,eye,
117,280,807 4512 1441 4592,2434 4523 2806 4593,Dravn from Naiure & on stone by I & E. Goutd. | Printed by C. Hallmandel.,eye,
118,284,1022 4871 1708 4955,2298 4878 2688 4944,Itrawn fran Nature & on stone by I L.E. (iuld. | Finted by C.Halimamil.,eye,
119,288,702 5171 1364 5241,2726 5171 3060 5219,Drason from Natare don Stevni C L Grata. | Frintedi | 27onde.,scan,"read from the scan: the J shows only as traces of its top and tail, and the C before Hullmandel as a small mark"
120,292,605 4602 1243 4682,2859 4592 3275 4666,Drawn from life and on stone by J & F. Gould. | Frinted by C.Hullmandel.,eye,
121,296,836 3953 1528 4037,2335 3952 2753 4032,Irvon from Natareic on Stoncby J&E Goa??. | Printed by ( Htattandel.,eye,end of Gould faint
122,300,777 4932 1403 5006,2418 4940 2796 5006,Trasm from Nature & on Stone by I & E. Gould. | Printed by C. Eullmandei,eye,
123,304,744 4742 1372 4808,2897 4734 3261 4786,Trann trom tite &on scone bu &t Goaid | Prented bu CEtuitmandi,eye,& and E run together
124,308,687 4649 1289 4723,2231 4636 2631 4720,Drawn from Naturekon Stone by J &.E. Gould. | Printed by C. Huttmandel.,eye,
125,312,682 4799 1306 4891,2624 4820 3004 4886,Drawn from Life & on Stone by J &E Goutd. | Printed by CHullmandel.,eye,no stop after E
126,316,830 4480 1514 4568,2613 4502 2973 4576,Drann from Nature & on Stone by J & E. Goutd. | Printed by C. Hullmandel.,eye,
127,320,810 4785 1542 4869,2503 4788 2927 4868,Dravon from Nature & on stone by I & E. Gould. | Printed by C.Hatlmandel.,eye,
128,324,763 4520 1351 4594,2656 4523 3014 4585,Dravn fron Naturekon stoveby I & E.Gortd. | Printed by C.Evtmandel.,eye,
129,328,753 4854 1369 4906,2484 4862 2876 4906,itravr froa Natare & un Stane oy J & E Galá. | Finted by Chtillmandel,eye,
130,332,800 5008 1244 5052,2587 5022 2875 5058,Prewn from Iate d enStene by JIcE. Goutd. | Eented by C Erlmandei,scan,read from the scan; both lines faint
131,336,706 4873 1396 4935,2708 4885 3116 4947,Tam from Fite and on Stone Jy.I &.F. Gould. | Printed ou C.Fullmandel.,eye,no stop visible after J; the E after & lacks its lower stroke and looks like an F
132,344,,,,scan,read from the scan (no sheet in the release)
133,340,807 4820 1497 4894,2576 4836 2960 4902,Dranfrom Nature & on stone by I & E. Goutd. | Printed by C.Euttmandel.,eye,
134,348,920 4778 1594 4844,2484 4786 2848 4830,Dixor Ton Diture sm tene by J & E. Guutd. | Fanies is Cilutmunua,scan,read from the scan; both lines faint in parts
135,352,793 4266 1413 4340,2463 4262 2833 4336,Drawn firm Nature & on Stone by J &.E. Gould. | Printed by CHtatimandet.,eye,
136,356,930 4724 1560 4790,2466 4733 2840 4803,Drawr from Nature &on Stone by J&E Gould. | Printed by C. Huttmandel.,eye,
137,360,796 4760 1538 4848,2587 4768 2971 4848,Drann from Nature & on Stone by J&E. Goilel. | Printed ty CEullmanãel,eye,u of Gould faint
138,364,796 4260 1570 4348,2542 4265 2958 4349,Pravon from Nature & on Stone by J &F. Goald. | Frinted by C Hallmondel,eye,D of Drawn faint
139,368,859 4636 1631 4732,2492 4628 2920 4716,Drawn from Nature & on stone by J & E. Goalà. | Printed by C.Eullmandel,eye,
140,372,723 4718 1335 4792,2532 4727 2876 4789,Fasn from Natare & on Stone by J & E. Gould | Irnted by C.Hattmandet.,eye,D of Drawn faint; no stop visible after Gould
141,376,420 4671 1062 4755,2683 4690 3071 4770,Drawn from Iife and on stone by I &.E. Gould. | Printed by C Htullimandel,eye,on and stone run together; from and Life nearly touch
142,380,845 4656 1525 4736,2632 4669 2930 4717,Ürawn from Nature & on Stone by J &E. Gould. | Printed by (. Htalkande,eye,C in right line faint
143,384,808 4549 1454 4641,2228 4541 2650 4625,Drawn from Nature & on stone by I & E. Gowd. | Frinted by C.Hellmandel.,eye,
144,388,657 4762 1249 4842,2756 4782 3098 4848,Inamfrom Life and on Store by I &.E. Gouli. | Printed by CEultmand el,eye,
145,392,486 4668 1144 4756,2666 4658 3112 4746,Drawn from Iife & on Stone by I & E. Gould. | Frated by CZulmandei,eye,
146,396,392 4576 1092 4664,2908 4593 3346 4677,Drawn fiom Life &onStone by J &. F. Gould. | Printed by C.Eullmandel.,eye,& and on run together
147,400,1046 4490 1612 4534,2638 4477 3012 4547,Drawn from Iife and on Stone by J & E. Gould. | Frnicd by C.Hultmandel,scan,read from the scan; Printed partly blotted
148,404,498 4908 1232 4996,2772 4921 3202 5005,Dravon from Life and on Stone by I &E. Gould. | Printed by C.Eulimardel.,eye,& and E. nearly touch
149,408,781 4714 1325 4772,2641 4704 2955 4756,Draron fran Natere & on Stona by I & E. Gorld. | Irnted ky C. Auttmondel,eye,no stop visible after Hullmandel
150,14,964 4796 1658 4880,2642 4803 3024 4855,Drawn from Nature & on Stone by I&.E. Goutà. | Prnted by CHulmandel,scan,read from the scan; right line faint and broken; the mark after Hullmandel could be a colon
151,18,640 4811 1392 4899,2693 4815 3135 4903,Dravnfrom Nature & on Stone'by J & F. Gould: | Printed by O Futmandel.,eye,stop after Gould could be a colon
152,22,924 5103 1534 5169,2373 5112 2737 5174,Pravn fron Nature & on Stone by I &H Gortd. | Printed by C.Huilmandrt.,eye,
153,26,770 4758 1398 4820,2678 4785 3028 4843,Jrem Yan Nabrre& er Stoneby I& E. Goruld. | Printea Ju C. Etuttmandei:,eye,
154,30,763 4923 1295 4981,2561 4931 2847 4975,Drawm from Nature & on stane by IL.E Gorld. | Frinted by CHtullmandel:,eye,no stop visible after E; mark after Hullmandel could be a colon
155,34,791 4605 1503 4685,2523 4620 2925 4690,Drawn from Nature & on Stone by J&E. Gould. | Frinted by C.Frrttmandet,eye,
156,38,920 4716 1370 4764,2466 4719 2774 4777,Trenn fiin Life &ou Stone by.T& B.Gouldl. | Finted by C.Hutmnandel.,scan,read from the scan; Drawn from faint
157,42,923 4889 1711 4985,2482 4907 2914 4981,Dramn from Natare & on Stone by J &e E. Gortd. | Printed by C. Hultmandet.,eye,
158,46,976 5190 1630 5274,2708 5209 3054 5261,Drawn from Iife and on Stone by I & E. Gould. | Printed by C Eulanandel.,eye,no stop visible after C
159,50,842 4890 1600 4982,2332 4899 2770 4979,Dravn from Nature & on Stone by J &. E.Goutd. | Frinted by CEullmandel.,eye,
160,54,640 4894 1328 4978,2820 4905 3232 4985,Drawn from life and on stone by J & E. Goutd. | Prixted by C. Fullmandel.,eye,
161,58,810 4875 1512 4963,2692 4895 3110 4969,Irvam from Natere se on stene te i& E Gerid. | Frinted by C. Hattmandel.,eye,
162,62,436 3987 1010 4053,2757 3996 3109 4058,Irawn from Nature &e vn stone byJ kF. Gorid. | Brinted by C. Ftettimandel.,eye,
163,66,876 4784 1500 4854,2567 4797 2953 4863,Drawn fram Naturekonstonety IKF. Could. | Printed by C.Hutimandel.,eye,Nature & on stone run together; J&E run together
164,70,824 5009 1566 5097,2419 5014 2821 5098,Drawn from Nature & on Stone by J& E. Gould. | Prinked by C. Eullmandel.,eye,
165,74,793 4278 1479 4352,2379 4282 2775 4356,Dravon from Nature & on Stone by I & E. Goulilis | Frintedby C. Fitlmande?.,eye,stop after Gould blurred; Printed and by nearly run together
166,78,872 4738 1646 4822,2556 4743 3016 4823,Drawn from Nature & on Stone by I & E. Gould. | Printed by C.Hulimandel.,eye,
167,82,1005 4461 1757 4541,2377 4472 2781 4542,"Inwn from Nutere &onstcnety I k E. Guald. | Frinted, by C.Itallmandel.",eye,
168,86,897 4564 1575 4638,2601 4560 2979 4634,Irawn from Natare & or Stone by I& E Girid | Printed by C. Hattmandel.,eye,no stop after E; stop after Gould faint
169,90,684 4449 1246 4515,2708 4461 2992 4513,Drarn frm Vecure Aon Sieu iy J l F Guni. | Printed by C.Ftmandei,scan,read from the scan: the S of Stone rises to capital height; on Stone and Gould faint
170,94,771 4935 1373 5009,2733 4944 3091 5014,Irawn from Iife &e on Stine by J &E. Goutd. | Printed by (. Futtmardel,eye,D of Drawn broken
171,98,976 4860 1544 4930,2497 4864 2897 4934,Drann from Naturek on Stoneby I&E. Gould. | Frinted by C. Eullmandel.,eye,"Nature and & run together, as do Stone and by"
172,102,812 4616 1422 4686,2582 4619 2936 4671,"Dravn from Life and, on Stone by I &.E. Gowld. | Brinted oy C.Hulimandel",eye,
173,106,765 4901 1417 4975,2507 4908 2895 4978,Drawn from Nature & on Stone by J & E. Goutd. | Printed by C. Hattmandel.,eye,Drawn and from run together
174,110,876 4819 1448 4885,2552 4823 2888 4881,Irawn from Nature & on Stone by J & E Goutd. | Bintei by CHtathmandel,eye,stop after E faint and may be absent
175,114,920 4937 1644 5025,2578 4935 2988 5015,Drawm from Natuure & on Stone by I & E. Gorld. | Brinted by C. Haltmandel.,eye,
176,118,650 4940 1254 5024,2522 4947 2902 5021,Drawnfrom Life & on Stone by I & E. Goutd. | Printedt by CEullmandel.,eye,Drawn and from run together
177,122,903 4869 1559 4949,2495 4871 2849 4937,Frawn from Nature & on stone by I &.II. Coutd | Printed by C. Hultmandel.,eye,stop after Gould faint
178,126,968 4730 1630 4814,2431 4734 2801 4804,Drarm from Nature & on Stone by I&.E. Gould. | Printed by CHallmandel.,eye,
179,130,543 5201 1273 5281,2703 5227 3057 5293,Trawn from Hature & on Stoneby Jic F. Gould. | Frinted by CEuttmandel.,eye,Stone and by run together
180,134,914 4884 1412 4924,2652 4881 2954 4939,"Drava frem Vaiure Lon Stone by IAF. Goatd, | Printed by C. Htulmande.",scan,read from the scan; left line faint
181,138,737 4797 1405 4871,2525 4796 2875 4858,Drawn from Nature & on Stone by I & E. Gould. | Frinted by C Fullmandel,eye,
182,142,814 5032 1468 5116,2503 5043 2873 5109,"Drawnfron, Nature & on Stone by JớE.Gould. | Frinted by C. Eullimandel.",eye,
183,146,889 4775 1557 4855,2351 4780 2729 4850,Drawn from Nature & on Stone by J & E. Gould. | Frinted by C.Eullimandel,eye,
184,150,700 5032 1334 5116,2754 5047 3120 5121,Irawn from Nature & on stone by I &E. Goutd. | Printed by C Eutmandel,eye,
185,154,477 5069 1079 5143,2786 5071 3142 5129,Dravm from Tife & on Stone by I & E. Gorid. | Frinted by CEullonardel,eye,
186,158,742 4774 1364 4844,2419 4776 2765 4838,Drawn from Nature & on stone by J&EGould. | Printed by C.Hattmandel.,eye,
187,162,963 5121 1473 5179,2608 5135 2910 5187,Iram from.Natare & on Stone by J & E.Gortá. | Frinted by C.Hullmandel.,eye,
188,166,663 5005 1251 5079,2523 5010 2857 5072,Drawn from Natare & ou Stoneby I & E.Goald. | Printed by C. Eullmandel,eye,the u in Nature and Gould is closed and looks like an a
189,170,610 4898 1236 4982,2814 4923 3204 5003,Droown from Iite & on Stone by J & E. Gould. | Printed by CHutimandet.,eye,stop after C not visible
190,174,938 4664 1586 4734,2399 4669 2773 4735,", Dravn from Nature & on Stone by J & E. Gould | Printed byC. Hullmandel:",eye,stop after Gould faint; by and C. run together
191,178,790 4646 1374 4716,2571 4660 2901 4722,Drawn from Nature & on stone by J &E. Gould. | Printed by C.Euttmande?.,eye,
192,182,744 5020 1346 5090,2562 5033 2922 5091,Iraim from Nature se on stone bu I & E. Gould. | Binted by C. Etillmandel,eye,
193,186,870 4686 1502 4756,2374 4689 2774 4763,Drawn from Nature k on Stone by I &.E. Gould. | Printed by C. Eultmandel.,eye,
194,190,774 4958 1490 5042,2268 4969 2692 5043,Dramm fron Nature & on Stone by I & E. Gortd. | Prinied by CEullmandel,eye,
195,194,514 5028 1174 5112,2765 5034 3117 5104,Drawn from Natare & on Stone by I& E. Gould. | Printed by C. Hutmandet.,eye,
196,198,811 5035 1301 5093,2664 5049 2996 5107,Dravenfrom Naiure & on stone by J &E. Gould. | Printed by CHultmandel,eye,"no stop on the line after C; a dot sits above the H, a misplaced stop or a speck"
197,202,749 5055 1523 5151,2487 5070 2923 5154,Drawn from Natere &e on Stone by I &e E. Gortd. | Printed by C.Zullmandel:,eye,stop after Hullmandel could be a colon
198,206,952 4714 1518 4776,2651 4709 3011 4775,Drawn fron Nature &e on Stone by J & E. Goatd. | Printedt by C. Eultmandel.,eye,
199,210,806 4681 1364 4747,2797 4686 3143 4748,Drav FromIité de on Stane by J&E Gouíà. | Printed by O. Euilmandei,eye,J&E run together
200,214,787 5187 1535 5283,2316 5195 2790 5291,Dravn from Nature & on Stone by J d.E. Goulá. | Printed by C. Haltmandel.,eye,
201,218,805 5153 1411 5233,2740 5179 3060 5237,Drawnfrom Iife and on Stone by J & E. Gorld. | Printed by C.Ertimantel,eye,
202,222,631 4991 1307 5071,2754 5025 3074 5077,Trawn from Nateir & on stone by J & E. Gould. | isted by C. Fallmnazi,scan,right credit line's end did not print: the printer's name reads only as far as Hullman
203,226,700 4650 1370 4742,2630 4679 3006 4753,Dram from Lifé and mn Stone by I &Z. Gorlá. | Frntad ty CEulmandei,eye,no stop visible after Hullmandel
204,230,665 4987 1251 5067,2703 5024 3019 5072,Dravon from Iite &on Stone by I Io .E. Gould. | Tned iu Citanendel,scan,read from the scan; right line faint
205,234,820 4884 1410 4968,2584 4901 2920 4959,Drawn from Nature & on stone by J &e F. Gould. | Frinted by C. Eulmandel.,eye,
206,238,747 5005 1355 5079,2589 5020 2901 5068,Drawn from Nature &on Stone by Iic. E. Could. | Frinted by C. Halonandel,eye,"a dot between & and E, probably the end of the & stroke"
207,242,796 4500 1464 4584,2529 4501 2897 4567,Drawn from Nature & on Stone by J & E. Gould. | Frinted by CEullmandel.,eye,
208,246,853 4673 1497 4753,2525 4670 2895 4740,Brawn frow Nature& on Stone by J&E. Gould. | Printed by Ci Htulimanded.,eye,
209,250,1211 4879 1813 4953,2397 4881 2775 4947,Drawn from Nature & on Stone by I& E. Gould. | Frinted by C. Euttmandel.,eye,C of C. is closed and looks like an O
210,254,542 5167 1188 5255,2774 5185 3176 5265,Drawn from Life cond on Stone by I &E. Gould. | Printed by CHuttmandel.,eye,
211,258,822 4999 1502 5087,2424 5011 2806 5085,Drawn from Naiure &on Stone by J L.F.Gould. | Printedi by C. Futmundel.,eye,"a dot between & and E, probably the end of the & stroke"
212,262,545 4831 1157 4889,2597 4822 2969 4892,Drawn from Life &on Stone by IKE Gorld | Frinied by C Hullmandel,eye,
213,266,475 5089 1173 5163,3062 5085 3466 5165,Dravn from Nature &on Stone by J &.E. Goutá. | Printed by C.Hutmandel.,eye,
214,270,846 4535 1556 4623,2757 4537 3195 4625,Drawn from Nature & on Store by I & E. Gould. | Printed by C. Htullmandel.,eye,
215,274,968 4766 1242 4814,2580 4749 2986 4829,E. Iear del et lith: | Printed by C. Hultmandel.,eye,
216,278,464 4845 1086 4937,2886 4870 3326 4958,Drawn from Fife & on Stone by I & E. Gould. | Printed by C.Hullmandel.,eye,
217,282,746 4376 1464 4468,2524 4375 2960 4455,Drawn from Iife & on Stone by I & E. Gould. | Printed by C.Hullmandel.,eye,
218,286,649 4929 1301 5009,2640 4925 3012 4999,Dravon from Noture & on Stone by J &.E. Goald. | Printed by C.Hutlmandel.,eye,
219,290,622 5284 930 5354,2903 5293 3259 5359,E Lear del et lithog. | Prinied by C. Hulmundel.,eye,
220,294,965 5308 1273 5360,2555 5312 2983 5386,Flear del et uth | Prinzal by CEullmandel.,scan,read from the scan; the E of E. Lear lacks its lower stroke and looks like an F
221,298,1014 5143 1248 5183,2478 5151 2784 5199,E. Lvar Zel oi lish | Frerad by C Eutmandel.,scan,read from the scan; both lines small and faint
222,302,754 4936 1296 4998,2311 4942 2649 5004,Irasm from Natare& on Stene by I &E.Goutd. | Printed by C. Fulttmandel.,eye,
223,306,704 5094 1238 5156,2675 5090 3031 5152,Drasmn from Natare k.on Stine by J &cE. Gould. | Printed by (: Hullmandel.,eye,
224,310,1162 5137 1396 5181,2370 5137 2674 5195,E Lear del ci lith: | Printed by C. Hutmandel.,eye,colon after lith could be a stop
225,314,583 5474 1153 5548,2685 5476 3085 5550,Drawn from Tife &on Stone by J &.E. Gould. | Printed by C.Eullmandei:,eye,
226,318,680 5104 1204 5174,2501 5126 2813 5188,Dienu fion Tife d ouetone bu I & F.Gortá. | Frated by CHellmandel,eye,the E after & lacks its lower stroke and looks like an F
227,322,522 5019 1202 5103,2731 5018 3177 5098,Dravn from Life &on Stone by J & E. Gould. | Printed by C.Eullmandel.,eye,
228,326,650 5109 1264 5175,2441 5110 2763 5158,-Me fren and m See by ! dE.Guld. | Printca Jy C.Helemandel,scan,read from the scan; Drawn and Nature faint
229,330,766 5280 1342 5350,2769 5294 3107 5342,rom Nature & on Stone by J & E. Gorúá: | Finted by C. Eullmarnel.,scan,read from the scan; Drawn faint; the mark after Gould could be a colon; the end of Hullmandel faint
230,334,552 4928 1294 5020,2626 4951 3022 5031,Dravn from Natare & on Stone by J & E. Goutà. | Printed by C.Hullmandel.,eye,
231,338,754 4729 1294 4795,2476 4727 2770 4785,Drawn from Natare & on Stone by J&.E. Gould. | Printed by C. Huttmandel,eye,
232,342,687 5083 1289 5163,2289 5096 2659 5166,Drawn from life & on stone by I &.F. Gould. | Frinted by CEulmandel,eye,life and stone lowercase
233,346,754 5012 1380 5096,2617 5029 2981 5095,Drawn from Lifé & on Stone by I &.E. Goutd. | Printed by C Hullmandel.,eye,
234,350,795 4687 1245 4745,2370 4691 2656 4749,Dravn fromn Nature &on Stone by J &E. Gonid. | Frinted by CHutmandå.,eye,"l in Gould short, looks like an i"
235,354,844 4618 1606 4702,2397 4626 2817 4696,Droarn from Natare & on Stone by J & E. Goutd | Frinted by C. Hultmandel.,eye,no stop after Gould
236,358,922 4714 1656 4798,2538 4725 2982 4799,Dravn from Nature & on Stone by J & K.Gould. | Printed by C.Hullmandel.,eye,
237,362,894 4599 1592 4687,2536 4611 2932 4685,Drawn from Nature d on stone by I & E. Goutd. | Frinted byC Haltimandel.,eye,
238,366,502 5378 1122 5466,2754 5390 3152 5470,Imvn frin Iife & an Stare by I & F Couid. | Printed by C.Hullmandei.,eye,the E after & lacks its lower stroke and looks like an F
239,370,752 4900 1102 4948,2519 4892 2907 4962,Dravn on Stoneby Elear. | Brinted by C.Eultmandel.,eye,
240,374,671 5013 1353 5087,2412 5011 2866 5091,Drawn from Nature & on stone by. J & E. Gould. | Printed by C. Euttmandel.,eye,"a dot after by, probably a speck"
241,378,691 4921 1235 4979,2500 4929 2860 4987,Drawn from Nature & on stone by I &E. Gould. | Frinted by C. Futtmandet.,eye,stop after Gould could be a colon
242,382,860 4846 1406 4916,2531 4860 2863 4922,1ram frim Naiure Ie on Stone by I& E. Gotd. | Frinted by C. Htattmandei.,eye,
243,14,576 4870 844 4918,2786 4861 3164 4913,K.Lear de el 12%. | Frirtra tuPutnamle?,scan,read from the scan; both lines faint
244,18,860 5160 1472 5230,2625 5185 2969 5251,Travm from Iité and on Stone by I & E. Gould. | Printed by C. Eittmandel.,eye,
245,22,500 4795 1190 4883,2618 4819 3020 4893,Dravifrom.. Vature & on Stune by I &e E Gaulả | Brinted by C.Hullmandei,eye,
246,26,677 4847 1285 4921,2657 4856 3039 4926,Drawn from Iife & on Stone by I& E. Goatd. | Printed by CFtullmandel.,eye,
247,30,549 3227 2449 3627,3048 3227 4948 3627,ANT. | oni,none,credit lines cut off: the sheet ends in the caption
248,34,549 3374 2449 3774,3048 3374 4948 3774,Лpas | CAPERCAILZ | THE WOOD.,none,credit lines cut off: the sheet ends in the caption
249,38,549 3244 2449 3644,3048 3244 4948 3644,ЛHE | SE.,none,credit lines cut off: the sheet ends in the caption
250,42,1662 3476 1952 3524,3357 3476 3765 3546,E. Lear del et lith: | Printed by C.Hullmandel.,eye,
251,46,1481 3419 1967 3477,3501 3422 3863 3484,Drm from Natureton stone by / AE. Gould. | Frinted by C.Hullmandel.,eye,left line faint; stop after Gould faint
252,50,1464 3551 2082 3617,3311 3560 3659 3622,Dran fron Nature & on Stone bu I & B.Goulá. | Printed by C. Hullmandel,eye,
253,54,1350 3641 2376 3721,3384 3651 3782 3709,Drawn from Nature & on Store bu I &E. Gould | Printed bu C Hullmandel,scan,foot of both credit lines cut off at the sheet's edge: the tail of the y in each by is lost
254,58,1616 3333 1882 3377,3499 3329 3887 3395,E. Lear delet With: | Printed by CFultmandel,scan,read from the scan: a colon after lith; no stop visible after Hullmandel
255,62,549 3216 2449 3616,3048 3216 4948 3616,WI,none,credit lines cut off: the sheet ends in the caption
256,66,549 3216 2449 3616,3048 3216 4948 3616,RMIGAN | mm:/,none,credit lines cut off at the sheet's foot: only the tops of a few letters show
257,70,549 3216 2449 3616,3048 3216 4948 3616,Ptero,none,no credit line on the sheet: the paper below the caption is blank to the sheet's foot
258,74,549 3216 2449 3616,3048 3216 4948 3616,Pter,none,no credit line on the sheet: the paper below the caption is blank to the sheet's foot
259,78,549 3298 2449 3698,3048 3298 4948 3698,EUR | LIN.,none,credit lines cut off: the sheet ends in the caption
260,82,1506 3396 2150 3480,3550 3411 3972 3491,Drawnfrom Nature& on stone by J &E Gortd. | Printed by C. Hutlimandel,eye,
261,86,1198 3345 2132 3433,3531 3445 3989 3533,BARBARY PARTRIDGE. | Perdix saxitilis.,none,credit lines cut off: the sheet ends in the caption
262,90,1681 3393 2335 3467,3299 3402 3687 3472,Drann from Noturre & on Stone by I & E Gorto. | Printed by CHultmandel,eye,
263,94,1648 3130 2288 3200,3498 3151 3844 3209,Drann from Nature & on Stoneby J& E. Gould. | Printed by C. Huttmandel.,eye,Stone and by run together
264,98,1654 3381 2236 3447,3407 3391 3743 3457,. Prawn from Nature & on Swone ty J & F. Gouta. | Printed by C. Hutmandeí.,eye,
265,102,549 3216 2449 3616,3048 3216 4948 3616,COI | VCOLE..,none,credit lines cut off: the sheet ends in the caption
266,106,549 3216 2449 3616,3048 3216 4948 3616,CREAM COI | Curso | SFR.,none,no credit line on the sheet: the paper below the caption is blank to the sheet's foot
267,110,549 3216 2449 3616,3048 3216 4948 3616,RD.,none,credit lines cut off: the sheet ends in the caption
268,114,549 3327 2449 3727,3048 3327 4948 3727,,none,credit lines cut off: the sheet ends in the caption
269,118,549 3216 2449 3616,3048 3216 4948 3616,IRD.,none,no credit line on the sheet: the paper below the caption is blank to the sheet's foot
270,122,1018 5411 1382 5497,2709 5444 3077 5497,E Tear del et äthog. | Printed bu C Halmande,scan,read from the scan; right line faint; no stop visible after C or Hullmandel
271,126,678 5507 924 5553,2904 5514 3250 5553,E Lear dii etTizh. | PntdivA Halmandel,scan,right credit line's foot cut off at the sheet's edge: the tail of the y in by is lost
272,130,936 5155 1166 5195,2471 5150 2793 5208,I Tonv del et With | Printed by C Hulimeri ei,scan,read from the scan; both lines small and faint
273,134,728 5286 1070 5370,2633 5304 3001 5352,B teer dei ee linsy. | Printed by C. Erlimandel,scan,read from the scan: lithog. is clear; no stop visible after Hullmandel
274,138,1088 5188 1352 5236,2491 5178 2849 5226,ELearde eath | BratetlyCHalimonda,scan,read from the scan; both lines faint
275,142,579 5245 1189 5319,2877 5249 3243 5315,Drawn from Fife & on Stne by J & E Gould. | Frinted by CEuimarâa:,eye,
276,146,1651 3571 1955 3623,3181 3566 3575 3636,E. Zear det et lith. | Printed by (Hallmande?,eye,right line ends at the crop edge; a final stop may be cut off
277,150,1580 3666 1832 3714,3807 3681 4157 3747,E Lear del et lith: | Trinted by C. Fullmande,eye,stop after lith could be a colon; no stop visible after Hullmandel
278,154,1632 3608 2212 3656,3433 3615 3785 3681,"Crava from Nalure d on Stoni by / & F Could. | Frinted by C, Hullmandel",scan,read from the scan; Drawn faint; the E after & lacks its lower stroke and looks like an F
279,158,1689 3611 1971 3663,3404 3603 3840 3683,E. Lear del et tith. | Printed by C.Huttmandet,eye,
280,162,549 3314 2449 3714,3048 3314 4948 3714,DO | N -,none,credit lines cut off: the sheet ends in the caption
281,166,1661 3727 1889 3750,3473 3729 3795 3750,,scan,right credit line cut off at the sheet's foot: only the tops of its tallest letters show
282,170,549 3363 2449 3763,3048 3363 4948 3763,EN. | by).,none,credit lines cut off: the sheet ends in the caption
283,174,666 5362 966 5428,2960 5363 3310 5433,E Lear del et lithog | Frinted by C. Eulmandel.,eye,
284,178,908 5464 1190 5531,2769 5470 3133 5531,E Lear del et lithog. | Friniad by CFullmandel.,eye,no stop visible after lithog
285,182,553 5255 821 5313,2843 5252 3145 5314,EIear dol et lithog | Printeaby CZutmande.,scan,read from the scan; right line smudged
286,186,472 5066 1190 5150,2839 5061 3277 5149,Drawn from Liifé & on Stone by J & E. Gould. | Frinted by GEultmandel.,eye,
287,190,1025 5378 1335 5430,2403 5378 2823 5458,E. Lear del et tith. | Printed by C. Hullmandel.,eye,
288,194,1692 3608 2204 3670,3566 3621 3886 3673,Drann from Nature & onStoncby J&E. Goutd. | Binted by C. Huttmandet.,eye,Stone and by run together
289,198,742 5131 1428 5223,2744 5165 3130 5227,Drawn from Irte &e on Stone by I & E. Gortà. | Printed by C.Hullmandel:,eye,
290,202,1553 3625 2253 3705,3301 3630 3705 3700,Dramn from Naire & on Stare by I& E. Gould. | Printed by C. Hullmandel.,eye,stop after E sits above the line
291,206,553 3322 2453 3722,3078 3322 4978 3722,,none,credit lines cut off: the sheet ends in the caption
292,210,1703 3461 2277 3519,3395 3461 3751 3505,Dronn fram Nature &'on Stone by? $.F.Goutd. | Prented by O. Itulimurmdei,scan,read from the scan; no stop visible after Hullmandel
293,214,1474 3546 2182 3630,3760 3551 4182 3631,Dravnfrom Nature & on stone by J &.E. Gould. | Printed by C. Hullmandel.,eye,
294,218,1562 3638 2138 3700,3445 3641 3829 3707,Drawn from Lite and on Stmeby I&.t Gorld. | Printed by CHullmandel.,eye,
295,222,1692 3416 2298 3486,3705 3418 4103 3488,Drawn from Tiife &on Stoneby I & K Garld | Frinted by C. Hullmandel.,scan,read from the scan; no stop visible after Gould; the E after & lacks its lower stroke and looks like an F
296,226,1596 3303 2122 3369,3365 3302 3713 3364,Drawn from Life & on Stone by J &.E. Gould. | Printed by C. Hullmardel.,eye,
297,230,1704 3142 2236 3212,3296 3145 3606 3203,Drawn from Natare & on Stone by J&E.Gould. | Trinted by (.Hullmandet.,eye,
298,234,1629 3667 2219 3693,3445 3673 3769 3693,7.7,scan,"foot of both credit lines cut off at the sheet's edge, read from the upper part of the letters, so stops are unreadable"
299,238,1710 3355 2440 3443,3452 3373 3878 3453,Drawn from Nature & on stone by I & E. Gould. | Printed by C.Hallmandel,eye,
300,242,1777 3467 2331 3541,3405 3472 3735 3534,Dravn from Nature & on Stone by I &H. Could. | Printed by & Hultmandel.,eye,
301,246,1152 3720 1648 3760,4309 3752 5531 3792,Draun from Natare & on Stone by I &.E Goald.,scan,read from the scan: the right line is level with the left; the crop missed it
302,250,1211 3609 2485 3689,3563 3616 3909 3678,Draun frum Nature & on stons by I B.E Gouid. | Brnted by C. Ihullmandel,scan,read from the scan; both lines in the shadow at the sheet's foot; spacing and stops uncertain
303,254,1467 3477 2161 3557,3617 3489 4019 3555,Dravn from Nature & on stone by J &.E.Gould. | Printed by C. Hallmandel.,eye,a dot on the line between & and E
304,258,1338 3641 2514 3751,3591 3642 3995 3712,unIT | Drawm from Nature & on Stone by J &.E. Goutd. | Printed by C Hulimandel.,eye,J&E set tight; could be J & E
305,262,553 3293 2453 3693,3078 3293 4978 3693,BLA | DWIT.,none,credit lines cut off: the sheet ends in the caption
306,266,1631 3711 2259 3749,3449 3717 3783 3749,,scan,"foot of both credit lines cut off at the sheet's edge, read from the upper part of the letters, so stops are unreadable"
307,270,1810 3350 2384 3412,3469 3350 3827 3412,Drawn from Nature & on Stoneby J & E. Goutd. | Printed by C. Eullmandel,eye,Stone and by run together
308,274,1454 3525 2018 3591,3767 3550 4121 3612,Drawn trom Titk and on Stone by I &e E. Gould. | Frinted by C.Hullmandel.,eye,
309,278,553 3250 2453 3650,3078 3250 4978 3650,SI | HANK. | ist),none,credit lines cut off: the sheet ends in the caption
310,282,1634 3532 2252 3616,3196 3543 3596 3617,Drann from Iife & on Stone by I & E. Goutd. | Printed by C.Hultmandel.,eye,
311,286,1368 3584 1922 3646,3387 3584 3749 3646,Druwnfom Nature & on stone by J &E. Goutd. | Frinted by C.Hullmandel:,eye,
312,290,1490 3640 2044 3702,3353 3650 3671 3698,Dravn from Nature & on Stone by I & E.Could. | Frinted by C. Hutimandel.,eye,
313,294,1646 3466 2286 3536,3371 3483 3751 3549,Drawn from Nature & on Stone by J &E. Gould. | Printed by C. Hullmandel.,eye,
314,298,1473 3417 2111 3491,3626 3425 4030 3505,Drawm from Natare & on Stone by I & E. Goutd. | Printed by C. Hultmandel.,eye,
315,302,1196 3554 1818 3624,3942 3563 4340 3637,Drawn from Nature & on Stone by I & E. Gould. | Printed by C. Hultmandel.,eye,
316,306,1924 3508 2526 3578,3559 3518 3921 3580,Drawn from Nature & on Stone by J K.E. Gould. | Printed by C. Fullmandel.,eye,
317,310,1598 3672 2342 3749,3479 3682 3883 3749,Drawn from Nature & on Stone by I & E. Gould. | Printed by C. Hrllmandet.,eye,a stray stroke between by and J
318,314,1552 3664 2126 3734,3660 3675 4004 3733,Irann frvm Lefe & on Stone by I & E Gouid. | Prineed by C Fulmandel.,eye,
319,318,1694 3548 2332 3618,3233 3553 3601 3619,Drawn from Nature & on stone by I&E.Gould. | Printed by C.Hullmandel.,eye,
320,322,1554 3318 2248 3402,3387 3336 3807 3406,Drawn from Nature & on stone by J & E. Gould. | Printed by C.Hullmandel,eye,Nature and & run together
321,326,1312 3393 2034 3481,3729 3390 4153 3474,Drawn fram Nature & on stoneby J & E.Goutd. | Brinted by CHullmandel.,eye,stone and by run together
322,330,1656 3345 2286 3411,3287 3349 3663 3415,Fawn on ostone from Nature by I &.K.Could. | ennuй tyCtulnarae,scan,read from the scan; Drawn faint; the end of Hullmandel faint
323,334,1544 3554 2148 3638,3593 3547 3955 3613,Drawn from Iyfe & on Stone by J &E. Gould | Prinied by C Hulimander,eye,no stop visible after Gould
324,338,1819 3653 2363 3705,3541 3667 3845 3711,Pravfiun Nerere &are Stone by JA.B Garld | nted by C. Mlimundel,scan,"read from the scan; both lines small, in the shadow at the sheet's foot"
325,342,1497 3563 2195 3643,3469 3572 3883 3642,Drawn from Nature & on Stone by J & E Gouid. | Frinted by C. Hullmandel,eye,
326,346,1610 3326 2356 3410,3416 3325 3838 3399,Drawn from Nature & on stone by J & E. Goutd. | Frinted by C. Eultmandel.,eye,
327,350,1558 3502 2126 3564,3561 3499 3923 3565,Draner fiom Natrere & on Stsue by I &E. Gould. | Printedby C.Hulimandel.,eye,Printed and by run together
328,354,1451 3575 2011 3650,3615 3576 3997 3646,Drawn from life d on Stone by I & E. Gould. | Printed by C.Hultmandel.,eye,life lowercase
329,358,1780 3469 2362 3535,3511 3462 3845 3524,Drann from Natured onstone by I &e È Gould. | Irrnted by C. Futtmandei.,eye,stop after E faint and may be absent
330,362,1516 3281 2228 3369,3554 3275 3988 3355,Drawn from Natare & on Stone by I &E. Goald | Printed by C. Hellmandel,eye,no stop after Gould; the u in Gould is closed and looks like an a
331,366,1766 3157 2326 3223,3469 3166 3807 3228,Drawn from Natere & on Stone by I & E. Goutd. | Printeă by CHalimandel.,eye,
332,370,1508 3410 2156 3502,3572 3415 3982 3495,Drawn from Tife & on Stone by I & E Goatd. | Printed by C. Holtmandel,eye,no stop visible after E or after Hullmandel
333,374,1377 3065 1991 3145,3353 3066 3737 3136,Drawnfrom Nature & on stone bu J & E. Gould. | Printed by C. Hullmandel.,eye,Drawn and from run together; a dot on the line between & and E
334,378,1705 3259 2367 3333,3350 3265 3750 3339,Dravn from Nature & on stone by J & E. Gould. | Printed by C.Hattmandel.,eye,
335,382,1619 3113 2311 3193,3586 3103 3992 3177,Drawn from Nature & on stone by J &.E. Gould. | Printed by C.Hulimandel,eye,
336,386,1420 3484 2080 3568,3659 3496 4031 3566,Drawn from Liife & on Stone by J & E. Gould. | Frinted by CEulmandel.,eye,
337,390,1369 3335 2087 3415,3863 3338 4245 3408,Irawn from Life and on Stone by I & E. Gould. | Printed by C Frlmandel,eye,
338,394,1704 3627 1968 3671,3737 3619 4101 3685,E. Ieardeletlich: | Printed by CHtullmandel.,eye,
339,398,1470 3552 2112 3636,3655 3561 4019 3627,Drawn from Iife &on Stone by I K.E. Gowld. | Printed by C.Hulimandel:,eye,
340,402,553 3315 2453 3715,3078 3315 4978 3715,RPHYRIO. | Temm:,none,credit lines cut off: the sheet ends in the caption
341,406,2164 3700 2740 3745,3473 3690 3823 3745,Bravn from Tite andon Stone by.I &A. Could | Trented oy CHulimandel,eye,and on run together; no stop visible after Gould or after Hullmandel
342,410,1525 3671 2111 3729,3608 3665 4026 3723,Drawn from Naturobon stone by J & E.Gouid. | Binteo by C. Atutlmandel.,eye,"both crops shaded; Nature, & and on run together"
343,414,1613 3487 2243 3567,3459 3490 3839 3560,Drawn from Nature & on Stone by I &.F. Gould. | Printed by C. Hullmandel.,eye,
344,418,1414 3368 2120 3452,3802 3387 4220 3461,Drawn from Nature & or Stone by J & E. Gould. | Printed by C. Hullmandel.,eye,
345,422,1317 3429 1921 3503,3647 3439 4021 3505,Dravn from Nature & on Stone by I & F. Goutd. | Printed by C. Hullmandel,eye,& and on run together
346,14,1468 3610 2056 3678,3685 3594 4051 3664,Drawn from Noture & on Stone by I & E. Gould. | Printed by C.Hultmandel.,eye,stop after Hullmandel could be a colon
347,18,556 3297 2456 3697,3105 3297 5005 3697,GR | OSE.,none,credit lines cut off: the sheet ends in the caption
348,22,1480 3483 1666 3527,3669 3506 4069 3576,- sar dei. | Printed by C. Fullmandel.,scan,"read from the scan: the E is a faint trace; the line is level with the printer's, under the art"
349,26,1250 3536 1870 3620,3861 3554 4215 3624,Drawn from Natare & on Stne by I&F. Gould. | Printedioy CiEtuilmandel.,eye,
350,30,1230 3612 1802 3682,3985 3625 4353 3691,Travn from Natuve & on Stone by J & E. Gould. | Printed by CHutmandel.,eye,D of Drawn faint; the u in Gould is closed and looks like an a
351,34,1582 3655 1834 3699,3911 3642 4267 3704,E.Lear del et lith. | Printed by C.Hattmandel.,eye,
352,38,1543 3715 1949 3745,2729 3348 4193 3748,GOOSE. | 9. /F7om),none,credit lines cut off: the sheet ends in the caption
353,42,1875 3657 2165 3715,2856 3318 4115 3718,E Lear del et lith. | Y GOOSE. | yptiaca; /Steph:),scan,"right credit line's foot cut off at the sheet's edge, read from the upper part of its letters, so its stops are unreadable"
354,46,1613 3605 1935 3679,4048 3599 4438 3673,E' Lear dei et lithog. | Frinted by C.Hullmandel.,eye,
355,50,556 3314 2456 3714,3105 3314 5005 3714,Kotnt de dPtriimandeй,scan,read from the scan; both lines faint and dotted; the crops missed the corners
356,54,1534 3397 1784 3441,3653 3401 4037 3467,Elear del et lith: | Binted by C. Huttmandel,eye,
357,58,1594 3628 2272 3712,3543 3631 3919 3697,Dramn from Nature& on Stone by J & F.Gould. | Printed by C. Etullmandel.,eye,stop after Gould could be a colon; Nature and & run together
358,62,1575 3629 2321 3703,3468 3635 3898 3709,Drawn from Natare & on stone by J & E.Guatd. | Printed by C. Hullmandel.,eye,the u in Gould is closed and looks like an a
359,66,1516 3575 2090 3641,3775 3582 4127 3644,Pran fam Nadare & on Cteneby I & E. Gorlá. | Frinted by C.Hullmandel.,eye,
360,70,1418 3533 2160 3621,3232 3545 3648 3625,Drawn from Nature & on tonvby / & F. Goald. | Printed by (i Htallmandel,eye,S of Stone faint; Stone and by run together; the u in Gould is closed and looks like an a
361,74,1504 3630 2142 3714,3838 3643 4246 3717,Drawn from Nature & on Stone byJ &E. Gould. | Printed by C. Hultmandel.,eye,both crops shaded; Stone and by run together
362,78,1396 3592 1928 3662,3439 3591 3783 3657,Drawn from Life & on Stone by I&.E. Gould. | Printed by C. Hullmandel,eye,
363,82,1437 3447 2091 3527,3561 3448 3947 3518,Drawn from Nature & on stone by J&E.Gouild. | Printed by C.Hullmandel.,eye,
364,86,1782 3630 2332 3692,3456 3633 3802 3691,Drawn from Nature &on stoni by J& E. Gould. | Irinted by CHullmandel.,eye,& and on run together
365,90,1592 3603 2266 3691,3748 3617 4116 3691,Drawn from Life & on Stone by J & E. Gould. | Printed by C.Hullmandel,eye,
366,94,1396 3624 2152 3716,3825 3639 4235 3705,Drawm from Nature & on Stone by J & E. Goutd. | Printed bu C Hulimande.,eye,& and on run together; stop after Hullmandel could be a colon
367,98,1680 3614 2278 3684,3329 3624 3719 3694,Drawn from Nature & on Stone by J &E.Gould. | Printed by C.Hullmandel,eye,no stop visible after Hullmandel; stop after Gould faint
368,102,1479 3495 2113 3569,3898 3495 4272 3575,Drawn from Iife & on Stone by J &E. Gould. | Printed by C. Hullmandel.,eye,
369,106,1752 3643 2262 3709,3620 3649 3920 3707,Drawnfrom Life & on Stone by J & E Gould | Printed by C. Hullmandet.,eye,no stop visible after Gould
370,110,1338 3524 1936 3594,3643 3536 3983 3598,Drawn from Nature &on Stone by I &E. Gould. | Binted by C.Eullmandil,eye,& and on run together
371,114,1548 3432 2144 3502,3559 3444 3923 3514,Trrawn fran Nature & on Stone by I &.F.Cuaid. | Printed by C.Hallmandel.,eye,S of Stone faint; E of J &E lacks its lower stroke and looks like F
372,118,556 3318 2456 3718,3105 3318 5005 3718,,none,credit lines cut off: the sheet ends in the caption
373,122,1386 3398 2116 3482,3716 3413 4154 3493,Dravon from Nature 8' on Stone by J& E.Could. | Printed by CHullmandei,eye,stop after Hullmandel faint
374,126,1160 3652 1698 3714,3779 3644 4119 3706,Drawnfrom Life & on Stone bu J &E Goudd | Printed by C. Hultmandel:,eye,
375,130,1306 3642 1952 3718,4028 3655 4514 3718,Drawnfrom Life & on Stone by J& E. Gould. | Printed by C.Hullmandel.,eye,
376,134,1310 3581 1886 3647,3742 3577 4094 3635,Drann fram Natare &'on stene by / &.H. Goula. | Frinted oy c lulimandr,scan,read from the scan; C barely visible
377,138,1573 3691 2111 3743,3431 3700 3749 3748,Dravn from Natare & on stone by J &E.Goald. | Printed by CHuümandel,eye,both crops shaded; the u in Gould is closed and looks like an a
378,142,1682 3635 2252 3701,3436 3639 3770 3691,Drawn from Niture & on Stons by J & E.Gould. | Printed by C. Hullmandel.,eye,
379,146,1708 3614 2316 3684,3562 3609 3944 3683,Drawn from Life and on stone by J & E. Gortd. | Printed by C.Hulimandel,eye,
380,150,1599 3349 2247 3423,3405 3364 3783 3434,Drawn from Nature & on stone by I &E. Gould. | Frinted by C.Hullmandel.,eye,
381,154,1444 3616 2020 3684,3605 3610 4011 3680,Drawm from Life & on Stone by J &.É. Gouid. | Finted by CHullmandei.,eye,
382,158,816 3679 1356 3745,4525 3671 4859 3737,Drawn from Iife & on Stone by J & B. Goutd. | Printed by C.Fultmandel.,eye,
383,162,1668 3398 2334 3468,3199 3411 3585 3477,Prawn from Nature & on Stane by J & E. Gould. | Printed by C. Hullmandel.,eye,D of Drawn faint
384,166,1534 3683 2060 3749,3436 3691 3832 3757,Drawn from Iife &o on Stone by J & E. Gould. | Printed by C.Hullmandei.,eye,
385,170,1512 3686 2086 3756,3467 3678 3839 3748,Drawn fromliife & on Stone by J &E. Gould. | Frinted by GHullmandel.,eye,
386,174,1315 3413 1943 3493,3827 3432 4161 3472,Drawn from Zife and on Sione by J & E. Gowid. | Frinted ou C. Hullmande.,eye,
387,178,556 3357 2456 3757,3105 3357 5005 3757,,none,credit lines cut off: the sheet ends in the caption
388,182,1437 3679 2007 3731,3437 3693 3779 3737,Drawm from Naure & on Stone by I&.F. Gould. | Brinted by C. Hullmandel.,eye,both crops shaded
389,186,556 3357 2456 3757,3105 3357 5005 3757,EBE. | th:) ›,none,credit lines cut off: the sheet ends in the caption
390,190,1533 3627 2273 3707,3493 3635 3973 3701,Drawn from Nature & on Stone by J & E. Goutd. | Printed by C. Huttmandel.,eye,
391,194,1902 3664 2454 3726,3485 3668 3843 3730,Drann from Life & on Stone bu I& E. Gould. | Printed by C.Hullmandel.,eye,
392,198,1425 3301 2077 3381,3578 3309 3972 3383,Drawn from Iife & on Stone by J & E. Gorld. | Printed by C.Fullimandet.,eye,
393,202,1572 3616 2194 3686,3421 3625 3761 3669,Drawnfrom Nature & on stoneby J &E. Gould. | Frrad ey Cthilmandel.,scan,read from the scan; right line faint
394,206,1527 3631 2021 3683,3633 3640 3937 3688,Drawn from Nature & on Stone by J&E. Gould. | Printed by C.Hultmandel.,eye,Printed and by run together
395,210,556 3302 2456 3702,3105 3302 5005 3702,RE | Co | YER. | ın:),none,credit lines cut off: the sheet ends in the caption
396,214,738 5243 1372 5313,2566 5243 2910 5305,Drawn from Natere & on Stone ty J & E. Gould. | Frinted by C. Hulimandel.,eye,stop after Hullmandel could be a colon
397,218,656 4931 1284 5001,2444 4936 2832 5002,Drawn from Nature & un Stone by I & E.Coutà. | Frinted by C Haltmandel.,eye,
398,222,1496 3622 2156 3692,3551 3627 3953 3693,Drawn from Nature & on Stone by J & E.Goutd | Printed by C.Huttmandel.,eye,both crops shaded; stop after Gould could be a comma
399,226,700 5119 1286 5189,2622 5121 2978 5191,Drawm from Nature & on Stone by I &E. Gortd. | Printed by C.Eullmandel,eye,
400,230,1591 3591 2269 3665,3461 3596 3877 3666,Drawn from Nature & on Stone by J & E. Goatd. | Printed by C.Hullmandel.,eye,the u in Gould is closed and looks like an a
401,234,698 4820 1286 4886,2778 4831 3118 4893,Dravn from Nature & on Stone by J. & E. Goutd. | Printed by C. Huimandci.,eye,"a raised dot after J, possibly a stop (J. &)"
402,238,785 4854 1393 4934,2915 4858 3285 4932,Drawn frum Life & on StonebyJ&E.Gould. | Printed by C. Hullmandel,eye,
403,242,587 5090 1209 5148,2558 5102 2918 5168,Dravn from Life &e on Stone by I L E. Gortd. | Printed by CEtulimande,eye,
404,246,773 4936 1383 5010,2604 4942 2980 5008,Drawn from Nature & on Stone by I & E.Gould. | Printed by C. Hultmanda.,eye,Nature and & run together
405,250,318 3775 1230 3819,3795 3754 4477 3802,Arabed by & Brilmanda.,scan,left credit line not on the sheet: the left corner is blank down to the sheet's edge
406,254,1255 3709 1539 3745,3737 3711 4063 3755,F. Lear dei et lithog. | Printed b (. Hullmandet.,scan,right credit line's foot cut off at the sheet's edge: the tail of the y in by is lost
407,258,983 3733 2341 3760,3661 3360 5561 3760,Ij C. Goua,scan,left credit line cut off: the sheet ends in the caption
408,262,1340 3690 2002 3760,4058 3709 4420 3760,Trawn from Nature & on Stone by J & Fi. Gould. | Printed by CHulmandel.,eye,both crops shaded; D of Drawn faint
409,266,1616 3666 2242 3728,3510 3671 3888 3729,Drawn from Natuve & on' stone by J& E. Could. | Frinted by C.Eattmandel.,eye,both crops shaded; a stray mark after on
410,270,1026 3702 1842 3786,3665 3729 4103 3795,Drawn from Nature & on Stone by J & Fi. Goudd. | Printed by C Hritlmande.,eye,both crops shaded
411,274,1744 3693 2030 3737,3384 3705 3826 3757,E. Lear del:et lith. | Printed by C. Hullmundel.,eye,
412,278,556 3331 2456 3731,3105 3331 5005 3731,,none,credit lines cut off: the sheet ends in the caption
413,282,1700 3586 2040 3648,3528 3591 3996 3665,E Lear del et lith. | Frinied by CHulimandel,eye,stop after C is faint
414,286,1826 3408 2480 3500,3246 3411 3646 3491,Drawn from Natare & on Stone by J &.E. Goald. | Printed by C.Hallmandel,eye,
415,290,556 3252 2456 3652,3105 3252 5005 3652,,none,no credit line on the sheet: the paper below the caption is blank to the sheet's foot
416,294,556 3207 2456 3607,3105 3207 5005 3607,EN.,none,no credit line on the sheet: the paper below the caption is blank to the sheet's foot
417,298,1686 3411 2310 3477,3312 3407 3698 3481,"Trava, from Nahure & on stone by I KE. Gould. | Printed by C. Hullmandel.",eye,D of Drawn faint
418,302,1237 3455 1991 3535,3693 3464 4105 3534,Drawn from Nature & on Stone by I & E. Gruld. | Printed by C.Euttmandel.,eye,
419,306,556 3207 2456 3607,3105 3207 5005 3607,,none,no credit line on the sheet: the paper below the caption is blank to the sheet's foot
420,310,1455 3527 2169 3607,3145 3545 3529 3607,Dravu fran Natare & on Stane by I & E. Gortd. | Printed by &Fullmandel,eye,both crops shaded; stops after Gould and Hullmandel could be colons
421,314,1570 3468 2212 3538,3467 3480 3863 3542,Drann from Nature &on Stone by J & E. Gould. | Printed by C. Hullmandel.,eye,
422,318,1235 3345 1821 3425,3875 3371 4251 3437,Dramn from Life don. Stone by I &.E. Gouid. | Printed by C. Hulmanad.,eye,
423,322,1391 3379 2035 3459,3543 3403 3911 3469,Drawn from Natare & or Stone by J& E. Gould. | Printed by CEultmandel.,eye,
424,326,1662 3620 2306 3682,3329 3619 3737 3685,Drevn fram Natuve de on Stone by J &.E. Gouid. | Printed by C Hultmandel.,eye,both crops shaded; a stray mark over by; stop after C sits close to the H
425,330,1719 3539 2243 3597,3486 3541 3798 3599,Drawnfrom Nairre & on Stone by J&E.Gowid. | Trintedby C.Hulimandel.,eye,Drawn and from run together; Printed and by run together
426,334,1654 3578 2236 3640,3421 3576 3783 3638,Drammfrom Nature & on Stone by I & E. Goatd. | Printed by CHtattmandel.,eye,both crops shaded; Drawn and from run together
427,338,1391 3557 1973 3631,3907 3571 4231 3637,Drawn from Natere & on Store by J&.E. Gould. | Printed by C.Hultmandel.,eye,
428,342,1465 3543 2205 3639,3803 3538 4343 3622,Drawnfrom Natuve & on Stone by I &.E. Gould. | Printed by C.Hultmandel,eye,Drawn and from run together
429,346,1766 3396 2476 3480,3371 3405 3763 3471,Drawn from Natare & onstone by I & F. Goutd. | Printed by C. Itulimandel.,eye,
430,350,1614 3591 1888 3635,3546 3581 3902 3639,E. Lear del et lith | Printed by C.Hallmandel.,eye,
431,354,556 3258 2456 3658,3105 3258 5005 3658,LESSER | GULL.,none,credit lines cut off: the sheet ends in the caption
432,358,1942 3592 2248 3640,3445 3585 3869 3651,F. Lear del ei lith: | Frinted by C.Hullmandel.,eye,
433,362,1543 3555 2293 3629,3296 3553 3746 3627,Drawn from Nature & on stone by J &.E. Gould. | Printed by C. Hullmandel,eye,
434,366,1557 3587 2207 3645,3579 3576 3971 3646,Drawn from Life and on Stone by J & F. Gould. | Printed by C. Hullmandel,eye,
435,370,1662 3540 2214 3602,3416 3547 3752 3605,Drawn from Nature & on Stone by J.& F. Goutd. | Trinted by C. Haltmanda.,eye,
436,374,1698 3419 2388 3507,3369 3432 3779 3502,Drawn from Nature & on Stone by I&.F. Gould: | Printed by C.Hallmandel.,eye,
437,378,1650 3558 2302 3628,3434 3573 3814 3631,Dravon from Naturek: on stsne by JK.E. Gould. | Printed by C.Hullmandel.,eye,
438,382,1542 3537 1780 3581,3643 3546 4017 3608,E Iear dei etlith | Frinted by C. Hellmandei,scan,read from the scan; left line small and faint
439,386,1830 3679 2428 3745,3452 3689 3794 3747,Iravn fron Zife and on Stone by J & E Gould. | Frinted by C. Fulimandel.,eye,
440,390,683 3651 1425 3725,3979 3654 4371 3716,Drawn from Tife &onStone by J &E.Goald. | Frinted by C. Hillmande?,eye,
441,394,556 3258 2456 3658,3105 3258 5005 3658,RI | STRIS.,none,credit lines cut off: the sheet ends in the caption
442,398,1390 3556 1978 3626,3375 3558 3749 3620,Drawn fromtife and on Stone by J & E. Goutd. | Frinted by C. Hullmandel.,eye,
443,402,1552 3544 2136 3592,3592 3547 3926 3599,Nrann from Nalur &an stone by J & K Gould. | Printed by C. Hullimantel.,eye,
444,406,1474 3368 2030 3416,3791 3376 4141 3438,Dravn fhim Nature & on Stone by I & B Goutd. | Printed by C. Hutlmandel.,eye,
445,410,1878 3668 2520 3716,3470 3667 3978 3725,Drawa Jao Naiare l on Stoa iyT& E.Guaid. | Frinted by C. Htaitmania.,scan,read from the scan; left line faint on a grey ground
446,414,1502 3547 2056 3613,3967 3551 4315 3617,Drawn from Life and on Stone by T & E. Goula. | Binted by C Hullmandel.,eye,
447,418,1046 3354 1796 3446,4200 3387 4624 3461,Drawn from Natuve & on Stone by J &E.Gould. | Printed by C. Hullmandel.,eye,
448,418,1046 3354 1796 3446,4200 3387 4624 3461,Drawn from Natuve & on Stone by J &E.Gould. | Printed by C. Hullmandel.,eye,crops look identical to plate 447's
449,422,1842 3328 2398 3398,3681 3336 4031 3398,Drawnfrom Natuve &on Stone by J & E. Gould | Frinted by C. Hulimandel.,eye,
