plate,name,role,as_printed
1,John Gould,drew,J & E. Gould.
1,John Gould,lithographed,J & E. Gould.
1,Elizabeth Gould,drew,J & E. Gould.
1,Elizabeth Gould,lithographed,J & E. Gould.
1,Charles Joseph Hullmandel,printed,C. Hullmandel.
2,John Gould,drew,J & E. Gould.
2,John Gould,lithographed,J & E. Gould.
2,Elizabeth Gould,drew,J & E. Gould.
2,Elizabeth Gould,lithographed,J & E. Gould.
2,Charles Joseph Hullmandel,printed,C. Hullmandel.
3,Edward Lear,drew,E. Lear
3,Edward Lear,lithographed,E. Lear
3,Charles Joseph Hullmandel,printed,C. Hullmandel.
4,John Gould,drew,J & E. Gould.
4,John Gould,lithographed,J & E. Gould.
4,Elizabeth Gould,drew,J & E. Gould.
4,Elizabeth Gould,lithographed,J & E. Gould.
4,Charles Joseph Hullmandel,printed,C. Hullmandel.
5,John Gould,drew,J & E Gould.
5,John Gould,lithographed,J & E Gould.
5,Elizabeth Gould,drew,J & E Gould.
5,Elizabeth Gould,lithographed,J & E Gould.
5,Charles Joseph Hullmandel,printed,C. Hullmandel.
6,Edward Lear,drew,E. Lear
6,Edward Lear,lithographed,E. Lear
6,Charles Joseph Hullmandel,printed,C. Hullmandel.
7,John Gould,drew,J & E. Gould.
7,John Gould,lithographed,J & E. Gould.
7,Elizabeth Gould,drew,J & E. Gould.
7,Elizabeth Gould,lithographed,J & E. Gould.
7,Charles Joseph Hullmandel,printed,C. Hullmandel.
8,Edward Lear,drew,E. Lear
8,Charles Joseph Hullmandel,printed,C. Hullmandel.
9,John Gould,drew,J & E. Gould.
9,John Gould,lithographed,J & E. Gould.
9,Elizabeth Gould,drew,J & E. Gould.
9,Elizabeth Gould,lithographed,J & E. Gould.
9,Charles Joseph Hullmandel,printed,C. Hullmandel.
10,Edward Lear,drew,E. Lear
10,Edward Lear,lithographed,E. Lear
10,Charles Joseph Hullmandel,printed,C. Hullmandel.
11,Edward Lear,drew,E. Lear
11,Edward Lear,lithographed,E. Lear
11,Charles Joseph Hullmandel,printed,C. Hullmandel.
12,Edward Lear,drew,E. Lear
12,Edward Lear,lithographed,E. Lear
12,Charles Joseph Hullmandel,printed,C. Hullmandel.
13,Edward Lear,drew,E. Lear
13,Edward Lear,lithographed,E. Lear
13,Charles Joseph Hullmandel,printed,C. Hullmandel.
14,Edward Lear,drew,E. Lear
14,Edward Lear,lithographed,E. Lear
14,Charles Joseph Hullmandel,printed,C. Hullmandel.
15,Edward Lear,drew,E. Lear
15,Edward Lear,lithographed,E. Lear
15,Charles Joseph Hullmandel,printed,C. Hullmandel.
16,John Gould,drew,J & E. Gould.
16,John Gould,lithographed,J & E. Gould.
16,Elizabeth Gould,drew,J & E. Gould.
16,Elizabeth Gould,lithographed,J & E. Gould.
16,Charles Joseph Hullmandel,printed,C. Hullmandel.
17,John Gould,drew,J & E. Gould.
17,John Gould,lithographed,J & E. Gould.
17,Elizabeth Gould,drew,J & E. Gould.
17,Elizabeth Gould,lithographed,J & E. Gould.
17,Charles Joseph Hullmandel,printed,C. Hullmandel.
18,John Gould,drew,J & E. Gould.
18,John Gould,lithographed,J & E. Gould.
18,Elizabeth Gould,drew,J & E. Gould.
18,Elizabeth Gould,lithographed,J & E. Gould.
18,Charles Joseph Hullmandel,printed,C. Hullmandel.
19,John Gould,drew,J & E. Gould.
19,John Gould,lithographed,J & E. Gould.
19,Elizabeth Gould,drew,J & E. Gould.
19,Elizabeth Gould,lithographed,J & E. Gould.
19,Charles Joseph Hullmandel,printed,C. Hullmandel.
20,Edward Lear,drew,E. Lear
20,Edward Lear,lithographed,E. Lear
20,Charles Joseph Hullmandel,printed,C. Hullmandel.
21,Edward Lear,drew,E. Lear
21,Charles Joseph Hullmandel,printed,C. Hullmandel.
22,John Gould,drew,J & E. Gould.
22,John Gould,lithographed,J & E. Gould.
22,Elizabeth Gould,drew,J & E. Gould.
22,Elizabeth Gould,lithographed,J & E. Gould.
22,Charles Joseph Hullmandel,printed,C. Hullmandel.
23,John Gould,drew,J & E. Gould
23,John Gould,lithographed,J & E. Gould
23,Elizabeth Gould,drew,J & E. Gould
23,Elizabeth Gould,lithographed,J & E. Gould
23,Charles Joseph Hullmandel,printed,C. Hullmandel
24,John Gould,drew,J & E. Gould.
24,John Gould,lithographed,J & E. Gould.
24,Elizabeth Gould,drew,J & E. Gould.
24,Elizabeth Gould,lithographed,J & E. Gould.
24,Charles Joseph Hullmandel,printed,C. Hullmandel.
25,John Gould,drew,J & E. Gould.
25,John Gould,lithographed,J & E. Gould.
25,Elizabeth Gould,drew,J & E. Gould.
25,Elizabeth Gould,lithographed,J & E. Gould.
25,Charles Joseph Hullmandel,printed,C. Hullmandel.
26,Edward Lear,lithographed,E. Lear.
26,Charles Joseph Hullmandel,printed,C. Hullmandel.
27,John Gould,drew,J & E. Gould.
27,John Gould,lithographed,J & E. Gould.
27,Elizabeth Gould,drew,J & E. Gould.
27,Elizabeth Gould,lithographed,J & E. Gould.
27,Charles Joseph Hullmandel,printed,C. Hullmandel.
28,Edward Lear,drew,E. Lear
28,Edward Lear,lithographed,E. Lear
28,Charles Joseph Hullmandel,printed,C. Hullmandel.
29,Edward Lear,drew,E. Lear
29,Charles Joseph Hullmandel,printed,C. Hullmandel.
30,John Gould,drew,J & E. Gould.
30,John Gould,lithographed,J & E. Gould.
30,Elizabeth Gould,drew,J & E. Gould.
30,Elizabeth Gould,lithographed,J & E. Gould.
30,Charles Joseph Hullmandel,printed,C. Hullmandel.
31,John Gould,drew,J & E. Gould.
31,John Gould,lithographed,J & E. Gould.
31,Elizabeth Gould,drew,J & E. Gould.
31,Elizabeth Gould,lithographed,J & E. Gould.
31,Charles Joseph Hullmandel,printed,C. Hullmandel.
32,Edward Lear,drew,E. Lear
32,Edward Lear,lithographed,E. Lear
32,Charles Joseph Hullmandel,printed,C. Hullmandel.
33,John Gould,drew,J & E. Gould.
33,John Gould,lithographed,J & E. Gould.
33,Elizabeth Gould,drew,J & E. Gould.
33,Elizabeth Gould,lithographed,J & E. Gould.
33,Charles Joseph Hullmandel,printed,C. Hullmandel.
34,John Gould,drew,J & E. Gould.
34,John Gould,lithographed,J & E. Gould.
34,Elizabeth Gould,drew,J & E. Gould.
34,Elizabeth Gould,lithographed,J & E. Gould.
34,Charles Joseph Hullmandel,printed,C. Hullmandel.
35,John Gould,drew,J & E. Gould.
35,John Gould,lithographed,J & E. Gould.
35,Elizabeth Gould,drew,J & E. Gould.
35,Elizabeth Gould,lithographed,J & E. Gould.
35,Charles Joseph Hullmandel,printed,C. Hullmandel.
36,John Gould,drew,J & E Gould.
36,John Gould,lithographed,J & E Gould.
36,Elizabeth Gould,drew,J & E Gould.
36,Elizabeth Gould,lithographed,J & E Gould.
36,Charles Joseph Hullmandel,printed,C. Hullmandel.
37,Edward Lear,lithographed,E. Lear.
37,Charles Joseph Hullmandel,printed,C. Hullmandel.
38,Edward Lear,drew,E. Lear
38,Edward Lear,lithographed,E. Lear
38,Charles Joseph Hullmandel,printed,C. Hullmandel.
39,John Gould,drew,J & E. Gould.
39,John Gould,lithographed,J & E. Gould.
39,Elizabeth Gould,drew,J & E. Gould.
39,Elizabeth Gould,lithographed,J & E. Gould.
39,Charles Joseph Hullmandel,printed,C. Hullmandel.
40,John Gould,drew,J & E. Gould.
40,John Gould,lithographed,J & E. Gould.
40,Elizabeth Gould,drew,J & E. Gould.
40,Elizabeth Gould,lithographed,J & E. Gould.
40,Charles Joseph Hullmandel,printed,C. Hullmandel.
41,John Gould,drew,J & E. Gould.
41,John Gould,lithographed,J & E. Gould.
41,Elizabeth Gould,drew,J & E. Gould.
41,Elizabeth Gould,lithographed,J & E. Gould.
41,Charles Joseph Hullmandel,printed,C. Hullmandel.
42,Edward Lear,drew,E. Lear
42,Charles Joseph Hullmandel,printed,C. Hullmandel.
43,Edward Lear,drew,E. Lear.
43,Edward Lear,lithographed,E. Lear.
43,Charles Joseph Hullmandel,printed,C. Hullmandel.
44,John Gould,drew,J & E. Gould.
44,John Gould,lithographed,J & E. Gould.
44,Elizabeth Gould,drew,J & E. Gould.
44,Elizabeth Gould,lithographed,J & E. Gould.
44,Charles Joseph Hullmandel,printed,C. Hullmandel
45,John Gould,drew,J & E. Gould.
45,John Gould,lithographed,J & E. Gould.
45,Elizabeth Gould,drew,J & E. Gould.
45,Elizabeth Gould,lithographed,J & E. Gould.
45,Charles Joseph Hullmandel,printed,C. Hullmandel.
46,Edward Lear,drew,E. Lear
46,Edward Lear,lithographed,E. Lear
46,Charles Joseph Hullmandel,printed,C. Hullmandel.
47,John Gould,drew,J & E. Gould.
47,John Gould,lithographed,J & E. Gould.
47,Elizabeth Gould,drew,J & E. Gould.
47,Elizabeth Gould,lithographed,J & E. Gould.
47,Charles Joseph Hullmandel,printed,C. Hullmandel.
48,Edward Lear,drew,E. Lear
48,Edward Lear,lithographed,E. Lear
48,Charles Joseph Hullmandel,printed,C. Hullmandel.
49,Edward Lear,drew,E. Lear
49,Edward Lear,lithographed,E. Lear
49,Charles Joseph Hullmandel,printed,C. Hullmandel.
50,John Gould,drew,J & E. Gould.
50,John Gould,lithographed,J & E. Gould.
50,Elizabeth Gould,drew,J & E. Gould.
50,Elizabeth Gould,lithographed,J & E. Gould.
50,Charles Joseph Hullmandel,printed,C. Hullmandel.
51,John Gould,drew,J & E. Gould.
51,John Gould,lithographed,J & E. Gould.
51,Elizabeth Gould,drew,J & E. Gould.
51,Elizabeth Gould,lithographed,J & E. Gould.
51,Charles Joseph Hullmandel,printed,C. Hullmandel.
52,John Gould,drew,J & E. Gould.
52,John Gould,lithographed,J & E. Gould.
52,Elizabeth Gould,drew,J & E. Gould.
52,Elizabeth Gould,lithographed,J & E. Gould.
52,Charles Joseph Hullmandel,printed,C. Hullmandel.
53,John Gould,drew,J & E. Gould.
53,John Gould,lithographed,J & E. Gould.
53,Elizabeth Gould,drew,J & E. Gould.
53,Elizabeth Gould,lithographed,J & E. Gould.
53,Charles Joseph Hullmandel,printed,C. Hullmandel.
54,John Gould,drew,J & E. Gould
54,John Gould,lithographed,J & E. Gould
54,Elizabeth Gould,drew,J & E. Gould
54,Elizabeth Gould,lithographed,J & E. Gould
54,Charles Joseph Hullmandel,printed,C. Hullmandel.
55,John Gould,drew,J & E. Gould.
55,John Gould,lithographed,J & E. Gould.
55,Elizabeth Gould,drew,J & E. Gould.
55,Elizabeth Gould,lithographed,J & E. Gould.
55,Charles Joseph Hullmandel,printed,C. Hullmandel.
56,John Gould,drew,J & E. Gould.
56,John Gould,lithographed,J & E. Gould.
56,Elizabeth Gould,drew,J & E. Gould.
56,Elizabeth Gould,lithographed,J & E. Gould.
56,Charles Joseph Hullmandel,printed,C. Hullmandel.
57,John Gould,drew,J & E. Gould.
57,John Gould,lithographed,J & E. Gould.
57,Elizabeth Gould,drew,J & E. Gould.
57,Elizabeth Gould,lithographed,J & E. Gould.
57,Charles Joseph Hullmandel,printed,C. Hullmandel.
58,John Gould,drew,J & E. Gould.
58,John Gould,lithographed,J & E. Gould.
58,Elizabeth Gould,drew,J & E. Gould.
58,Elizabeth Gould,lithographed,J & E. Gould.
58,Charles Joseph Hullmandel,printed,C. Hullmandel.
59,John Gould,drew,J & E. Gould.
59,John Gould,lithographed,J & E. Gould.
59,Elizabeth Gould,drew,J & E. Gould.
59,Elizabeth Gould,lithographed,J & E. Gould.
59,Charles Joseph Hullmandel,printed,C. Hullmandel.
60,John Gould,drew,J & E. Gould.
60,John Gould,lithographed,J & E. Gould.
60,Elizabeth Gould,drew,J & E. Gould.
60,Elizabeth Gould,lithographed,J & E. Gould.
60,Charles Joseph Hullmandel,printed,C. Hullmandel.
61,John Gould,drew,J & E. Gould.
61,John Gould,lithographed,J & E. Gould.
61,Elizabeth Gould,drew,J & E. Gould.
61,Elizabeth Gould,lithographed,J & E. Gould.
61,Charles Joseph Hullmandel,printed,C. Hullmandel.
62,John Gould,drew,J & E. Gould.
62,John Gould,lithographed,J & E. Gould.
62,Elizabeth Gould,drew,J & E. Gould.
62,Elizabeth Gould,lithographed,J & E. Gould.
63,John Gould,drew,J & E. Gould.
63,John Gould,lithographed,J & E. Gould.
63,Elizabeth Gould,drew,J & E. Gould.
63,Elizabeth Gould,lithographed,J & E. Gould.
63,Charles Joseph Hullmandel,printed,C. Hullmandel.
64,John Gould,drew,J & E Gould.
64,John Gould,lithographed,J & E Gould.
64,Elizabeth Gould,drew,J & E Gould.
64,Elizabeth Gould,lithographed,J & E Gould.
64,Charles Joseph Hullmandel,printed,C. Hullmandel.
65,John Gould,drew,J & E. Gould
65,John Gould,lithographed,J & E. Gould
65,Elizabeth Gould,drew,J & E. Gould
65,Elizabeth Gould,lithographed,J & E. Gould
65,Charles Joseph Hullmandel,printed,C. Hullmandel.
66,John Gould,drew,J & E. Gould.
66,John Gould,lithographed,J & E. Gould.
66,Elizabeth Gould,drew,J & E. Gould.
66,Elizabeth Gould,lithographed,J & E. Gould.
66,Charles Joseph Hullmandel,printed,C. Hullmandel.
67,John Gould,drew,J & E. Gould.
67,John Gould,lithographed,J & E. Gould.
67,Elizabeth Gould,drew,J & E. Gould.
67,Elizabeth Gould,lithographed,J & E. Gould.
67,Charles Joseph Hullmandel,printed,C. Hullmandel.
68,John Gould,drew,J & E. Gould.
68,John Gould,lithographed,J & E. Gould.
68,Elizabeth Gould,drew,J & E. Gould.
68,Elizabeth Gould,lithographed,J & E. Gould.
68,Charles Joseph Hullmandel,printed,C. Hullmandel.
69,John Gould,drew,J & E. Gould.
69,John Gould,lithographed,J & E. Gould.
69,Elizabeth Gould,drew,J & E. Gould.
69,Elizabeth Gould,lithographed,J & E. Gould.
69,Charles Joseph Hullmandel,printed,C. Hullmandel.
70,John Gould,drew,J & E. Gould.
70,John Gould,lithographed,J & E. Gould.
70,Elizabeth Gould,drew,J & E. Gould.
70,Elizabeth Gould,lithographed,J & E. Gould.
70,Charles Joseph Hullmandel,printed,C. Hullmandel.
71,John Gould,drew,J & E. Gould.
71,John Gould,lithographed,J & E. Gould.
71,Elizabeth Gould,drew,J & E. Gould.
71,Elizabeth Gould,lithographed,J & E. Gould.
71,Charles Joseph Hullmandel,printed,C. Hullmandel.
72,John Gould,drew,J & E. Gould.
72,John Gould,lithographed,J & E. Gould.
72,Elizabeth Gould,drew,J & E. Gould.
72,Elizabeth Gould,lithographed,J & E. Gould.
72,Charles Joseph Hullmandel,printed,C. Hullmandel.
73,John Gould,drew,J & E. Gould.
73,John Gould,lithographed,J & E. Gould.
73,Elizabeth Gould,drew,J & E. Gould.
73,Elizabeth Gould,lithographed,J & E. Gould.
73,Charles Joseph Hullmandel,printed,C. Hullmandel.
74,John Gould,drew,J & E. Gould.
74,John Gould,lithographed,J & E. Gould.
74,Elizabeth Gould,drew,J & E. Gould.
74,Elizabeth Gould,lithographed,J & E. Gould.
74,Charles Joseph Hullmandel,printed,C. Hullmandel.
75,John Gould,drew,J & E. Gould.
75,John Gould,lithographed,J & E. Gould.
75,Elizabeth Gould,drew,J & E. Gould.
75,Elizabeth Gould,lithographed,J & E. Gould.
75,Charles Joseph Hullmandel,printed,C. Hullmandel.
76,John Gould,drew,J & E. Gould.
76,John Gould,lithographed,J & E. Gould.
76,Elizabeth Gould,drew,J & E. Gould.
76,Elizabeth Gould,lithographed,J & E. Gould.
76,Charles Joseph Hullmandel,printed,C. Hullmandel.
77,John Gould,drew,J & E. Gould.
77,John Gould,lithographed,J & E. Gould.
77,Elizabeth Gould,drew,J & E. Gould.
77,Elizabeth Gould,lithographed,J & E. Gould.
77,Charles Joseph Hullmandel,printed,C. Hullmandel.
78,John Gould,drew,J & E. Gould.
78,John Gould,lithographed,J & E. Gould.
78,Elizabeth Gould,drew,J & E. Gould.
78,Elizabeth Gould,lithographed,J & E. Gould.
78,Charles Joseph Hullmandel,printed,C. Hullmandel.
79,John Gould,drew,J & E. Gould.
79,John Gould,lithographed,J & E. Gould.
79,Elizabeth Gould,drew,J & E. Gould.
79,Elizabeth Gould,lithographed,J & E. Gould.
79,Charles Joseph Hullmandel,printed,C. Hullmandel.
80,John Gould,drew,J & E. Gould.
80,John Gould,lithographed,J & E. Gould.
80,Elizabeth Gould,drew,J & E. Gould.
80,Elizabeth Gould,lithographed,J & E. Gould.
80,Charles Joseph Hullmandel,printed,C. Hullmandel.
81,John Gould,drew,J & E. Gould.
81,John Gould,lithographed,J & E. Gould.
81,Elizabeth Gould,drew,J & E. Gould.
81,Elizabeth Gould,lithographed,J & E. Gould.
81,Charles Joseph Hullmandel,printed,C. Hullmandel.
82,John Gould,drew,J & E. Gould.
82,John Gould,lithographed,J & E. Gould.
82,Elizabeth Gould,drew,J & E. Gould.
82,Elizabeth Gould,lithographed,J & E. Gould.
82,Charles Joseph Hullmandel,printed,C. Hullmandel.
84,John Gould,drew,J & E. Gould.
84,John Gould,lithographed,J & E. Gould.
84,Elizabeth Gould,drew,J & E. Gould.
84,Elizabeth Gould,lithographed,J & E. Gould.
84,Charles Joseph Hullmandel,printed,C. Hullmandel.
85,John Gould,drew,J & E. Gould.
85,John Gould,lithographed,J & E. Gould.
85,Elizabeth Gould,drew,J & E. Gould.
85,Elizabeth Gould,lithographed,J & E. Gould.
85,Charles Joseph Hullmandel,printed,C. Hullmandel.
86,John Gould,drew,J & E. Gould.
86,John Gould,lithographed,J & E. Gould.
86,Elizabeth Gould,drew,J & E. Gould.
86,Elizabeth Gould,lithographed,J & E. Gould.
86,Charles Joseph Hullmandel,printed,C. Hullmandel.
87,John Gould,drew,J & E. Gould.
87,John Gould,lithographed,J & E. Gould.
87,Elizabeth Gould,drew,J & E. Gould.
87,Elizabeth Gould,lithographed,J & E. Gould.
87,Charles Joseph Hullmandel,printed,C. Hullmandel.
88,John Gould,drew,J & E. Gould.
88,John Gould,lithographed,J & E. Gould.
88,Elizabeth Gould,drew,J & E. Gould.
88,Elizabeth Gould,lithographed,J & E. Gould.
88,Charles Joseph Hullmandel,printed,C. Hullmandel.
89,John Gould,drew,J & E. Gould.
89,John Gould,lithographed,J & E. Gould.
89,Elizabeth Gould,drew,J & E. Gould.
89,Elizabeth Gould,lithographed,J & E. Gould.
89,Charles Joseph Hullmandel,printed,C. Hullmandel.
90,John Gould,drew,J & E. Gould.
90,John Gould,lithographed,J & E. Gould.
90,Elizabeth Gould,drew,J & E. Gould.
90,Elizabeth Gould,lithographed,J & E. Gould.
90,Charles Joseph Hullmandel,printed,C. Hullmandel.
91,John Gould,drew,J & E. Gould.
91,John Gould,lithographed,J & E. Gould.
91,Elizabeth Gould,drew,J & E. Gould.
91,Elizabeth Gould,lithographed,J & E. Gould.
91,Charles Joseph Hullmandel,printed,C. Hullmandel.
92,John Gould,drew,J & E. Gould.
92,John Gould,lithographed,J & E. Gould.
92,Elizabeth Gould,drew,J & E. Gould.
92,Elizabeth Gould,lithographed,J & E. Gould.
92,Charles Joseph Hullmandel,printed,C. Hullmandel.
93,John Gould,drew,J & E. Gould.
93,John Gould,lithographed,J & E. Gould.
93,Elizabeth Gould,drew,J & E. Gould.
93,Elizabeth Gould,lithographed,J & E. Gould.
93,Charles Joseph Hullmandel,printed,C. Hullmandel.
94,John Gould,drew,J & E. Gould.
94,John Gould,lithographed,J & E. Gould.
94,Elizabeth Gould,drew,J & E. Gould.
94,Elizabeth Gould,lithographed,J & E. Gould.
94,Charles Joseph Hullmandel,printed,C. Hullmandel.
95,John Gould,drew,J & E. Gould.
95,John Gould,lithographed,J & E. Gould.
95,Elizabeth Gould,drew,J & E. Gould.
95,Elizabeth Gould,lithographed,J & E. Gould.
95,Charles Joseph Hullmandel,printed,C. Hullmandel.
96,John Gould,drew,J & E. Gould.
96,John Gould,lithographed,J & E. Gould.
96,Elizabeth Gould,drew,J & E. Gould.
96,Elizabeth Gould,lithographed,J & E. Gould.
96,Charles Joseph Hullmandel,printed,C. Hullmandel.
97,John Gould,drew,J & E. Gould.
97,John Gould,lithographed,J & E. Gould.
97,Elizabeth Gould,drew,J & E. Gould.
97,Elizabeth Gould,lithographed,J & E. Gould.
97,Charles Joseph Hullmandel,printed,C. Hullmandel.
98,John Gould,drew,J & E. Gould.
98,John Gould,lithographed,J & E. Gould.
98,Elizabeth Gould,drew,J & E. Gould.
98,Elizabeth Gould,lithographed,J & E. Gould.
98,Charles Joseph Hullmandel,printed,C. Hullmandel.
99,John Gould,drew,J & E. Gould.
99,John Gould,lithographed,J & E. Gould.
99,Elizabeth Gould,drew,J & E. Gould.
99,Elizabeth Gould,lithographed,J & E. Gould.
99,Charles Joseph Hullmandel,printed,C. Hullmandel.
100,John Gould,drew,J & E. Gould.
100,John Gould,lithographed,J & E. Gould.
100,Elizabeth Gould,drew,J & E. Gould.
100,Elizabeth Gould,lithographed,J & E. Gould.
100,Charles Joseph Hullmandel,printed,C. Hullmandel.
101,John Gould,drew,J & E. Gould.
101,John Gould,lithographed,J & E. Gould.
101,Elizabeth Gould,drew,J & E. Gould.
101,Elizabeth Gould,lithographed,J & E. Gould.
101,Charles Joseph Hullmandel,printed,C. Hullmandel.
102,John Gould,drew,J & E. Gould.
102,John Gould,lithographed,J & E. Gould.
102,Elizabeth Gould,drew,J & E. Gould.
102,Elizabeth Gould,lithographed,J & E. Gould.
102,Charles Joseph Hullmandel,printed,C. Hullmandel
103,John Gould,drew,J & E. Gould.
103,John Gould,lithographed,J & E. Gould.
103,Elizabeth Gould,drew,J & E. Gould.
103,Elizabeth Gould,lithographed,J & E. Gould.
103,Charles Joseph Hullmandel,printed,C. Hullmandel.
104,John Gould,drew,J & E. Gould.
104,John Gould,lithographed,J & E. Gould.
104,Elizabeth Gould,drew,J & E. Gould.
104,Elizabeth Gould,lithographed,J & E. Gould.
104,Charles Joseph Hullmandel,printed,C. Hullmandel.
105,John Gould,drew,J & E. Gould.
105,John Gould,lithographed,J & E. Gould.
105,Elizabeth Gould,drew,J & E. Gould.
105,Elizabeth Gould,lithographed,J & E. Gould.
105,Charles Joseph Hullmandel,printed,C. Hullmandel
106,John Gould,drew,J & E. Gould.
106,John Gould,lithographed,J & E. Gould.
106,Elizabeth Gould,drew,J & E. Gould.
106,Elizabeth Gould,lithographed,J & E. Gould.
106,Charles Joseph Hullmandel,printed,C. Hullmandel.
107,John Gould,drew,J & E. Gould.
107,John Gould,lithographed,J & E. Gould.
107,Elizabeth Gould,drew,J & E. Gould.
107,Elizabeth Gould,lithographed,J & E. Gould.
107,Charles Joseph Hullmandel,printed,C. Hullmandel.
108,John Gould,drew,J & E. Gould.
108,John Gould,lithographed,J & E. Gould.
108,Elizabeth Gould,drew,J & E. Gould.
108,Elizabeth Gould,lithographed,J & E. Gould.
108,Charles Joseph Hullmandel,printed,C. Hullmandel.
109,John Gould,drew,J & E. Gould.
109,John Gould,lithographed,J & E. Gould.
109,Elizabeth Gould,drew,J & E. Gould.
109,Elizabeth Gould,lithographed,J & E. Gould.
109,Charles Joseph Hullmandel,printed,C. Hullmandel.
110,John Gould,drew,J & E. Gould.
110,John Gould,lithographed,J & E. Gould.
110,Elizabeth Gould,drew,J & E. Gould.
110,Elizabeth Gould,lithographed,J & E. Gould.
110,Charles Joseph Hullmandel,printed,C. Hullmandel.
111,John Gould,drew,J & E. Gould.
111,John Gould,lithographed,J & E. Gould.
111,Elizabeth Gould,drew,J & E. Gould.
111,Elizabeth Gould,lithographed,J & E. Gould.
111,Charles Joseph Hullmandel,printed,C. Hullmandel.
112,John Gould,drew,J & E. Gould.
112,John Gould,lithographed,J & E. Gould.
112,Elizabeth Gould,drew,J & E. Gould.
112,Elizabeth Gould,lithographed,J & E. Gould.
112,Charles Joseph Hullmandel,printed,C. Hullmandel.
113,John Gould,drew,J & E. Gould.
113,John Gould,lithographed,J & E. Gould.
113,Elizabeth Gould,drew,J & E. Gould.
113,Elizabeth Gould,lithographed,J & E. Gould.
113,Charles Joseph Hullmandel,printed,C. Hullmandel.
114,John Gould,drew,J & E. Gould.
114,John Gould,lithographed,J & E. Gould.
114,Elizabeth Gould,drew,J & E. Gould.
114,Elizabeth Gould,lithographed,J & E. Gould.
114,Charles Joseph Hullmandel,printed,C. Hullmandel.
115,John Gould,drew,J & E. Gould.
115,John Gould,lithographed,J & E. Gould.
115,Elizabeth Gould,drew,J & E. Gould.
115,Elizabeth Gould,lithographed,J & E. Gould.
115,Charles Joseph Hullmandel,printed,C. Hullmandel.
116,John Gould,drew,J & E. Gould.
116,John Gould,lithographed,J & E. Gould.
116,Elizabeth Gould,drew,J & E. Gould.
116,Elizabeth Gould,lithographed,J & E. Gould.
116,Charles Joseph Hullmandel,printed,C. Hullmandel.
117,John Gould,drew,J & E. Gould.
117,John Gould,lithographed,J & E. Gould.
117,Elizabeth Gould,drew,J & E. Gould.
117,Elizabeth Gould,lithographed,J & E. Gould.
117,Charles Joseph Hullmandel,printed,C. Hullmandel.
118,John Gould,drew,J & E. Gould.
118,John Gould,lithographed,J & E. Gould.
118,Elizabeth Gould,drew,J & E. Gould.
118,Elizabeth Gould,lithographed,J & E. Gould.
118,Charles Joseph Hullmandel,printed,C. Hullmandel.
119,John Gould,drew,J & E. Gould.
119,John Gould,lithographed,J & E. Gould.
119,Elizabeth Gould,drew,J & E. Gould.
119,Elizabeth Gould,lithographed,J & E. Gould.
119,Charles Joseph Hullmandel,printed,C. Hullmandel.
120,John Gould,drew,J & E. Gould.
120,John Gould,lithographed,J & E. Gould.
120,Elizabeth Gould,drew,J & E. Gould.
120,Elizabeth Gould,lithographed,J & E. Gould.
120,Charles Joseph Hullmandel,printed,C. Hullmandel.
121,John Gould,drew,J & E. Gould.
121,John Gould,lithographed,J & E. Gould.
121,Elizabeth Gould,drew,J & E. Gould.
121,Elizabeth Gould,lithographed,J & E. Gould.
121,Charles Joseph Hullmandel,printed,C. Hullmandel.
122,John Gould,drew,J & E. Gould.
122,John Gould,lithographed,J & E. Gould.
122,Elizabeth Gould,drew,J & E. Gould.
122,Elizabeth Gould,lithographed,J & E. Gould.
122,Charles Joseph Hullmandel,printed,C. Hullmandel.
123,John Gould,drew,J & E. Gould
123,John Gould,lithographed,J & E. Gould
123,Elizabeth Gould,drew,J & E. Gould
123,Elizabeth Gould,lithographed,J & E. Gould
123,Charles Joseph Hullmandel,printed,C. Hullmandel.
124,John Gould,drew,J & E. Gould.
124,John Gould,lithographed,J & E. Gould.
124,Elizabeth Gould,drew,J & E. Gould.
124,Elizabeth Gould,lithographed,J & E. Gould.
124,Charles Joseph Hullmandel,printed,C. Hullmandel.
125,John Gould,drew,J & E Gould.
125,John Gould,lithographed,J & E Gould.
125,Elizabeth Gould,drew,J & E Gould.
125,Elizabeth Gould,lithographed,J & E Gould.
125,Charles Joseph Hullmandel,printed,C. Hullmandel.
126,John Gould,drew,J & E. Gould.
126,John Gould,lithographed,J & E. Gould.
126,Elizabeth Gould,drew,J & E. Gould.
126,Elizabeth Gould,lithographed,J & E. Gould.
126,Charles Joseph Hullmandel,printed,C. Hullmandel.
127,John Gould,drew,J & E. Gould.
127,John Gould,lithographed,J & E. Gould.
127,Elizabeth Gould,drew,J & E. Gould.
127,Elizabeth Gould,lithographed,J & E. Gould.
127,Charles Joseph Hullmandel,printed,C. Hullmandel.
128,John Gould,drew,J & E. Gould.
128,John Gould,lithographed,J & E. Gould.
128,Elizabeth Gould,drew,J & E. Gould.
128,Elizabeth Gould,lithographed,J & E. Gould.
128,Charles Joseph Hullmandel,printed,C. Hullmandel.
129,John Gould,drew,J & E. Gould.
129,John Gould,lithographed,J & E. Gould.
129,Elizabeth Gould,drew,J & E. Gould.
129,Elizabeth Gould,lithographed,J & E. Gould.
129,Charles Joseph Hullmandel,printed,C. Hullmandel.
130,John Gould,drew,J & E. Gould.
130,John Gould,lithographed,J & E. Gould.
130,Elizabeth Gould,drew,J & E. Gould.
130,Elizabeth Gould,lithographed,J & E. Gould.
130,Charles Joseph Hullmandel,printed,C. Hullmandel.
131,John Gould,drew,J & E. Gould.
131,John Gould,lithographed,J & E. Gould.
131,Elizabeth Gould,drew,J & E. Gould.
131,Elizabeth Gould,lithographed,J & E. Gould.
131,Charles Joseph Hullmandel,printed,C. Hullmandel.
132,John Gould,drew,J & E. Gould.
132,John Gould,lithographed,J & E. Gould.
132,Elizabeth Gould,drew,J & E. Gould.
132,Elizabeth Gould,lithographed,J & E. Gould.
132,Charles Joseph Hullmandel,printed,C. Hullmandel.
133,John Gould,drew,J & E. Gould.
133,John Gould,lithographed,J & E. Gould.
133,Elizabeth Gould,drew,J & E. Gould.
133,Elizabeth Gould,lithographed,J & E. Gould.
133,Charles Joseph Hullmandel,printed,C. Hullmandel.
134,John Gould,drew,J & E. Gould.
134,John Gould,lithographed,J & E. Gould.
134,Elizabeth Gould,drew,J & E. Gould.
134,Elizabeth Gould,lithographed,J & E. Gould.
134,Charles Joseph Hullmandel,printed,C. Hullmandel.
135,John Gould,drew,J & E. Gould.
135,John Gould,lithographed,J & E. Gould.
135,Elizabeth Gould,drew,J & E. Gould.
135,Elizabeth Gould,lithographed,J & E. Gould.
135,Charles Joseph Hullmandel,printed,C. Hullmandel.
136,John Gould,drew,J & E. Gould.
136,John Gould,lithographed,J & E. Gould.
136,Elizabeth Gould,drew,J & E. Gould.
136,Elizabeth Gould,lithographed,J & E. Gould.
136,Charles Joseph Hullmandel,printed,C. Hullmandel.
137,John Gould,drew,J & E. Gould.
137,John Gould,lithographed,J & E. Gould.
137,Elizabeth Gould,drew,J & E. Gould.
137,Elizabeth Gould,lithographed,J & E. Gould.
137,Charles Joseph Hullmandel,printed,C. Hullmandel.
138,John Gould,drew,J & E. Gould.
138,John Gould,lithographed,J & E. Gould.
138,Elizabeth Gould,drew,J & E. Gould.
138,Elizabeth Gould,lithographed,J & E. Gould.
138,Charles Joseph Hullmandel,printed,C. Hullmandel.
139,John Gould,drew,J & E. Gould.
139,John Gould,lithographed,J & E. Gould.
139,Elizabeth Gould,drew,J & E. Gould.
139,Elizabeth Gould,lithographed,J & E. Gould.
139,Charles Joseph Hullmandel,printed,C. Hullmandel.
140,John Gould,drew,J & E. Gould
140,John Gould,lithographed,J & E. Gould
140,Elizabeth Gould,drew,J & E. Gould
140,Elizabeth Gould,lithographed,J & E. Gould
140,Charles Joseph Hullmandel,printed,C. Hullmandel.
141,John Gould,drew,J & E. Gould.
141,John Gould,lithographed,J & E. Gould.
141,Elizabeth Gould,drew,J & E. Gould.
141,Elizabeth Gould,lithographed,J & E. Gould.
141,Charles Joseph Hullmandel,printed,C. Hullmandel.
142,John Gould,drew,J & E. Gould.
142,John Gould,lithographed,J & E. Gould.
142,Elizabeth Gould,drew,J & E. Gould.
142,Elizabeth Gould,lithographed,J & E. Gould.
142,Charles Joseph Hullmandel,printed,C. Hullmandel.
143,John Gould,drew,J & E. Gould.
143,John Gould,lithographed,J & E. Gould.
143,Elizabeth Gould,drew,J & E. Gould.
143,Elizabeth Gould,lithographed,J & E. Gould.
143,Charles Joseph Hullmandel,printed,C. Hullmandel.
144,John Gould,drew,J & E. Gould.
144,John Gould,lithographed,J & E. Gould.
144,Elizabeth Gould,drew,J & E. Gould.
144,Elizabeth Gould,lithographed,J & E. Gould.
144,Charles Joseph Hullmandel,printed,C. Hullmandel.
145,John Gould,drew,J & E. Gould.
145,John Gould,lithographed,J & E. Gould.
145,Elizabeth Gould,drew,J & E. Gould.
145,Elizabeth Gould,lithographed,J & E. Gould.
145,Charles Joseph Hullmandel,printed,C. Hullmandel.
146,John Gould,drew,J & E. Gould.
146,John Gould,lithographed,J & E. Gould.
146,Elizabeth Gould,drew,J & E. Gould.
146,Elizabeth Gould,lithographed,J & E. Gould.
146,Charles Joseph Hullmandel,printed,C. Hullmandel.
147,John Gould,drew,J & E. Gould.
147,John Gould,lithographed,J & E. Gould.
147,Elizabeth Gould,drew,J & E. Gould.
147,Elizabeth Gould,lithographed,J & E. Gould.
147,Charles Joseph Hullmandel,printed,C. Hullmandel.
148,John Gould,drew,J & E. Gould.
148,John Gould,lithographed,J & E. Gould.
148,Elizabeth Gould,drew,J & E. Gould.
148,Elizabeth Gould,lithographed,J & E. Gould.
148,Charles Joseph Hullmandel,printed,C. Hullmandel.
149,John Gould,drew,J & E. Gould.
149,John Gould,lithographed,J & E. Gould.
149,Elizabeth Gould,drew,J & E. Gould.
149,Elizabeth Gould,lithographed,J & E. Gould.
149,Charles Joseph Hullmandel,printed,C. Hullmandel
150,John Gould,drew,J & E. Gould.
150,John Gould,lithographed,J & E. Gould.
150,Elizabeth Gould,drew,J & E. Gould.
150,Elizabeth Gould,lithographed,J & E. Gould.
150,Charles Joseph Hullmandel,printed,C. Hullmandel.
151,John Gould,drew,J & E. Gould.
151,John Gould,lithographed,J & E. Gould.
151,Elizabeth Gould,drew,J & E. Gould.
151,Elizabeth Gould,lithographed,J & E. Gould.
151,Charles Joseph Hullmandel,printed,C. Hullmandel.
152,John Gould,drew,J & E. Gould.
152,John Gould,lithographed,J & E. Gould.
152,Elizabeth Gould,drew,J & E. Gould.
152,Elizabeth Gould,lithographed,J & E. Gould.
152,Charles Joseph Hullmandel,printed,C. Hullmandel.
153,John Gould,drew,J & E. Gould.
153,John Gould,lithographed,J & E. Gould.
153,Elizabeth Gould,drew,J & E. Gould.
153,Elizabeth Gould,lithographed,J & E. Gould.
153,Charles Joseph Hullmandel,printed,C. Hullmandel.
154,John Gould,drew,J & E Gould.
154,John Gould,lithographed,J & E Gould.
154,Elizabeth Gould,drew,J & E Gould.
154,Elizabeth Gould,lithographed,J & E Gould.
154,Charles Joseph Hullmandel,printed,C. Hullmandel.
155,John Gould,drew,J & E. Gould.
155,John Gould,lithographed,J & E. Gould.
155,Elizabeth Gould,drew,J & E. Gould.
155,Elizabeth Gould,lithographed,J & E. Gould.
155,Charles Joseph Hullmandel,printed,C. Hullmandel.
156,John Gould,drew,J & E. Gould.
156,John Gould,lithographed,J & E. Gould.
156,Elizabeth Gould,drew,J & E. Gould.
156,Elizabeth Gould,lithographed,J & E. Gould.
156,Charles Joseph Hullmandel,printed,C. Hullmandel.
157,John Gould,drew,J & E. Gould.
157,John Gould,lithographed,J & E. Gould.
157,Elizabeth Gould,drew,J & E. Gould.
157,Elizabeth Gould,lithographed,J & E. Gould.
157,Charles Joseph Hullmandel,printed,C. Hullmandel.
158,John Gould,drew,J & E. Gould.
158,John Gould,lithographed,J & E. Gould.
158,Elizabeth Gould,drew,J & E. Gould.
158,Elizabeth Gould,lithographed,J & E. Gould.
158,Charles Joseph Hullmandel,printed,C Hullmandel.
159,John Gould,drew,J & E. Gould.
159,John Gould,lithographed,J & E. Gould.
159,Elizabeth Gould,drew,J & E. Gould.
159,Elizabeth Gould,lithographed,J & E. Gould.
159,Charles Joseph Hullmandel,printed,C. Hullmandel.
160,John Gould,drew,J & E. Gould.
160,John Gould,lithographed,J & E. Gould.
160,Elizabeth Gould,drew,J & E. Gould.
160,Elizabeth Gould,lithographed,J & E. Gould.
160,Charles Joseph Hullmandel,printed,C. Hullmandel.
161,John Gould,drew,J & E. Gould.
161,John Gould,lithographed,J & E. Gould.
161,Elizabeth Gould,drew,J & E. Gould.
161,Elizabeth Gould,lithographed,J & E. Gould.
161,Charles Joseph Hullmandel,printed,C. Hullmandel.
162,John Gould,drew,J & E. Gould.
162,John Gould,lithographed,J & E. Gould.
162,Elizabeth Gould,drew,J & E. Gould.
162,Elizabeth Gould,lithographed,J & E. Gould.
162,Charles Joseph Hullmandel,printed,C. Hullmandel.
163,John Gould,drew,J & E. Gould.
163,John Gould,lithographed,J & E. Gould.
163,Elizabeth Gould,drew,J & E. Gould.
163,Elizabeth Gould,lithographed,J & E. Gould.
163,Charles Joseph Hullmandel,printed,C. Hullmandel.
164,John Gould,drew,J & E. Gould.
164,John Gould,lithographed,J & E. Gould.
164,Elizabeth Gould,drew,J & E. Gould.
164,Elizabeth Gould,lithographed,J & E. Gould.
164,Charles Joseph Hullmandel,printed,C. Hullmandel.
165,John Gould,drew,J & E. Gould.
165,John Gould,lithographed,J & E. Gould.
165,Elizabeth Gould,drew,J & E. Gould.
165,Elizabeth Gould,lithographed,J & E. Gould.
165,Charles Joseph Hullmandel,printed,C. Hullmandel.
166,John Gould,drew,J & E. Gould.
166,John Gould,lithographed,J & E. Gould.
166,Elizabeth Gould,drew,J & E. Gould.
166,Elizabeth Gould,lithographed,J & E. Gould.
166,Charles Joseph Hullmandel,printed,C. Hullmandel.
167,John Gould,drew,J & E. Gould.
167,John Gould,lithographed,J & E. Gould.
167,Elizabeth Gould,drew,J & E. Gould.
167,Elizabeth Gould,lithographed,J & E. Gould.
167,Charles Joseph Hullmandel,printed,C. Hullmandel.
168,John Gould,drew,J & E Gould.
168,John Gould,lithographed,J & E Gould.
168,Elizabeth Gould,drew,J & E Gould.
168,Elizabeth Gould,lithographed,J & E Gould.
168,Charles Joseph Hullmandel,printed,C. Hullmandel.
169,John Gould,drew,J & E. Gould.
169,John Gould,lithographed,J & E. Gould.
169,Elizabeth Gould,drew,J & E. Gould.
169,Elizabeth Gould,lithographed,J & E. Gould.
169,Charles Joseph Hullmandel,printed,C. Hullmandel.
170,John Gould,drew,J & E. Gould.
170,John Gould,lithographed,J & E. Gould.
170,Elizabeth Gould,drew,J & E. Gould.
170,Elizabeth Gould,lithographed,J & E. Gould.
170,Charles Joseph Hullmandel,printed,C. Hullmandel.
171,John Gould,drew,J & E. Gould.
171,John Gould,lithographed,J & E. Gould.
171,Elizabeth Gould,drew,J & E. Gould.
171,Elizabeth Gould,lithographed,J & E. Gould.
171,Charles Joseph Hullmandel,printed,C. Hullmandel.
172,John Gould,drew,J & E. Gould.
172,John Gould,lithographed,J & E. Gould.
172,Elizabeth Gould,drew,J & E. Gould.
172,Elizabeth Gould,lithographed,J & E. Gould.
172,Charles Joseph Hullmandel,printed,C. Hullmandel.
173,John Gould,drew,J & E. Gould.
173,John Gould,lithographed,J & E. Gould.
173,Elizabeth Gould,drew,J & E. Gould.
173,Elizabeth Gould,lithographed,J & E. Gould.
173,Charles Joseph Hullmandel,printed,C. Hullmandel.
174,John Gould,drew,J & E. Gould.
174,John Gould,lithographed,J & E. Gould.
174,Elizabeth Gould,drew,J & E. Gould.
174,Elizabeth Gould,lithographed,J & E. Gould.
174,Charles Joseph Hullmandel,printed,C. Hullmandel.
175,John Gould,drew,J & E. Gould.
175,John Gould,lithographed,J & E. Gould.
175,Elizabeth Gould,drew,J & E. Gould.
175,Elizabeth Gould,lithographed,J & E. Gould.
175,Charles Joseph Hullmandel,printed,C. Hullmandel.
176,John Gould,drew,J & E. Gould.
176,John Gould,lithographed,J & E. Gould.
176,Elizabeth Gould,drew,J & E. Gould.
176,Elizabeth Gould,lithographed,J & E. Gould.
176,Charles Joseph Hullmandel,printed,C. Hullmandel.
177,John Gould,drew,J & E. Gould.
177,John Gould,lithographed,J & E. Gould.
177,Elizabeth Gould,drew,J & E. Gould.
177,Elizabeth Gould,lithographed,J & E. Gould.
177,Charles Joseph Hullmandel,printed,C. Hullmandel.
178,John Gould,drew,J & E. Gould.
178,John Gould,lithographed,J & E. Gould.
178,Elizabeth Gould,drew,J & E. Gould.
178,Elizabeth Gould,lithographed,J & E. Gould.
178,Charles Joseph Hullmandel,printed,C. Hullmandel.
179,John Gould,drew,J & E. Gould.
179,John Gould,lithographed,J & E. Gould.
179,Elizabeth Gould,drew,J & E. Gould.
179,Elizabeth Gould,lithographed,J & E. Gould.
179,Charles Joseph Hullmandel,printed,C. Hullmandel.
180,John Gould,drew,J & E. Gould.
180,John Gould,lithographed,J & E. Gould.
180,Elizabeth Gould,drew,J & E. Gould.
180,Elizabeth Gould,lithographed,J & E. Gould.
180,Charles Joseph Hullmandel,printed,C. Hullmandel.
181,John Gould,drew,J & E. Gould.
181,John Gould,lithographed,J & E. Gould.
181,Elizabeth Gould,drew,J & E. Gould.
181,Elizabeth Gould,lithographed,J & E. Gould.
181,Charles Joseph Hullmandel,printed,C. Hullmandel.
182,John Gould,drew,J & E. Gould.
182,John Gould,lithographed,J & E. Gould.
182,Elizabeth Gould,drew,J & E. Gould.
182,Elizabeth Gould,lithographed,J & E. Gould.
182,Charles Joseph Hullmandel,printed,C. Hullmandel.
183,John Gould,drew,J & E. Gould.
183,John Gould,lithographed,J & E. Gould.
183,Elizabeth Gould,drew,J & E. Gould.
183,Elizabeth Gould,lithographed,J & E. Gould.
183,Charles Joseph Hullmandel,printed,C. Hullmandel.
184,John Gould,drew,J & E. Gould.
184,John Gould,lithographed,J & E. Gould.
184,Elizabeth Gould,drew,J & E. Gould.
184,Elizabeth Gould,lithographed,J & E. Gould.
184,Charles Joseph Hullmandel,printed,C. Hullmandel.
185,John Gould,drew,J & E. Gould.
185,John Gould,lithographed,J & E. Gould.
185,Elizabeth Gould,drew,J & E. Gould.
185,Elizabeth Gould,lithographed,J & E. Gould.
185,Charles Joseph Hullmandel,printed,C. Hullmandel.
186,John Gould,drew,J & E. Gould.
186,John Gould,lithographed,J & E. Gould.
186,Elizabeth Gould,drew,J & E. Gould.
186,Elizabeth Gould,lithographed,J & E. Gould.
186,Charles Joseph Hullmandel,printed,C. Hullmandel.
187,John Gould,drew,J & E. Gould.
187,John Gould,lithographed,J & E. Gould.
187,Elizabeth Gould,drew,J & E. Gould.
187,Elizabeth Gould,lithographed,J & E. Gould.
187,Charles Joseph Hullmandel,printed,C. Hullmandel.
188,John Gould,drew,J & E. Gould.
188,John Gould,lithographed,J & E. Gould.
188,Elizabeth Gould,drew,J & E. Gould.
188,Elizabeth Gould,lithographed,J & E. Gould.
188,Charles Joseph Hullmandel,printed,C. Hullmandel.
189,John Gould,drew,J & E. Gould.
189,John Gould,lithographed,J & E. Gould.
189,Elizabeth Gould,drew,J & E. Gould.
189,Elizabeth Gould,lithographed,J & E. Gould.
189,Charles Joseph Hullmandel,printed,C. Hullmandel.
190,John Gould,drew,J & E. Gould.
190,John Gould,lithographed,J & E. Gould.
190,Elizabeth Gould,drew,J & E. Gould.
190,Elizabeth Gould,lithographed,J & E. Gould.
190,Charles Joseph Hullmandel,printed,C. Hullmandel.
191,John Gould,drew,J & E. Gould.
191,John Gould,lithographed,J & E. Gould.
191,Elizabeth Gould,drew,J & E. Gould.
191,Elizabeth Gould,lithographed,J & E. Gould.
191,Charles Joseph Hullmandel,printed,C. Hullmandel.
192,John Gould,drew,J & E. Gould.
192,John Gould,lithographed,J & E. Gould.
192,Elizabeth Gould,drew,J & E. Gould.
192,Elizabeth Gould,lithographed,J & E. Gould.
192,Charles Joseph Hullmandel,printed,C. Hullmandel
193,John Gould,drew,J & E. Gould.
193,John Gould,lithographed,J & E. Gould.
193,Elizabeth Gould,drew,J & E. Gould.
193,Elizabeth Gould,lithographed,J & E. Gould.
193,Charles Joseph Hullmandel,printed,C. Hullmandel.
194,John Gould,drew,J & E. Gould.
194,John Gould,lithographed,J & E. Gould.
194,Elizabeth Gould,drew,J & E. Gould.
194,Elizabeth Gould,lithographed,J & E. Gould.
194,Charles Joseph Hullmandel,printed,C. Hullmandel.
195,John Gould,drew,J & E. Gould.
195,John Gould,lithographed,J & E. Gould.
195,Elizabeth Gould,drew,J & E. Gould.
195,Elizabeth Gould,lithographed,J & E. Gould.
195,Charles Joseph Hullmandel,printed,C. Hullmandel.
196,John Gould,drew,J & E. Gould.
196,John Gould,lithographed,J & E. Gould.
196,Elizabeth Gould,drew,J & E. Gould.
196,Elizabeth Gould,lithographed,J & E. Gould.
196,Charles Joseph Hullmandel,printed,C Hullmandel.
197,John Gould,drew,J & E. Gould.
197,John Gould,lithographed,J & E. Gould.
197,Elizabeth Gould,drew,J & E. Gould.
197,Elizabeth Gould,lithographed,J & E. Gould.
197,Charles Joseph Hullmandel,printed,C. Hullmandel.
198,John Gould,drew,J & E. Gould.
198,John Gould,lithographed,J & E. Gould.
198,Elizabeth Gould,drew,J & E. Gould.
198,Elizabeth Gould,lithographed,J & E. Gould.
198,Charles Joseph Hullmandel,printed,C. Hullmandel.
199,John Gould,drew,J & E. Gould.
199,John Gould,lithographed,J & E. Gould.
199,Elizabeth Gould,drew,J & E. Gould.
199,Elizabeth Gould,lithographed,J & E. Gould.
199,Charles Joseph Hullmandel,printed,C. Hullmandel.
200,John Gould,drew,J & E. Gould.
200,John Gould,lithographed,J & E. Gould.
200,Elizabeth Gould,drew,J & E. Gould.
200,Elizabeth Gould,lithographed,J & E. Gould.
200,Charles Joseph Hullmandel,printed,C. Hullmandel.
201,John Gould,drew,J & E. Gould.
201,John Gould,lithographed,J & E. Gould.
201,Elizabeth Gould,drew,J & E. Gould.
201,Elizabeth Gould,lithographed,J & E. Gould.
201,Charles Joseph Hullmandel,printed,C. Hullmandel.
202,John Gould,drew,J & E. Gould.
202,John Gould,lithographed,J & E. Gould.
202,Elizabeth Gould,drew,J & E. Gould.
202,Elizabeth Gould,lithographed,J & E. Gould.
202,Charles Joseph Hullmandel,printed,C. Hullman
203,John Gould,drew,J & E. Gould.
203,John Gould,lithographed,J & E. Gould.
203,Elizabeth Gould,drew,J & E. Gould.
203,Elizabeth Gould,lithographed,J & E. Gould.
203,Charles Joseph Hullmandel,printed,C Hullmandel
204,John Gould,drew,J & E. Gould.
204,John Gould,lithographed,J & E. Gould.
204,Elizabeth Gould,drew,J & E. Gould.
204,Elizabeth Gould,lithographed,J & E. Gould.
204,Charles Joseph Hullmandel,printed,C. Hullmandel.
205,John Gould,drew,J & E. Gould.
205,John Gould,lithographed,J & E. Gould.
205,Elizabeth Gould,drew,J & E. Gould.
205,Elizabeth Gould,lithographed,J & E. Gould.
205,Charles Joseph Hullmandel,printed,C. Hullmandel.
206,John Gould,drew,J & E. Gould.
206,John Gould,lithographed,J & E. Gould.
206,Elizabeth Gould,drew,J & E. Gould.
206,Elizabeth Gould,lithographed,J & E. Gould.
206,Charles Joseph Hullmandel,printed,C. Hullmandel.
207,John Gould,drew,J & E. Gould.
207,John Gould,lithographed,J & E. Gould.
207,Elizabeth Gould,drew,J & E. Gould.
207,Elizabeth Gould,lithographed,J & E. Gould.
207,Charles Joseph Hullmandel,printed,C. Hullmandel.
208,John Gould,drew,J & E. Gould.
208,John Gould,lithographed,J & E. Gould.
208,Elizabeth Gould,drew,J & E. Gould.
208,Elizabeth Gould,lithographed,J & E. Gould.
208,Charles Joseph Hullmandel,printed,C. Hullmandel.
209,John Gould,drew,J & E. Gould.
209,John Gould,lithographed,J & E. Gould.
209,Elizabeth Gould,drew,J & E. Gould.
209,Elizabeth Gould,lithographed,J & E. Gould.
209,Charles Joseph Hullmandel,printed,C. Hullmandel.
210,John Gould,drew,J & E. Gould.
210,John Gould,lithographed,J & E. Gould.
210,Elizabeth Gould,drew,J & E. Gould.
210,Elizabeth Gould,lithographed,J & E. Gould.
210,Charles Joseph Hullmandel,printed,C. Hullmandel.
211,John Gould,drew,J & E. Gould.
211,John Gould,lithographed,J & E. Gould.
211,Elizabeth Gould,drew,J & E. Gould.
211,Elizabeth Gould,lithographed,J & E. Gould.
211,Charles Joseph Hullmandel,printed,C. Hullmandel.
212,John Gould,drew,J & E. Gould.
212,John Gould,lithographed,J & E. Gould.
212,Elizabeth Gould,drew,J & E. Gould.
212,Elizabeth Gould,lithographed,J & E. Gould.
212,Charles Joseph Hullmandel,printed,C. Hullmandel.
213,John Gould,drew,J & E. Gould.
213,John Gould,lithographed,J & E. Gould.
213,Elizabeth Gould,drew,J & E. Gould.
213,Elizabeth Gould,lithographed,J & E. Gould.
213,Charles Joseph Hullmandel,printed,C. Hullmandel.
214,John Gould,drew,J & E. Gould.
214,John Gould,lithographed,J & E. Gould.
214,Elizabeth Gould,drew,J & E. Gould.
214,Elizabeth Gould,lithographed,J & E. Gould.
214,Charles Joseph Hullmandel,printed,C. Hullmandel.
215,Edward Lear,drew,E. Lear
215,Edward Lear,lithographed,E. Lear
215,Charles Joseph Hullmandel,printed,C. Hullmandel.
216,John Gould,drew,J & E. Gould.
216,John Gould,lithographed,J & E. Gould.
216,Elizabeth Gould,drew,J & E. Gould.
216,Elizabeth Gould,lithographed,J & E. Gould.
216,Charles Joseph Hullmandel,printed,C. Hullmandel.
217,John Gould,drew,J & E. Gould.
217,John Gould,lithographed,J & E. Gould.
217,Elizabeth Gould,drew,J & E. Gould.
217,Elizabeth Gould,lithographed,J & E. Gould.
217,Charles Joseph Hullmandel,printed,C. Hullmandel.
218,John Gould,drew,J & E. Gould.
218,John Gould,lithographed,J & E. Gould.
218,Elizabeth Gould,drew,J & E. Gould.
218,Elizabeth Gould,lithographed,J & E. Gould.
218,Charles Joseph Hullmandel,printed,C. Hullmandel.
219,Edward Lear,drew,E. Lear
219,Edward Lear,lithographed,E. Lear
219,Charles Joseph Hullmandel,printed,C. Hullmandel.
220,Edward Lear,drew,E. Lear
220,Edward Lear,lithographed,E. Lear
220,Charles Joseph Hullmandel,printed,C. Hullmandel.
221,Edward Lear,drew,E. Lear
221,Edward Lear,lithographed,E. Lear
221,Charles Joseph Hullmandel,printed,C. Hullmandel.
222,John Gould,drew,J & E. Gould.
222,John Gould,lithographed,J & E. Gould.
222,Elizabeth Gould,drew,J & E. Gould.
222,Elizabeth Gould,lithographed,J & E. Gould.
222,Charles Joseph Hullmandel,printed,C. Hullmandel.
223,John Gould,drew,J & E. Gould.
223,John Gould,lithographed,J & E. Gould.
223,Elizabeth Gould,drew,J & E. Gould.
223,Elizabeth Gould,lithographed,J & E. Gould.
223,Charles Joseph Hullmandel,printed,C. Hullmandel.
224,Edward Lear,drew,E. Lear
224,Edward Lear,lithographed,E. Lear
224,Charles Joseph Hullmandel,printed,C. Hullmandel.
225,John Gould,drew,J & E. Gould.
225,John Gould,lithographed,J & E. Gould.
225,Elizabeth Gould,drew,J & E. Gould.
225,Elizabeth Gould,lithographed,J & E. Gould.
225,Charles Joseph Hullmandel,printed,C. Hullmandel.
226,John Gould,drew,J & E. Gould.
226,John Gould,lithographed,J & E. Gould.
226,Elizabeth Gould,drew,J & E. Gould.
226,Elizabeth Gould,lithographed,J & E. Gould.
226,Charles Joseph Hullmandel,printed,C. Hullmandel.
227,John Gould,drew,J & E. Gould.
227,John Gould,lithographed,J & E. Gould.
227,Elizabeth Gould,drew,J & E. Gould.
227,Elizabeth Gould,lithographed,J & E. Gould.
227,Charles Joseph Hullmandel,printed,C. Hullmandel.
228,John Gould,drew,J & E. Gould.
228,John Gould,lithographed,J & E. Gould.
228,Elizabeth Gould,drew,J & E. Gould.
228,Elizabeth Gould,lithographed,J & E. Gould.
228,Charles Joseph Hullmandel,printed,C. Hullmandel.
229,John Gould,drew,J & E. Gould.
229,John Gould,lithographed,J & E. Gould.
229,Elizabeth Gould,drew,J & E. Gould.
229,Elizabeth Gould,lithographed,J & E. Gould.
229,Charles Joseph Hullmandel,printed,C. Hullmandel.
230,John Gould,drew,J & E. Gould.
230,John Gould,lithographed,J & E. Gould.
230,Elizabeth Gould,drew,J & E. Gould.
230,Elizabeth Gould,lithographed,J & E. Gould.
230,Charles Joseph Hullmandel,printed,C. Hullmandel.
231,John Gould,drew,J & E. Gould.
231,John Gould,lithographed,J & E. Gould.
231,Elizabeth Gould,drew,J & E. Gould.
231,Elizabeth Gould,lithographed,J & E. Gould.
231,Charles Joseph Hullmandel,printed,C. Hullmandel
232,John Gould,drew,J & E. Gould.
232,John Gould,lithographed,J & E. Gould.
232,Elizabeth Gould,drew,J & E. Gould.
232,Elizabeth Gould,lithographed,J & E. Gould.
232,Charles Joseph Hullmandel,printed,C. Hullmandel.
233,John Gould,drew,J & E. Gould.
233,John Gould,lithographed,J & E. Gould.
233,Elizabeth Gould,drew,J & E. Gould.
233,Elizabeth Gould,lithographed,J & E. Gould.
233,Charles Joseph Hullmandel,printed,C. Hullmandel.
234,John Gould,drew,J & E. Gould.
234,John Gould,lithographed,J & E. Gould.
234,Elizabeth Gould,drew,J & E. Gould.
234,Elizabeth Gould,lithographed,J & E. Gould.
234,Charles Joseph Hullmandel,printed,C. Hullmandel.
235,John Gould,drew,J & E. Gould
235,John Gould,lithographed,J & E. Gould
235,Elizabeth Gould,drew,J & E. Gould
235,Elizabeth Gould,lithographed,J & E. Gould
235,Charles Joseph Hullmandel,printed,C. Hullmandel.
236,John Gould,drew,J & E. Gould.
236,John Gould,lithographed,J & E. Gould.
236,Elizabeth Gould,drew,J & E. Gould.
236,Elizabeth Gould,lithographed,J & E. Gould.
236,Charles Joseph Hullmandel,printed,C. Hullmandel.
237,John Gould,drew,J & E. Gould.
237,John Gould,lithographed,J & E. Gould.
237,Elizabeth Gould,drew,J & E. Gould.
237,Elizabeth Gould,lithographed,J & E. Gould.
237,Charles Joseph Hullmandel,printed,C. Hullmandel.
238,John Gould,drew,J & E. Gould.
238,John Gould,lithographed,J & E. Gould.
238,Elizabeth Gould,drew,J & E. Gould.
238,Elizabeth Gould,lithographed,J & E. Gould.
238,Charles Joseph Hullmandel,printed,C. Hullmandel.
239,Edward Lear,lithographed,E. Lear.
239,Charles Joseph Hullmandel,printed,C. Hullmandel.
240,John Gould,drew,J & E. Gould.
240,John Gould,lithographed,J & E. Gould.
240,Elizabeth Gould,drew,J & E. Gould.
240,Elizabeth Gould,lithographed,J & E. Gould.
240,Charles Joseph Hullmandel,printed,C. Hullmandel.
241,John Gould,drew,J & E. Gould.
241,John Gould,lithographed,J & E. Gould.
241,Elizabeth Gould,drew,J & E. Gould.
241,Elizabeth Gould,lithographed,J & E. Gould.
241,Charles Joseph Hullmandel,printed,C. Hullmandel.
242,John Gould,drew,J & E. Gould.
242,John Gould,lithographed,J & E. Gould.
242,Elizabeth Gould,drew,J & E. Gould.
242,Elizabeth Gould,lithographed,J & E. Gould.
242,Charles Joseph Hullmandel,printed,C. Hullmandel.
243,Edward Lear,drew,E. Lear
243,Edward Lear,lithographed,E. Lear
243,Charles Joseph Hullmandel,printed,C. Hullmandel.
244,John Gould,drew,J & E. Gould.
244,John Gould,lithographed,J & E. Gould.
244,Elizabeth Gould,drew,J & E. Gould.
244,Elizabeth Gould,lithographed,J & E. Gould.
244,Charles Joseph Hullmandel,printed,C. Hullmandel.
245,John Gould,drew,J & E. Gould.
245,John Gould,lithographed,J & E. Gould.
245,Elizabeth Gould,drew,J & E. Gould.
245,Elizabeth Gould,lithographed,J & E. Gould.
245,Charles Joseph Hullmandel,printed,C. Hullmandel.
246,John Gould,drew,J & E. Gould.
246,John Gould,lithographed,J & E. Gould.
246,Elizabeth Gould,drew,J & E. Gould.
246,Elizabeth Gould,lithographed,J & E. Gould.
246,Charles Joseph Hullmandel,printed,C. Hullmandel.
250,Edward Lear,drew,E. Lear
250,Edward Lear,lithographed,E. Lear
250,Charles Joseph Hullmandel,printed,C. Hullmandel.
251,John Gould,drew,J & E. Gould.
251,John Gould,lithographed,J & E. Gould.
251,Elizabeth Gould,drew,J & E. Gould.
251,Elizabeth Gould,lithographed,J & E. Gould.
251,Charles Joseph Hullmandel,printed,C. Hullmandel.
252,John Gould,drew,J & E. Gould.
252,John Gould,lithographed,J & E. Gould.
252,Elizabeth Gould,drew,J & E. Gould.
252,Elizabeth Gould,lithographed,J & E. Gould.
252,Charles Joseph Hullmandel,printed,C. Hullmandel.
253,John Gould,drew,J & E. Gould
253,John Gould,lithographed,J & E. Gould
253,Elizabeth Gould,drew,J & E. Gould
253,Elizabeth Gould,lithographed,J & E. Gould
253,Charles Joseph Hullmandel,printed,C Hullmandel
254,Edward Lear,drew,E. Lear
254,Edward Lear,lithographed,E. Lear
254,Charles Joseph Hullmandel,printed,C. Hullmandel
260,John Gould,drew,J & E. Gould.
260,John Gould,lithographed,J & E. Gould.
260,Elizabeth Gould,drew,J & E. Gould.
260,Elizabeth Gould,lithographed,J & E. Gould.
260,Charles Joseph Hullmandel,printed,C. Hullmandel.
262,John Gould,drew,J. & E. Gould.
262,John Gould,lithographed,J. & E. Gould.
262,Elizabeth Gould,drew,J. & E. Gould.
262,Elizabeth Gould,lithographed,J. & E. Gould.
262,Charles Joseph Hullmandel,printed,C. Hullmandel.
263,John Gould,drew,J & E. Gould.
263,John Gould,lithographed,J & E. Gould.
263,Elizabeth Gould,drew,J & E. Gould.
263,Elizabeth Gould,lithographed,J & E. Gould.
263,Charles Joseph Hullmandel,printed,C. Hullmandel.
264,John Gould,drew,J & E. Gould.
264,John Gould,lithographed,J & E. Gould.
264,Elizabeth Gould,drew,J & E. Gould.
264,Elizabeth Gould,lithographed,J & E. Gould.
264,Charles Joseph Hullmandel,printed,C. Hullmandel.
270,Edward Lear,drew,E. Lear
270,Edward Lear,lithographed,E. Lear
270,Charles Joseph Hullmandel,printed,C Hullmandel
271,Edward Lear,drew,E Lear
271,Edward Lear,lithographed,E Lear
271,Charles Joseph Hullmandel,printed,C. Hullmandel.
272,Edward Lear,drew,E. Lear
272,Edward Lear,lithographed,E. Lear
272,Charles Joseph Hullmandel,printed,C. Hullmandel.
273,Edward Lear,drew,E Lear
273,Edward Lear,lithographed,E Lear
273,Charles Joseph Hullmandel,printed,C. Hullmandel
274,Edward Lear,drew,E. Lear
274,Edward Lear,lithographed,E. Lear
274,Charles Joseph Hullmandel,printed,C. Hullmandel.
275,John Gould,drew,J & E. Gould.
275,John Gould,lithographed,J & E. Gould.
275,Elizabeth Gould,drew,J & E. Gould.
275,Elizabeth Gould,lithographed,J & E. Gould.
275,Charles Joseph Hullmandel,printed,C. Hullmandel.
276,Edward Lear,drew,E. Lear
276,Edward Lear,lithographed,E. Lear
276,Charles Joseph Hullmandel,printed,C Hullmandel
277,Edward Lear,drew,E. Lear
277,Edward Lear,lithographed,E. Lear
277,Charles Joseph Hullmandel,printed,C. Hullmandel
278,John Gould,drew,J & E. Gould.
278,John Gould,lithographed,J & E. Gould.
278,Elizabeth Gould,drew,J & E. Gould.
278,Elizabeth Gould,lithographed,J & E. Gould.
278,Charles Joseph Hullmandel,printed,C. Hullmandel.
279,Edward Lear,drew,E. Lear
279,Edward Lear,lithographed,E. Lear
279,Charles Joseph Hullmandel,printed,C. Hullmandel.
281,Edward Lear,drew,E. Lear
281,Edward Lear,lithographed,E. Lear
283,Edward Lear,drew,E. Lear
283,Edward Lear,lithographed,E. Lear
283,Charles Joseph Hullmandel,printed,C. Hullmandel.
284,Edward Lear,drew,ELear
284,Edward Lear,lithographed,ELear
284,Charles Joseph Hullmandel,printed,C. Hullmandel.
285,Edward Lear,drew,E. Lear
285,Edward Lear,lithographed,E. Lear
285,Charles Joseph Hullmandel,printed,C. Hullmandel.
286,John Gould,drew,J & E. Gould.
286,John Gould,lithographed,J & E. Gould.
286,Elizabeth Gould,drew,J & E. Gould.
286,Elizabeth Gould,lithographed,J & E. Gould.
286,Charles Joseph Hullmandel,printed,C. Hullmandel.
287,Edward Lear,drew,E. Lear
287,Edward Lear,lithographed,E. Lear
287,Charles Joseph Hullmandel,printed,C. Hullmandel.
288,John Gould,drew,J & E. Gould.
288,John Gould,lithographed,J & E. Gould.
288,Elizabeth Gould,drew,J & E. Gould.
288,Elizabeth Gould,lithographed,J & E. Gould.
288,Charles Joseph Hullmandel,printed,C. Hullmandel.
289,John Gould,drew,J & E. Gould.
289,John Gould,lithographed,J & E. Gould.
289,Elizabeth Gould,drew,J & E. Gould.
289,Elizabeth Gould,lithographed,J & E. Gould.
289,Charles Joseph Hullmandel,printed,C. Hullmandel.
290,John Gould,drew,J & E. Gould.
290,John Gould,lithographed,J & E. Gould.
290,Elizabeth Gould,drew,J & E. Gould.
290,Elizabeth Gould,lithographed,J & E. Gould.
290,Charles Joseph Hullmandel,printed,C. Hullmandel.
292,John Gould,drew,J & E. Gould.
292,John Gould,lithographed,J & E. Gould.
292,Elizabeth Gould,drew,J & E. Gould.
292,Elizabeth Gould,lithographed,J & E. Gould.
292,Charles Joseph Hullmandel,printed,C. Hullmandel
293,John Gould,drew,J & E. Gould.
293,John Gould,lithographed,J & E. Gould.
293,Elizabeth Gould,drew,J & E. Gould.
293,Elizabeth Gould,lithographed,J & E. Gould.
293,Charles Joseph Hullmandel,printed,C. Hullmandel.
294,John Gould,drew,J & E Gould.
294,John Gould,lithographed,J & E Gould.
294,Elizabeth Gould,drew,J & E Gould.
294,Elizabeth Gould,lithographed,J & E Gould.
294,Charles Joseph Hullmandel,printed,C. Hullmandel.
295,John Gould,drew,J & E. Gould
295,John Gould,lithographed,J & E. Gould
295,Elizabeth Gould,drew,J & E. Gould
295,Elizabeth Gould,lithographed,J & E. Gould
295,Charles Joseph Hullmandel,printed,C. Hullmandel.
296,John Gould,drew,J & E. Gould.
296,John Gould,lithographed,J & E. Gould.
296,Elizabeth Gould,drew,J & E. Gould.
296,Elizabeth Gould,lithographed,J & E. Gould.
296,Charles Joseph Hullmandel,printed,C. Hullmandel.
297,John Gould,drew,J & E. Gould.
297,John Gould,lithographed,J & E. Gould.
297,Elizabeth Gould,drew,J & E. Gould.
297,Elizabeth Gould,lithographed,J & E. Gould.
297,Charles Joseph Hullmandel,printed,C. Hullmandel.
298,John Gould,drew,J & E Gould
298,John Gould,lithographed,J & E Gould
298,Elizabeth Gould,drew,J & E Gould
298,Elizabeth Gould,lithographed,J & E Gould
298,Charles Joseph Hullmandel,printed,C Hullmandel
299,John Gould,drew,J & E. Gould.
299,John Gould,lithographed,J & E. Gould.
299,Elizabeth Gould,drew,J & E. Gould.
299,Elizabeth Gould,lithographed,J & E. Gould.
299,Charles Joseph Hullmandel,printed,C. Hullmandel.
300,John Gould,drew,J & E. Gould.
300,John Gould,lithographed,J & E. Gould.
300,Elizabeth Gould,drew,J & E. Gould.
300,Elizabeth Gould,lithographed,J & E. Gould.
300,Charles Joseph Hullmandel,printed,C. Hullmandel.
301,John Gould,drew,J & E Gould.
301,John Gould,lithographed,J & E Gould.
301,Elizabeth Gould,drew,J & E Gould.
301,Elizabeth Gould,lithographed,J & E Gould.
301,Charles Joseph Hullmandel,printed,C. Hullmandel.
302,John Gould,drew,J & E. Gould.
302,John Gould,lithographed,J & E. Gould.
302,Elizabeth Gould,drew,J & E. Gould.
302,Elizabeth Gould,lithographed,J & E. Gould.
302,Charles Joseph Hullmandel,printed,C. Hullmandel.
303,John Gould,drew,J & E. Gould.
303,John Gould,lithographed,J & E. Gould.
303,Elizabeth Gould,drew,J & E. Gould.
303,Elizabeth Gould,lithographed,J & E. Gould.
303,Charles Joseph Hullmandel,printed,C. Hullmandel.
304,John Gould,drew,J & E. Gould.
304,John Gould,lithographed,J & E. Gould.
304,Elizabeth Gould,drew,J & E. Gould.
304,Elizabeth Gould,lithographed,J & E. Gould.
304,Charles Joseph Hullmandel,printed,C. Hullmandel.
306,John Gould,drew,J & E Gould
306,John Gould,lithographed,J & E Gould
306,Elizabeth Gould,drew,J & E Gould
306,Elizabeth Gould,lithographed,J & E Gould
306,Charles Joseph Hullmandel,printed,C Hullmandel
307,John Gould,drew,J & E. Gould.
307,John Gould,lithographed,J & E. Gould.
307,Elizabeth Gould,drew,J & E. Gould.
307,Elizabeth Gould,lithographed,J & E. Gould.
307,Charles Joseph Hullmandel,printed,C. Hullmandel.
308,John Gould,drew,J & E. Gould.
308,John Gould,lithographed,J & E. Gould.
308,Elizabeth Gould,drew,J & E. Gould.
308,Elizabeth Gould,lithographed,J & E. Gould.
308,Charles Joseph Hullmandel,printed,C. Hullmandel.
310,John Gould,drew,J & E. Gould.
310,John Gould,lithographed,J & E. Gould.
310,Elizabeth Gould,drew,J & E. Gould.
310,Elizabeth Gould,lithographed,J & E. Gould.
310,Charles Joseph Hullmandel,printed,C. Hullmandel.
311,John Gould,drew,J & E. Gould.
311,John Gould,lithographed,J & E. Gould.
311,Elizabeth Gould,drew,J & E. Gould.
311,Elizabeth Gould,lithographed,J & E. Gould.
311,Charles Joseph Hullmandel,printed,C. Hullmandel.
312,John Gould,drew,J & E. Gould.
312,John Gould,lithographed,J & E. Gould.
312,Elizabeth Gould,drew,J & E. Gould.
312,Elizabeth Gould,lithographed,J & E. Gould.
312,Charles Joseph Hullmandel,printed,C. Hullmandel.
313,John Gould,drew,J & E. Gould.
313,John Gould,lithographed,J & E. Gould.
313,Elizabeth Gould,drew,J & E. Gould.
313,Elizabeth Gould,lithographed,J & E. Gould.
313,Charles Joseph Hullmandel,printed,C. Hullmandel.
314,John Gould,drew,J & E. Gould.
314,John Gould,lithographed,J & E. Gould.
314,Elizabeth Gould,drew,J & E. Gould.
314,Elizabeth Gould,lithographed,J & E. Gould.
314,Charles Joseph Hullmandel,printed,C. Hullmandel.
315,John Gould,drew,J & E. Gould.
315,John Gould,lithographed,J & E. Gould.
315,Elizabeth Gould,drew,J & E. Gould.
315,Elizabeth Gould,lithographed,J & E. Gould.
315,Charles Joseph Hullmandel,printed,C. Hullmandel.
316,John Gould,drew,J & E. Gould.
316,John Gould,lithographed,J & E. Gould.
316,Elizabeth Gould,drew,J & E. Gould.
316,Elizabeth Gould,lithographed,J & E. Gould.
316,Charles Joseph Hullmandel,printed,C. Hullmandel.
317,John Gould,drew,J & E. Gould.
317,John Gould,lithographed,J & E. Gould.
317,Elizabeth Gould,drew,J & E. Gould.
317,Elizabeth Gould,lithographed,J & E. Gould.
317,Charles Joseph Hullmandel,printed,C. Hullmandel.
318,John Gould,drew,J & E Gould.
318,John Gould,lithographed,J & E Gould.
318,Elizabeth Gould,drew,J & E Gould.
318,Elizabeth Gould,lithographed,J & E Gould.
318,Charles Joseph Hullmandel,printed,C Hullmandel.
319,John Gould,drew,J & E. Gould.
319,John Gould,lithographed,J & E. Gould.
319,Elizabeth Gould,drew,J & E. Gould.
319,Elizabeth Gould,lithographed,J & E. Gould.
319,Charles Joseph Hullmandel,printed,C. Hullmandel.
320,John Gould,drew,J & E. Gould.
320,John Gould,lithographed,J & E. Gould.
320,Elizabeth Gould,drew,J & E. Gould.
320,Elizabeth Gould,lithographed,J & E. Gould.
320,Charles Joseph Hullmandel,printed,C. Hullmandel.
321,John Gould,drew,J & E. Gould.
321,John Gould,lithographed,J & E. Gould.
321,Elizabeth Gould,drew,J & E. Gould.
321,Elizabeth Gould,lithographed,J & E. Gould.
321,Charles Joseph Hullmandel,printed,C. Hullmandel.
322,John Gould,drew,J & E. Gould.
322,John Gould,lithographed,J & E. Gould.
322,Elizabeth Gould,drew,J & E. Gould.
322,Elizabeth Gould,lithographed,J & E. Gould.
322,Charles Joseph Hullmandel,printed,C. Hullmandel.
323,John Gould,drew,J & E. Gould
323,John Gould,lithographed,J & E. Gould
323,Elizabeth Gould,drew,J & E. Gould
323,Elizabeth Gould,lithographed,J & E. Gould
323,Charles Joseph Hullmandel,printed,C. Hullmandel.
324,John Gould,drew,J & E. Gould.
324,John Gould,lithographed,J & E. Gould.
324,Elizabeth Gould,drew,J & E. Gould.
324,Elizabeth Gould,lithographed,J & E. Gould.
324,Charles Joseph Hullmandel,printed,C. Hullmandel.
325,John Gould,drew,J & E. Gould.
325,John Gould,lithographed,J & E. Gould.
325,Elizabeth Gould,drew,J & E. Gould.
325,Elizabeth Gould,lithographed,J & E. Gould.
325,Charles Joseph Hullmandel,printed,C. Hullmandel.
326,John Gould,drew,J & E. Gould.
326,John Gould,lithographed,J & E. Gould.
326,Elizabeth Gould,drew,J & E. Gould.
326,Elizabeth Gould,lithographed,J & E. Gould.
326,Charles Joseph Hullmandel,printed,C. Hullmandel.
327,John Gould,drew,J & E. Gould.
327,John Gould,lithographed,J & E. Gould.
327,Elizabeth Gould,drew,J & E. Gould.
327,Elizabeth Gould,lithographed,J & E. Gould.
327,Charles Joseph Hullmandel,printed,C. Hullmandel.
328,John Gould,drew,J & E. Gould.
328,John Gould,lithographed,J & E. Gould.
328,Elizabeth Gould,drew,J & E. Gould.
328,Elizabeth Gould,lithographed,J & E. Gould.
328,Charles Joseph Hullmandel,printed,C. Hullmandel.
329,John Gould,drew,J & E Gould.
329,John Gould,lithographed,J & E Gould.
329,Elizabeth Gould,drew,J & E Gould.
329,Elizabeth Gould,lithographed,J & E Gould.
329,Charles Joseph Hullmandel,printed,C. Hullmandel.
330,John Gould,drew,J & E. Gould
330,John Gould,lithographed,J & E. Gould
330,Elizabeth Gould,drew,J & E. Gould
330,Elizabeth Gould,lithographed,J & E. Gould
330,Charles Joseph Hullmandel,printed,C. Hullmandel.
331,John Gould,drew,J & E. Gould.
331,John Gould,lithographed,J & E. Gould.
331,Elizabeth Gould,drew,J & E. Gould.
331,Elizabeth Gould,lithographed,J & E. Gould.
331,Charles Joseph Hullmandel,printed,C. Hullmandel.
332,John Gould,drew,J & E Gould.
332,John Gould,lithographed,J & E Gould.
332,Elizabeth Gould,drew,J & E Gould.
332,Elizabeth Gould,lithographed,J & E Gould.
332,Charles Joseph Hullmandel,printed,C. Hullmandel
333,John Gould,drew,J & E. Gould.
333,John Gould,lithographed,J & E. Gould.
333,Elizabeth Gould,drew,J & E. Gould.
333,Elizabeth Gould,lithographed,J & E. Gould.
333,Charles Joseph Hullmandel,printed,C. Hullmandel.
334,John Gould,drew,J & E. Gould.
334,John Gould,lithographed,J & E. Gould.
334,Elizabeth Gould,drew,J & E. Gould.
334,Elizabeth Gould,lithographed,J & E. Gould.
334,Charles Joseph Hullmandel,printed,C. Hullmandel.
335,John Gould,drew,J & E. Gould.
335,John Gould,lithographed,J & E. Gould.
335,Elizabeth Gould,drew,J & E. Gould.
335,Elizabeth Gould,lithographed,J & E. Gould.
335,Charles Joseph Hullmandel,printed,C. Hullmandel.
336,John Gould,drew,J & E. Gould.
336,John Gould,lithographed,J & E. Gould.
336,Elizabeth Gould,drew,J & E. Gould.
336,Elizabeth Gould,lithographed,J & E. Gould.
336,Charles Joseph Hullmandel,printed,C. Hullmandel.
337,John Gould,drew,J & E. Gould.
337,John Gould,lithographed,J & E. Gould.
337,Elizabeth Gould,drew,J & E. Gould.
337,Elizabeth Gould,lithographed,J & E. Gould.
337,Charles Joseph Hullmandel,printed,C. Hullmandel.
338,Edward Lear,drew,E. Lear
338,Edward Lear,lithographed,E. Lear
338,Charles Joseph Hullmandel,printed,C. Hullmandel.
339,John Gould,drew,J & E. Gould.
339,John Gould,lithographed,J & E. Gould.
339,Elizabeth Gould,drew,J & E. Gould.
339,Elizabeth Gould,lithographed,J & E. Gould.
339,Charles Joseph Hullmandel,printed,C. Hullmandel.
341,John Gould,drew,J & E. Gould
341,John Gould,lithographed,J & E. Gould
341,Elizabeth Gould,drew,J & E. Gould
341,Elizabeth Gould,lithographed,J & E. Gould
341,Charles Joseph Hullmandel,printed,C. Hullmandel
342,John Gould,drew,J & E. Gould.
342,John Gould,lithographed,J & E. Gould.
342,Elizabeth Gould,drew,J & E. Gould.
342,Elizabeth Gould,lithographed,J & E. Gould.
342,Charles Joseph Hullmandel,printed,C. Hullmandel.
343,John Gould,drew,J & E. Gould.
343,John Gould,lithographed,J & E. Gould.
343,Elizabeth Gould,drew,J & E. Gould.
343,Elizabeth Gould,lithographed,J & E. Gould.
343,Charles Joseph Hullmandel,printed,C. Hullmandel.
344,John Gould,drew,J & E. Gould.
344,John Gould,lithographed,J & E. Gould.
344,Elizabeth Gould,drew,J & E. Gould.
344,Elizabeth Gould,lithographed,J & E. Gould.
344,Charles Joseph Hullmandel,printed,C. Hullmandel.
345,John Gould,drew,J & E. Gould.
345,John Gould,lithographed,J & E. Gould.
345,Elizabeth Gould,drew,J & E. Gould.
345,Elizabeth Gould,lithographed,J & E. Gould.
345,Charles Joseph Hullmandel,printed,C. Hullmandel.
346,John Gould,drew,J & E. Gould.
346,John Gould,lithographed,J & E. Gould.
346,Elizabeth Gould,drew,J & E. Gould.
346,Elizabeth Gould,lithographed,J & E. Gould.
346,Charles Joseph Hullmandel,printed,C. Hullmandel.
348,Edward Lear,drew,E. Lear
348,Charles Joseph Hullmandel,printed,C. Hullmandel.
349,John Gould,drew,J & E. Gould.
349,John Gould,lithographed,J & E. Gould.
349,Elizabeth Gould,drew,J & E. Gould.
349,Elizabeth Gould,lithographed,J & E. Gould.
349,Charles Joseph Hullmandel,printed,C. Hullmandel.
350,John Gould,drew,J & E. Gould.
350,John Gould,lithographed,J & E. Gould.
350,Elizabeth Gould,drew,J & E. Gould.
350,Elizabeth Gould,lithographed,J & E. Gould.
350,Charles Joseph Hullmandel,printed,C. Hullmandel.
351,Edward Lear,drew,E. Lear
351,Edward Lear,lithographed,E. Lear
351,Charles Joseph Hullmandel,printed,C. Hullmandel.
353,Edward Lear,drew,E Lear
353,Edward Lear,lithographed,E Lear
353,Charles Joseph Hullmandel,printed,C Hullmandel
354,Edward Lear,drew,E. Lear
354,Edward Lear,lithographed,E. Lear
354,Charles Joseph Hullmandel,printed,C. Hullmandel.
355,Edward Lear,drew,E. Lear
355,Edward Lear,lithographed,E. Lear
355,Charles Joseph Hullmandel,printed,C. Hullmandel.
356,Edward Lear,drew,ELear
356,Edward Lear,lithographed,ELear
356,Charles Joseph Hullmandel,printed,C. Hullmandel.
357,John Gould,drew,J & E. Gould.
357,John Gould,lithographed,J & E. Gould.
357,Elizabeth Gould,drew,J & E. Gould.
357,Elizabeth Gould,lithographed,J & E. Gould.
357,Charles Joseph Hullmandel,printed,C. Hullmandel.
358,John Gould,drew,J & E. Gould.
358,John Gould,lithographed,J & E. Gould.
358,Elizabeth Gould,drew,J & E. Gould.
358,Elizabeth Gould,lithographed,J & E. Gould.
358,Charles Joseph Hullmandel,printed,C. Hullmandel.
359,John Gould,drew,J & E. Gould.
359,John Gould,lithographed,J & E. Gould.
359,Elizabeth Gould,drew,J & E. Gould.
359,Elizabeth Gould,lithographed,J & E. Gould.
359,Charles Joseph Hullmandel,printed,C. Hullmandel.
360,John Gould,drew,J & E. Gould.
360,John Gould,lithographed,J & E. Gould.
360,Elizabeth Gould,drew,J & E. Gould.
360,Elizabeth Gould,lithographed,J & E. Gould.
360,Charles Joseph Hullmandel,printed,C. Hullmandel.
361,John Gould,drew,J & E. Gould.
361,John Gould,lithographed,J & E. Gould.
361,Elizabeth Gould,drew,J & E. Gould.
361,Elizabeth Gould,lithographed,J & E. Gould.
361,Charles Joseph Hullmandel,printed,C. Hullmandel.
362,John Gould,drew,J & E. Gould.
362,John Gould,lithographed,J & E. Gould.
362,Elizabeth Gould,drew,J & E. Gould.
362,Elizabeth Gould,lithographed,J & E. Gould.
362,Charles Joseph Hullmandel,printed,C. Hullmandel.
363,John Gould,drew,J & E. Gould.
363,John Gould,lithographed,J & E. Gould.
363,Elizabeth Gould,drew,J & E. Gould.
363,Elizabeth Gould,lithographed,J & E. Gould.
363,Charles Joseph Hullmandel,printed,C. Hullmandel.
364,John Gould,drew,J & E. Gould.
364,John Gould,lithographed,J & E. Gould.
364,Elizabeth Gould,drew,J & E. Gould.
364,Elizabeth Gould,lithographed,J & E. Gould.
364,Charles Joseph Hullmandel,printed,C. Hullmandel.
365,John Gould,drew,J & E. Gould.
365,John Gould,lithographed,J & E. Gould.
365,Elizabeth Gould,drew,J & E. Gould.
365,Elizabeth Gould,lithographed,J & E. Gould.
365,Charles Joseph Hullmandel,printed,C. Hullmandel.
366,John Gould,drew,J & E. Gould.
366,John Gould,lithographed,J & E. Gould.
366,Elizabeth Gould,drew,J & E. Gould.
366,Elizabeth Gould,lithographed,J & E. Gould.
366,Charles Joseph Hullmandel,printed,C. Hullmandel.
367,John Gould,drew,J & E. Gould.
367,John Gould,lithographed,J & E. Gould.
367,Elizabeth Gould,drew,J & E. Gould.
367,Elizabeth Gould,lithographed,J & E. Gould.
367,Charles Joseph Hullmandel,printed,C. Hullmandel
368,John Gould,drew,J & E. Gould.
368,John Gould,lithographed,J & E. Gould.
368,Elizabeth Gould,drew,J & E. Gould.
368,Elizabeth Gould,lithographed,J & E. Gould.
368,Charles Joseph Hullmandel,printed,C. Hullmandel.
369,John Gould,drew,J & E. Gould
369,John Gould,lithographed,J & E. Gould
369,Elizabeth Gould,drew,J & E. Gould
369,Elizabeth Gould,lithographed,J & E. Gould
369,Charles Joseph Hullmandel,printed,C. Hullmandel.
370,John Gould,drew,J & E. Gould.
370,John Gould,lithographed,J & E. Gould.
370,Elizabeth Gould,drew,J & E. Gould.
370,Elizabeth Gould,lithographed,J & E. Gould.
370,Charles Joseph Hullmandel,printed,C. Hullmandel.
371,John Gould,drew,J & E. Gould.
371,John Gould,lithographed,J & E. Gould.
371,Elizabeth Gould,drew,J & E. Gould.
371,Elizabeth Gould,lithographed,J & E. Gould.
371,Charles Joseph Hullmandel,printed,C. Hullmandel.
373,John Gould,drew,J & E. Gould.
373,John Gould,lithographed,J & E. Gould.
373,Elizabeth Gould,drew,J & E. Gould.
373,Elizabeth Gould,lithographed,J & E. Gould.
373,Charles Joseph Hullmandel,printed,C. Hullmandel.
374,John Gould,drew,J & E. Gould.
374,John Gould,lithographed,J & E. Gould.
374,Elizabeth Gould,drew,J & E. Gould.
374,Elizabeth Gould,lithographed,J & E. Gould.
374,Charles Joseph Hullmandel,printed,C. Hullmandel.
375,John Gould,drew,J & E. Gould.
375,John Gould,lithographed,J & E. Gould.
375,Elizabeth Gould,drew,J & E. Gould.
375,Elizabeth Gould,lithographed,J & E. Gould.
375,Charles Joseph Hullmandel,printed,C. Hullmandel.
376,John Gould,drew,J & E. Gould.
376,John Gould,lithographed,J & E. Gould.
376,Elizabeth Gould,drew,J & E. Gould.
376,Elizabeth Gould,lithographed,J & E. Gould.
376,Charles Joseph Hullmandel,printed,C. Hullmandel.
377,John Gould,drew,J & E. Gould.
377,John Gould,lithographed,J & E. Gould.
377,Elizabeth Gould,drew,J & E. Gould.
377,Elizabeth Gould,lithographed,J & E. Gould.
377,Charles Joseph Hullmandel,printed,C. Hullmandel.
378,John Gould,drew,J & E. Gould.
378,John Gould,lithographed,J & E. Gould.
378,Elizabeth Gould,drew,J & E. Gould.
378,Elizabeth Gould,lithographed,J & E. Gould.
378,Charles Joseph Hullmandel,printed,C. Hullmandel.
379,John Gould,drew,J & E. Gould.
379,John Gould,lithographed,J & E. Gould.
379,Elizabeth Gould,drew,J & E. Gould.
379,Elizabeth Gould,lithographed,J & E. Gould.
379,Charles Joseph Hullmandel,printed,C. Hullmandel.
380,John Gould,drew,J & E. Gould.
380,John Gould,lithographed,J & E. Gould.
380,Elizabeth Gould,drew,J & E. Gould.
380,Elizabeth Gould,lithographed,J & E. Gould.
380,Charles Joseph Hullmandel,printed,C. Hullmandel.
381,John Gould,drew,J & E. Gould.
381,John Gould,lithographed,J & E. Gould.
381,Elizabeth Gould,drew,J & E. Gould.
381,Elizabeth Gould,lithographed,J & E. Gould.
381,Charles Joseph Hullmandel,printed,C. Hullmandel.
382,John Gould,drew,J & E. Gould.
382,John Gould,lithographed,J & E. Gould.
382,Elizabeth Gould,drew,J & E. Gould.
382,Elizabeth Gould,lithographed,J & E. Gould.
382,Charles Joseph Hullmandel,printed,C. Hullmandel.
383,John Gould,drew,J & E. Gould.
383,John Gould,lithographed,J & E. Gould.
383,Elizabeth Gould,drew,J & E. Gould.
383,Elizabeth Gould,lithographed,J & E. Gould.
383,Charles Joseph Hullmandel,printed,C. Hullmandel.
384,John Gould,drew,J & E. Gould.
384,John Gould,lithographed,J & E. Gould.
384,Elizabeth Gould,drew,J & E. Gould.
384,Elizabeth Gould,lithographed,J & E. Gould.
384,Charles Joseph Hullmandel,printed,C. Hullmandel.
385,John Gould,drew,J & E. Gould.
385,John Gould,lithographed,J & E. Gould.
385,Elizabeth Gould,drew,J & E. Gould.
385,Elizabeth Gould,lithographed,J & E. Gould.
385,Charles Joseph Hullmandel,printed,C. Hullmandel.
386,John Gould,drew,J & E. Gould.
386,John Gould,lithographed,J & E. Gould.
386,Elizabeth Gould,drew,J & E. Gould.
386,Elizabeth Gould,lithographed,J & E. Gould.
386,Charles Joseph Hullmandel,printed,C. Hullmandel.
388,John Gould,drew,J & E. Gould.
388,John Gould,lithographed,J & E. Gould.
388,Elizabeth Gould,drew,J & E. Gould.
388,Elizabeth Gould,lithographed,J & E. Gould.
388,Charles Joseph Hullmandel,printed,C. Hullmandel.
390,John Gould,drew,J & E. Gould.
390,John Gould,lithographed,J & E. Gould.
390,Elizabeth Gould,drew,J & E. Gould.
390,Elizabeth Gould,lithographed,J & E. Gould.
390,Charles Joseph Hullmandel,printed,C. Hullmandel.
391,John Gould,drew,J & E. Gould.
391,John Gould,lithographed,J & E. Gould.
391,Elizabeth Gould,drew,J & E. Gould.
391,Elizabeth Gould,lithographed,J & E. Gould.
391,Charles Joseph Hullmandel,printed,C. Hullmandel.
392,John Gould,drew,J & E. Gould.
392,John Gould,lithographed,J & E. Gould.
392,Elizabeth Gould,drew,J & E. Gould.
392,Elizabeth Gould,lithographed,J & E. Gould.
392,Charles Joseph Hullmandel,printed,C. Hullmandel.
393,John Gould,drew,J & E. Gould.
393,John Gould,lithographed,J & E. Gould.
393,Elizabeth Gould,drew,J & E. Gould.
393,Elizabeth Gould,lithographed,J & E. Gould.
393,Charles Joseph Hullmandel,printed,C. Hullmandel.
394,John Gould,drew,J & E. Gould.
394,John Gould,lithographed,J & E. Gould.
394,Elizabeth Gould,drew,J & E. Gould.
394,Elizabeth Gould,lithographed,J & E. Gould.
394,Charles Joseph Hullmandel,printed,C. Hullmandel.
396,John Gould,drew,J & E. Gould.
396,John Gould,lithographed,J & E. Gould.
396,Elizabeth Gould,drew,J & E. Gould.
396,Elizabeth Gould,lithographed,J & E. Gould.
396,Charles Joseph Hullmandel,printed,C. Hullmandel.
397,John Gould,drew,J & E. Gould.
397,John Gould,lithographed,J & E. Gould.
397,Elizabeth Gould,drew,J & E. Gould.
397,Elizabeth Gould,lithographed,J & E. Gould.
397,Charles Joseph Hullmandel,printed,C. Hullmandel.
398,John Gould,drew,J & E. Gould.
398,John Gould,lithographed,J & E. Gould.
398,Elizabeth Gould,drew,J & E. Gould.
398,Elizabeth Gould,lithographed,J & E. Gould.
398,Charles Joseph Hullmandel,printed,C. Hullmandel.
399,John Gould,drew,J & E. Gould.
399,John Gould,lithographed,J & E. Gould.
399,Elizabeth Gould,drew,J & E. Gould.
399,Elizabeth Gould,lithographed,J & E. Gould.
399,Charles Joseph Hullmandel,printed,C. Hullmandel.
400,John Gould,drew,J & E. Gould.
400,John Gould,lithographed,J & E. Gould.
400,Elizabeth Gould,drew,J & E. Gould.
400,Elizabeth Gould,lithographed,J & E. Gould.
400,Charles Joseph Hullmandel,printed,C. Hullmandel.
401,John Gould,drew,J & E. Gould.
401,John Gould,lithographed,J & E. Gould.
401,Elizabeth Gould,drew,J & E. Gould.
401,Elizabeth Gould,lithographed,J & E. Gould.
401,Charles Joseph Hullmandel,printed,C. Hullmandel.
402,John Gould,drew,J & E. Gould.
402,John Gould,lithographed,J & E. Gould.
402,Elizabeth Gould,drew,J & E. Gould.
402,Elizabeth Gould,lithographed,J & E. Gould.
402,Charles Joseph Hullmandel,printed,C. Hullmandel.
403,John Gould,drew,J & E. Gould.
403,John Gould,lithographed,J & E. Gould.
403,Elizabeth Gould,drew,J & E. Gould.
403,Elizabeth Gould,lithographed,J & E. Gould.
403,Charles Joseph Hullmandel,printed,C Hullmandel.
404,John Gould,drew,J & E. Gould.
404,John Gould,lithographed,J & E. Gould.
404,Elizabeth Gould,drew,J & E. Gould.
404,Elizabeth Gould,lithographed,J & E. Gould.
404,Charles Joseph Hullmandel,printed,C. Hullmandel.
405,Charles Joseph Hullmandel,printed,C. Hullmandel.
406,Edward Lear,drew,E. Lear
406,Edward Lear,lithographed,E. Lear
406,Charles Joseph Hullmandel,printed,C. Hullmandel.
407,Charles Joseph Hullmandel,printed,C. Hullmandel
408,John Gould,drew,J & E. Gould.
408,John Gould,lithographed,J & E. Gould.
408,Elizabeth Gould,drew,J & E. Gould.
408,Elizabeth Gould,lithographed,J & E. Gould.
408,Charles Joseph Hullmandel,printed,C. Hullmandel.
409,John Gould,drew,J & E. Gould.
409,John Gould,lithographed,J & E. Gould.
409,Elizabeth Gould,drew,J & E. Gould.
409,Elizabeth Gould,lithographed,J & E. Gould.
409,Charles Joseph Hullmandel,printed,C. Hullmandel.
410,John Gould,drew,J & E. Gould.
410,John Gould,lithographed,J & E. Gould.
410,Elizabeth Gould,drew,J & E. Gould.
410,Elizabeth Gould,lithographed,J & E. Gould.
410,Charles Joseph Hullmandel,printed,C. Hullmandel.
411,Edward Lear,drew,E. Lear
411,Edward Lear,lithographed,E. Lear
411,Charles Joseph Hullmandel,printed,C. Hullmandel.
413,Edward Lear,drew,E Lear
413,Edward Lear,lithographed,E Lear
413,Charles Joseph Hullmandel,printed,C. Hullmandel.
414,John Gould,drew,J & E. Gould.
414,John Gould,lithographed,J & E. Gould.
414,Elizabeth Gould,drew,J & E. Gould.
414,Elizabeth Gould,lithographed,J & E. Gould.
414,Charles Joseph Hullmandel,printed,C. Hullmandel.
417,John Gould,drew,J & E. Gould.
417,John Gould,lithographed,J & E. Gould.
417,Elizabeth Gould,drew,J & E. Gould.
417,Elizabeth Gould,lithographed,J & E. Gould.
417,Charles Joseph Hullmandel,printed,C. Hullmandel.
418,John Gould,drew,J & E. Gould.
418,John Gould,lithographed,J & E. Gould.
418,Elizabeth Gould,drew,J & E. Gould.
418,Elizabeth Gould,lithographed,J & E. Gould.
418,Charles Joseph Hullmandel,printed,C. Hullmandel.
420,John Gould,drew,J & E. Gould.
420,John Gould,lithographed,J & E. Gould.
420,Elizabeth Gould,drew,J & E. Gould.
420,Elizabeth Gould,lithographed,J & E. Gould.
420,Charles Joseph Hullmandel,printed,C. Hullmandel.
421,John Gould,drew,J & E. Gould.
421,John Gould,lithographed,J & E. Gould.
421,Elizabeth Gould,drew,J & E. Gould.
421,Elizabeth Gould,lithographed,J & E. Gould.
421,Charles Joseph Hullmandel,printed,C. Hullmandel.
422,John Gould,drew,J & E. Gould.
422,John Gould,lithographed,J & E. Gould.
422,Elizabeth Gould,drew,J & E. Gould.
422,Elizabeth Gould,lithographed,J & E. Gould.
422,Charles Joseph Hullmandel,printed,C. Hullmandel.
423,John Gould,drew,J & E. Gould.
423,John Gould,lithographed,J & E. Gould.
423,Elizabeth Gould,drew,J & E. Gould.
423,Elizabeth Gould,lithographed,J & E. Gould.
423,Charles Joseph Hullmandel,printed,C. Hullmandel.
424,John Gould,drew,J & E. Gould.
424,John Gould,lithographed,J & E. Gould.
424,Elizabeth Gould,drew,J & E. Gould.
424,Elizabeth Gould,lithographed,J & E. Gould.
424,Charles Joseph Hullmandel,printed,C. Hullmandel.
425,John Gould,drew,J & E. Gould.
425,John Gould,lithographed,J & E. Gould.
425,Elizabeth Gould,drew,J & E. Gould.
425,Elizabeth Gould,lithographed,J & E. Gould.
425,Charles Joseph Hullmandel,printed,C. Hullmandel.
426,John Gould,drew,J & E. Gould.
426,John Gould,lithographed,J & E. Gould.
426,Elizabeth Gould,drew,J & E. Gould.
426,Elizabeth Gould,lithographed,J & E. Gould.
426,Charles Joseph Hullmandel,printed,C. Hullmandel.
427,John Gould,drew,J & E. Gould.
427,John Gould,lithographed,J & E. Gould.
427,Elizabeth Gould,drew,J & E. Gould.
427,Elizabeth Gould,lithographed,J & E. Gould.
427,Charles Joseph Hullmandel,printed,C. Hullmandel.
428,John Gould,drew,J & E. Gould.
428,John Gould,lithographed,J & E. Gould.
428,Elizabeth Gould,drew,J & E. Gould.
428,Elizabeth Gould,lithographed,J & E. Gould.
428,Charles Joseph Hullmandel,printed,C. Hullmandel.
429,John Gould,drew,J & E. Gould.
429,John Gould,lithographed,J & E. Gould.
429,Elizabeth Gould,drew,J & E. Gould.
429,Elizabeth Gould,lithographed,J & E. Gould.
429,Charles Joseph Hullmandel,printed,C. Hullmandel.
430,Edward Lear,drew,E. Lear
430,Edward Lear,lithographed,E. Lear
430,Charles Joseph Hullmandel,printed,C. Hullmandel.
432,Edward Lear,drew,E. Lear
432,Edward Lear,lithographed,E. Lear
432,Charles Joseph Hullmandel,printed,C. Hullmandel.
433,John Gould,drew,J & E. Gould.
433,John Gould,lithographed,J & E. Gould.
433,Elizabeth Gould,drew,J & E. Gould.
433,Elizabeth Gould,lithographed,J & E. Gould.
433,Charles Joseph Hullmandel,printed,C. Hullmandel.
434,John Gould,drew,J & E. Gould.
434,John Gould,lithographed,J & E. Gould.
434,Elizabeth Gould,drew,J & E. Gould.
434,Elizabeth Gould,lithographed,J & E. Gould.
434,Charles Joseph Hullmandel,printed,C. Hullmandel.
435,John Gould,drew,J & E. Gould.
435,John Gould,lithographed,J & E. Gould.
435,Elizabeth Gould,drew,J & E. Gould.
435,Elizabeth Gould,lithographed,J & E. Gould.
435,Charles Joseph Hullmandel,printed,C. Hullmandel.
436,John Gould,drew,J & E. Gould.
436,John Gould,lithographed,J & E. Gould.
436,Elizabeth Gould,drew,J & E. Gould.
436,Elizabeth Gould,lithographed,J & E. Gould.
436,Charles Joseph Hullmandel,printed,C. Hullmandel.
437,John Gould,drew,J & E. Gould.
437,John Gould,lithographed,J & E. Gould.
437,Elizabeth Gould,drew,J & E. Gould.
437,Elizabeth Gould,lithographed,J & E. Gould.
437,Charles Joseph Hullmandel,printed,C. Hullmandel.
438,Edward Lear,drew,E Lear
438,Edward Lear,lithographed,E Lear
438,Charles Joseph Hullmandel,printed,C. Hullmandel.
439,John Gould,drew,J & E Gould.
439,John Gould,lithographed,J & E Gould.
439,Elizabeth Gould,drew,J & E Gould.
439,Elizabeth Gould,lithographed,J & E Gould.
439,Charles Joseph Hullmandel,printed,C. Hullmandel.
440,John Gould,drew,J & E. Gould.
440,John Gould,lithographed,J & E. Gould.
440,Elizabeth Gould,drew,J & E. Gould.
440,Elizabeth Gould,lithographed,J & E. Gould.
440,Charles Joseph Hullmandel,printed,C. Hullmandel.
442,John Gould,drew,J & E. Gould.
442,John Gould,lithographed,J & E. Gould.
442,Elizabeth Gould,drew,J & E. Gould.
442,Elizabeth Gould,lithographed,J & E. Gould.
442,Charles Joseph Hullmandel,printed,C. Hullmandel.
443,John Gould,drew,J & E Gould.
443,John Gould,lithographed,J & E Gould.
443,Elizabeth Gould,drew,J & E Gould.
443,Elizabeth Gould,lithographed,J & E Gould.
443,Charles Joseph Hullmandel,printed,C. Hullmandel.
444,John Gould,drew,J & E. Gould.
444,John Gould,lithographed,J & E. Gould.
444,Elizabeth Gould,drew,J & E. Gould.
444,Elizabeth Gould,lithographed,J & E. Gould.
444,Charles Joseph Hullmandel,printed,C. Hullmandel.
445,John Gould,drew,J & E. Gould.
445,John Gould,lithographed,J & E. Gould.
445,Elizabeth Gould,drew,J & E. Gould.
445,Elizabeth Gould,lithographed,J & E. Gould.
445,Charles Joseph Hullmandel,printed,C. Hullmandel.
446,John Gould,drew,J & E. Gould.
446,John Gould,lithographed,J & E. Gould.
446,Elizabeth Gould,drew,J & E. Gould.
446,Elizabeth Gould,lithographed,J & E. Gould.
446,Charles Joseph Hullmandel,printed,C. Hullmandel.
447,John Gould,drew,J & E. Gould.
447,John Gould,lithographed,J & E. Gould.
447,Elizabeth Gould,drew,J & E. Gould.
447,Elizabeth Gould,lithographed,J & E. Gould.
447,Charles Joseph Hullmandel,printed,C. Hullmandel.
448,John Gould,drew,J & E. Gould.
448,John Gould,lithographed,J & E. Gould.
448,Elizabeth Gould,drew,J & E. Gould.
448,Elizabeth Gould,lithographed,J & E. Gould.
448,Charles Joseph Hullmandel,printed,C. Hullmandel.
449,John Gould,drew,J & E. Gould.
449,John Gould,lithographed,J & E. Gould.
449,Elizabeth Gould,drew,J & E. Gould.
449,Elizabeth Gould,lithographed,J & E. Gould.
449,Charles Joseph Hullmandel,printed,C. Hullmandel.
