volume,plate,ia_id,leaf,orientation,rotate,printed_latin,printed_english,modern_sci,birdnet_common,in_birdnet,confidence,printed_in_birdnet,printed_epithet_candidates,in_havell,havell_plate,in_gould_europe,europe_plate,young,note,ku_page_guess
I,1,birdsgreatbrita1goul,162,portrait,0,Neophron percnopterus,Egyptian Vulture,Neophron percnopterus,,False,high,,,False,,False,,False,,
I,2,birdsgreatbrita1goul,166,portrait,0,Aquila chrysaëtos,Golden Eagle,Aquila chrysaetos,Golden Eagle,True,high,exact,,True,181,True,6,False,,
I,3,birdsgreatbrita1goul,170,portrait,0,Aquila nævia,Spotted Eagle,Clanga clanga,Greater Spotted Eagle,True,low,probable,Locustella naevia;Sclateria naevia;Tapera naevia,False,,False,,False,British birds were Greater Spotted; 19th-c naevia mixes clanga and pomarina (check plate),
I,4,birdsgreatbrita1goul,174,portrait,0,Haliaëtus albicilla,Sea-Eagle,Haliaeetus albicilla,White-tailed Eagle,True,high,probable,Ficedula albicilla;Haliaeetus albicilla;Mohoua albicilla,False,,True,10,False,,
I,5,birdsgreatbrita1goul,178,portrait,0,Pandion haliaëtus,Osprey,Pandion haliaetus,Osprey,True,high,exact,,True,81,True,12,False,,
I,6,birdsgreatbrita1goul,182,portrait,0,Buteo vulgaris,Common Buzzard,Buteo buteo,Common Buzzard,True,high,probable,Sturnus vulgaris,False,,True,14,False,,
I,7,birdsgreatbrita1goul,186,portrait,0,Archibuteo lagopus,Rough-legged Buzzard,Buteo lagopus,Rough-legged Hawk,True,high,probable,Buteo lagopus;Lagopus lagopus,True,166,True,15,False,,
I,8,birdsgreatbrita1goul,190,portrait,0,Pernis apivorus,Honey-Buzzard,Pernis apivorus,European Honey-buzzard,True,high,exact,,False,,True,16,False,,
I,9,birdsgreatbrita1goul,194,portrait,0,Astur palumbarius,Goshawk,Accipiter gentilis,Northern Goshawk,True,high,,,True,141,True,17,False,,
I,10,birdsgreatbrita1goul,198,portrait,0,Accipiter nisus,Sparrow-Hawk,Accipiter nisus,Eurasian Sparrowhawk,True,high,exact,,False,,True,18,False,,
I,11,birdsgreatbrita1goul,202,portrait,0,Falco islandus,Iceland Falcon,Falco rusticolus,Gyrfalcon,True,high,,,True,196,True,19,False,,
I,12,birdsgreatbrita1goul,205,portrait,0,Falco islandus,Iceland Falcon (young),Falco rusticolus,Gyrfalcon,True,high,,,True,196,True,19,True,young,
I,13,birdsgreatbrita1goul,208,portrait,0,Falco candicans,Greenland Falcon,Falco rusticolus,Gyrfalcon,True,high,,,True,196,True,19,False,,
I,14,birdsgreatbrita1goul,212,portrait,0,Falco candicans,Greenland Falcon (dark race),Falco rusticolus,Gyrfalcon,True,high,,,True,196,True,19,False,,
I,15,birdsgreatbrita1goul,215,portrait,0,Falco candicans,"Greenland Falcon (dark race, young)",Falco rusticolus,Gyrfalcon,True,high,,,True,196,True,19,True,young,
I,16,birdsgreatbrita1goul,218,portrait,0,Falco gyrfalco,Norwegian or Gyr Falcon,Falco rusticolus,Gyrfalcon,True,high,,,True,196,True,19,False,,
I,17,birdsgreatbrita1goul,222,portrait,0,Falco peregrinus,Peregrine Falcon,Falco peregrinus,Peregrine Falcon,True,high,exact,,True,16,True,21,False,,
I,18,birdsgreatbrita1goul,226,portrait,0,Falco subbuteo,Hobby,Falco subbuteo,Eurasian Hobby,True,high,exact,,False,,True,22,False,,
I,19,birdsgreatbrita1goul,230,portrait,0,Falco æsalon,Merlin,Falco columbarius,Merlin,True,high,,,True,92,True,24,False,,
I,20,birdsgreatbrita1goul,234,portrait,0,Erythropus vespertinus,Orange-legged Hobby,Falco vespertinus,Red-footed Falcon,True,high,probable,Coccothraustes vespertinus;Falco vespertinus,False,,True,23,False,,
I,21,birdsgreatbrita1goul,238,portrait,0,Tinnunculus alaudarius,Kestrel,Falco tinnunculus,Eurasian Kestrel,True,high,,,False,,True,26,False,,
I,22,birdsgreatbrita1goul,242,portrait,0,Milvus regalis,Kite or Glede,Milvus milvus,Red Kite,True,high,probable,Buteo regalis,False,,True,28,False,,
I,23,birdsgreatbrita1goul,246,portrait,0,Milvus migrans,Black Kite,Milvus migrans,Black Kite,True,high,exact,,False,,True,29,False,,
I,24,birdsgreatbrita1goul,250,landscape,270,Circus æruginosus,Marsh-Harrier,Circus aeruginosus,Eurasian Marsh-Harrier,True,high,exact,,False,,True,32,False,,
I,25,birdsgreatbrita1goul,253,landscape,270,Circus æruginosus,Marsh-Harrier (young),Circus aeruginosus,Eurasian Marsh-Harrier,True,high,exact,,False,,True,32,True,young,
I,26,birdsgreatbrita1goul,256,landscape,270,Circus cyaneus,Hen-Harrier,Circus cyaneus,Hen Harrier,True,high,exact,,False,,True,33,False,,
I,27,birdsgreatbrita1goul,260,landscape,270,Circus cinerascens,Ash-coloured Harrier,Circus pygargus,Montagu's Harrier,True,high,probable,Cercomacra cinerascens;Dendrocitta cinerascens;Laticilla cinerascens;Melaniparus cinerascens;Myiarchus cinerascens;Nothoprocta cinerascens;Synallaxis cinerascens,False,,True,35,False,,
I,28,birdsgreatbrita1goul,264,portrait,0,Strix flammea,Barn-Owl,Tyto alba,Barn Owl,True,high,probable,Acanthis flammea,True,171,True,36,False,,
I,29,birdsgreatbrita1goul,268,portrait,0,Syrnium aluco,Tawny or Brown Owl,Strix aluco,Tawny Owl,True,high,probable,Strix aluco,False,,True,47,False,,
I,30,birdsgreatbrita1goul,272,portrait,0,Bubo maximus,Eagle Owl,Bubo bubo,Eurasian Eagle-Owl,True,high,probable,Aerodramus maximus;Saltator maximus;Thalasseus maximus,False,,True,37,False,,
I,31,birdsgreatbrita1goul,276,portrait,0,Otus vulgaris,Long-eared Owl,Asio otus,Long-eared Owl,True,high,probable,Sturnus vulgaris,True,383,True,39,False,,
I,32,birdsgreatbrita1goul,280,landscape,270,Brachyotus palustris,Short-eared Owl,Asio flammeus,Short-eared Owl,True,high,probable,Acrocephalus palustris;Cistothorus palustris;Lithobates palustris;Megalurus palustris;Poecile palustris;Sporophila palustris,True,432,True,40,False,,
I,33,birdsgreatbrita1goul,284,portrait,0,Scops zorca,Scops Owl,Otus scops,Eurasian Scops-Owl,True,high,,,False,,True,41,False,,
I,34,birdsgreatbrita1goul,288,portrait,0,Nyctea nivea,Snowy Owl,Bubo scandiacus,Snowy Owl,True,high,,,True,121,True,43,False,,
I,35,birdsgreatbrita1goul,292,portrait,0,Surnia funerea,Hawk Owl,Surnia ulula,Northern Hawk Owl,True,high,probable,Sporophila funerea;Vidua funerea,True,378,True,45,False,,
I,36,birdsgreatbrita1goul,296,portrait,0,Nyctale Tengmalmi,Tengmalm's Owl,Aegolius funereus,Boreal Owl,True,high,,,True,380,True,49,False,,
I,37,birdsgreatbrita1goul,300,portrait,0,Athene noctua,Little Owl,Athene noctua,Little Owl,True,high,exact,,False,,True,48,False,,
II,1,birdsgreatbrita2goul,12,landscape,270,Caprimulgus europæus,"Nightjar, or Goatsucker",Caprimulgus europaeus,Eurasian Nightjar,True,high,exact,,False,,True,51,False,,ku-gould:9249
II,2,birdsgreatbrita2goul,16,landscape,270,Caprimulgus ruficollis,Red-necked Goatsucker,Caprimulgus ruficollis,Red-necked Nightjar,True,high,exact,,False,,True,52,False,,ku-gould:9245
II,3,birdsgreatbrita2goul,20,portrait,0,Cypselus apus,Swift,Apus apus,Common Swift,True,high,probable,Apus apus,False,,True,53,False,,ku-gould:9241
II,4,birdsgreatbrita2goul,24,portrait,0,Cypselus melba,Alpine Swift,Apus melba,Alpine Swift,True,high,probable,Apus melba;Pytilia melba,False,,True,53,False,,ku-gould:9237
II,5,birdsgreatbrita2goul,28,portrait,0,Hirundo rustica,Swallow,Hirundo rustica,Barn Swallow,True,high,exact,,True,173,True,54,False,,ku-gould:9233
II,6,birdsgreatbrita2goul,32,portrait,0,Chelidon urbica,House-Martin,Delichon urbicum,Common House-Martin,True,high,,,False,,True,57,False,,ku-gould:9229
II,7,birdsgreatbrita2goul,36,portrait,0,Cotyle riparia,Sand-Martin,Riparia riparia,Bank Swallow,True,high,probable,Riparia riparia,True,385,True,58,False,,ku-gould:9225
II,8,birdsgreatbrita2goul,39,landscape,270,Cotyle riparia,Sand-Martin (young),Riparia riparia,Bank Swallow,True,high,probable,Riparia riparia,True,385,True,58,True,young,ku-gould:9222
II,9,birdsgreatbrita2goul,42,portrait,0,Merops apiaster,Bee-eater,Merops apiaster,European Bee-eater,True,high,exact,,False,,True,59,False,,ku-gould:9219
II,10,birdsgreatbrita2goul,46,portrait,0,Alcedo ispida,Kingfisher,Alcedo atthis,Common Kingfisher,True,high,,,False,,True,61,False,,ku-gould:9215
II,11,birdsgreatbrita2goul,50,portrait,0,Coracias garrula,Roller,Coracias garrulus,European Roller,True,high,probable,Ortalis garrula,False,,True,60,False,,ku-gould:9211
II,12,birdsgreatbrita2goul,54,portrait,0,Upupa epops,Hoopoe,Upupa epops,Eurasian Hoopoe,True,high,exact,,False,,True,238,False,,ku-gould:9207
II,13,birdsgreatbrita2goul,58,portrait,0,Lanius excubitor,Great Grey Shrike,Lanius excubitor,Great Gray Shrike,True,high,exact,,False,,True,66,False,,ku-gould:9203
II,14,birdsgreatbrita2goul,62,portrait,0,Lanius minor,Rose-breasted Shrike,Lanius minor,Lesser Gray Shrike,True,high,exact,,False,,True,68,False,,ku-gould:9199
II,15,birdsgreatbrita2goul,66,portrait,0,Enneoctonus collurio,Butcher-bird,Lanius collurio,Red-backed Shrike,True,high,probable,Lanius collurio,False,,True,69,False,,ku-gould:9195
II,16,birdsgreatbrita2goul,70,portrait,0,Enneoctonus rufus,Woodchat,Lanius senator,Woodchat Shrike,True,high,probable,Antrostomus rufus;Attila rufus;Bathmocercus rufus;Casiornis rufus;Furnarius rufus;Neocossyphus rufus;Pachyramphus rufus;Selasphorus rufus;Tachyphonus rufus;Trogon rufus,False,,True,70,False,,ku-gould:9191
II,17,birdsgreatbrita2goul,74,portrait,0,Muscicapa atricapilla,Pied Flycatcher,Ficedula hypoleuca,European Pied Flycatcher,True,high,probable,Donacobius atricapilla;Lonchura atricapilla;Megascops atricapilla;Sylvia atricapilla;Vireo atricapilla;Zonotrichia atricapilla;Zosterops atricapilla,False,,True,63,False,,ku-gould:9187
II,18,birdsgreatbrita2goul,78,portrait,0,Muscicapa collaris,White-collared Flycatcher,Ficedula albicollis,Collared Flycatcher,True,high,probable,Aythya collaris;Charadrius collaris;Hedydipna collaris;Lanius collaris;Microbates collaris;Prunella collaris;Sporophila collaris;Trogon collaris,False,,True,63,False,,ku-gould:9183
II,19,birdsgreatbrita2goul,82,portrait,0,Butalis grisola,Spotted Flycatcher,Muscicapa striata,Spotted Flycatcher,True,high,,,False,,True,65,False,,ku-gould:9179
II,20,birdsgreatbrita2goul,86,portrait,0,Erythrosterna parva,Red-breasted Flycatcher,Ficedula parva,Red-breasted Flycatcher,True,high,probable,Ficedula parva;Magumma parva;Zapornia parva,False,,True,64,False,,ku-gould:9175
II,21,birdsgreatbrita2goul,90,portrait,0,Ampelis garrulus,Waxen Chatterer,Bombycilla garrulus,Bohemian Waxwing,True,high,probable,Bombycilla garrulus;Coracias garrulus,True,363,True,160,False,,ku-gould:9171
II,22,birdsgreatbrita2goul,94,portrait,0,Sitta cæsia,Nuthatch,Sitta europaea,Eurasian Nuthatch,True,high,probable,Coracina caesia;Emberiza caesia,False,,True,234,False,,ku-gould:9167
II,23,birdsgreatbrita2goul,98,portrait,0,Parus major,Great Tit,Parus major,Great Tit,True,high,exact,,False,,True,150,False,,ku-gould:9163
II,24,birdsgreatbrita2goul,102,portrait,0,Parus cæruleus,Blue Tit,Cyanistes caeruleus,Eurasian Blue Tit,True,high,probable,Cyanerpes caeruleus;Cyanistes caeruleus;Cyanocorax caeruleus;Elanus caeruleus;Hydrornis caeruleus;Myophonus caeruleus,False,,True,154,False,,ku-gould:9159
II,25,birdsgreatbrita2goul,106,portrait,0,Parus ater,Coal Tit,Periparus ater,Coal Tit,True,high,probable,Daptrius ater;Haematopus ater;Lipaugus ater;Merulaxis ater;Molothrus ater;Periparus ater,False,,True,155,False,,ku-gould:9155
II,26,birdsgreatbrita2goul,110,portrait,0,Parus cristatus,Crested Tit,Lophophanes cristatus,Crested Tit,True,high,probable,Aegotheles cristatus;Colinus cristatus;Corythornis cristatus;Furnarius cristatus;Lanius cristatus;Lophophanes cristatus;Loriotus cristatus;Oxyruncus cristatus;Pavo cristatus;Podiceps cristatus;Psophodes cristatus;Sakesphorus cristatus,False,,True,156,False,,ku-gould:9151
II,27,birdsgreatbrita2goul,114,portrait,0,Pœcile palustris,Marsh Tit,Poecile palustris,Marsh Tit,True,high,exact,,False,,True,155,False,,ku-gould:9147
II,28,birdsgreatbrita2goul,118,portrait,0,Mecistura caudata,Long-tailed Tit,Aegithalos caudatus,Long-tailed Tit,True,high,probable,Argya caudata;Chiroxiphia caudata;Drymophila caudata;Inezia caudata;Locustella caudata,False,,True,157,False,,ku-gould:9143
II,29,birdsgreatbrita2goul,121,portrait,0,Mecistura caudata,Long-tailed Tit (young),Aegithalos caudatus,Long-tailed Tit,True,high,probable,Argya caudata;Chiroxiphia caudata;Drymophila caudata;Inezia caudata;Locustella caudata,False,,True,157,True,young,ku-gould:9140
II,30,birdsgreatbrita2goul,124,portrait,0,Calamophilus biarmicus,Bearded Tit,Panurus biarmicus,Bearded Reedling,True,high,probable,Panurus biarmicus,False,,True,158,False,,ku-gould:9137
II,31,birdsgreatbrita2goul,128,portrait,0,Oriolus galbula,Golden Oriole,Oriolus oriolus,Eurasian Golden Oriole,True,high,probable,Galbula galbula;Icterus galbula;Ploceus galbula,False,,True,71,False,,ku-gould:9133
II,32,birdsgreatbrita2goul,132,portrait,0,Turdus musicus,Thrush,Turdus philomelos,Song Thrush,True,high,probable,Bias musicus;Pomatorhinus musicus,False,,True,78,False,,ku-gould:9129
II,33,birdsgreatbrita2goul,136,portrait,0,Turdus viscivorus,Missel-Thrush,Turdus viscivorus,Mistle Thrush,True,high,exact,,False,,True,77,False,,ku-gould:9125
II,34,birdsgreatbrita2goul,140,portrait,0,Turdus iliacus,Redwing,Turdus iliacus,Redwing,True,high,exact,,False,,True,78,False,,ku-gould:9121
II,35,birdsgreatbrita2goul,144,portrait,0,Turdus pilaris,Fieldfare,Turdus pilaris,Fieldfare,True,high,exact,,False,,True,76,False,,ku-gould:9117
II,36,birdsgreatbrita2goul,148,portrait,0,Turdus atrogularis,Black-throated Thrush,Turdus atrogularis,Black-throated Thrush,True,high,exact,,False,,True,75,False,,ku-gould:9113
II,37,birdsgreatbrita2goul,152,portrait,0,Merula vulgaris,Blackbird,Turdus merula,Eurasian Blackbird,True,high,probable,Sturnus vulgaris,False,,True,72,False,,ku-gould:9109
II,38,birdsgreatbrita2goul,156,portrait,0,Merula torquata,Ring-Ouzel,Turdus torquatus,Ring Ouzel,True,high,probable,Chauna torquata;Hydropsalis torquata;Megaceryle torquata;Melanopareia torquata;Myrmornis torquata,False,,True,73,False,,ku-gould:9105
II,39,birdsgreatbrita2goul,160,portrait,0,Oreocincla aurea,White's Thrush,Zoothera aurea,White's Thrush,True,high,probable,Eupsittula aurea;Lalage aurea;Zoothera aurea,False,,True,81,False,,ku-gould:9101
II,40,birdsgreatbrita2goul,164,portrait,0,Cichloselys sibiricus,Siberian Thrush,Geokichla sibirica,Siberian Thrush,True,high,probable,Carpodacus sibiricus,False,,True,82,False,,ku-gould:9097
II,41,birdsgreatbrita2goul,168,landscape,270,Cinclus aquaticus,"Water-Ouzel, or Dipper",Cinclus cinclus,White-throated Dipper,True,high,probable,Rallus aquaticus,False,,True,83,False,,ku-gould:9093
II,42,birdsgreatbrita2goul,172,landscape,270,Cinclus melanogaster,Black-bellied Water-Ouzel,Cinclus cinclus,White-throated Dipper,True,high,probable,Anhinga melanogaster;Conopophaga melanogaster;Formicivora melanogaster;Piaya melanogaster;Ramphocelus melanogaster,False,,True,83,False,subspecies plate,ku-gould:9089
II,43,birdsgreatbrita2goul,176,portrait,0,Petrocossyphus cyanus,Blue Rock-Thrush,Monticola solitarius,Blue Rock-Thrush,True,high,probable,Chlorestes cyanus;Cyanistes cyanus;Cyanopica cyanus;Peneothello cyanus,False,,True,87,False,,ku-gould:9085
II,44,birdsgreatbrita2goul,180,portrait,0,Petrocincla saxatilis,Rock-Thrush,Monticola saxatilis,Rufous-tailed Rock-Thrush,True,high,probable,Monticola saxatilis,False,,True,86,False,,ku-gould:9081
II,45,birdsgreatbrita2goul,184,portrait,0,Saxicola œnanthe,Wheatear,Oenanthe oenanthe,Northern Wheatear,True,high,probable,Oenanthe oenanthe,False,,True,90,False,,ku-gould:9077
II,46,birdsgreatbrita2goul,188,portrait,0,Saxicola rubetra,Whinchat,Saxicola rubetra,Whinchat,True,high,exact,,False,,True,93,False,,ku-gould:9073
II,47,birdsgreatbrita2goul,192,portrait,0,Pratincola rubicola,"Stone-chat, or Furze-chat",Saxicola rubicola,European Stonechat,True,high,probable,Saxicola rubicola,False,,True,94,False,,ku-gould:9069
II,48,birdsgreatbrita2goul,196,portrait,0,Erythacus rubecula,"Robin, or Redbreast",Erithacus rubecula,European Robin,True,high,probable,Erithacus rubecula;Myiagra rubecula;Nonnula rubecula;Scelorchilus rubecula,False,,True,98,False,,ku-gould:9065
II,49,birdsgreatbrita2goul,200,portrait,0,Cyanecula suecica,Red-throated Bluebreast,Luscinia svecica,Bluethroat,True,high,,,False,,True,97,False,,ku-gould:9061
II,50,birdsgreatbrita2goul,204,portrait,0,Cyanecula leucocyana,White-throated Bluebreast,Luscinia svecica,Bluethroat,True,high,,,False,,True,97,False,subspecies plate,ku-gould:9057
II,51,birdsgreatbrita2goul,208,portrait,0,Ruticilla phœnicura,Redstart,Phoenicurus phoenicurus,Common Redstart,True,high,probable,Ammomanes phoenicura,False,,True,95,False,,ku-gould:9053
II,52,birdsgreatbrita2goul,212,portrait,0,Ruticilla tithys,Black Redstart,Phoenicurus ochruros,Black Redstart,True,high,probable,Synallaxis tithys,False,,True,96,False,,ku-gould:9049
II,53,birdsgreatbrita2goul,216,portrait,0,Aëdon galactodes,Rufous Sedge-Warbler,Cercotrichas galactotes,Rufous-tailed Scrub-Robin,True,high,,,False,,True,112,False,,ku-gould:9045
II,54,birdsgreatbrita2goul,220,portrait,0,Accentor alpinus,Alpine Accentor,Prunella collaris,Alpine Accentor,True,high,probable,Anairetes alpinus,False,,True,99,False,,ku-gould:9041
II,55,birdsgreatbrita2goul,224,portrait,0,Accentor modularis,"Hedge-Accentor, or Hedge-Sparrow",Prunella modularis,Dunnock,True,high,probable,Prunella modularis,False,,True,100,False,,ku-gould:9037
II,56,birdsgreatbrita2goul,228,portrait,0,Luscinia philomela,Nightingale,Luscinia megarhynchos,Common Nightingale,True,high,probable,Microcerculus philomela,False,,True,116,False,,ku-gould:9033
II,57,birdsgreatbrita2goul,232,portrait,0,Sylvia cinerea,Whitethroat,Curruca communis,Greater Whitethroat,True,high,probable,Apalis cinerea;Ardea cinerea;Batara cinerea;Calandrella cinerea;Coccycua cinerea;Coracina cinerea;Creatophora cinerea;Gallicrex cinerea;Motacilla cinerea;Pachycephala cinerea;Serpophaga cinerea;Struthidea cinerea;Synallaxis cinerea,False,,True,125,False,,ku-gould:9029
II,58,birdsgreatbrita2goul,236,portrait,0,Sylvia curruca,Lesser Whitethroat,Curruca curruca,Lesser Whitethroat,True,high,probable,Curruca curruca,False,,True,125,False,,ku-gould:9025
II,59,birdsgreatbrita2goul,240,portrait,0,Melizophilus provincialis,Dartford Warbler,Curruca undata,Dartford Warbler,True,high,,,False,,True,129,False,,ku-gould:9021
II,60,birdsgreatbrita2goul,244,portrait,0,Curruca atricapilla,Blackcap,Sylvia atricapilla,Eurasian Blackcap,True,high,probable,Donacobius atricapilla;Lonchura atricapilla;Megascops atricapilla;Sylvia atricapilla;Vireo atricapilla;Zonotrichia atricapilla;Zosterops atricapilla,False,,True,120,False,,ku-gould:9017
II,61,birdsgreatbrita2goul,248,portrait,0,Curruca orphea,Orphean Warbler,Curruca hortensis,Western Orphean Warbler,True,high,,,False,,True,119,False,,ku-gould:9013
II,62,birdsgreatbrita2goul,252,portrait,0,Curruca hortensis,Garden Warbler,Sylvia borin,Garden Warbler,True,high,exact,,False,,True,121,False,,ku-gould:9009
II,63,birdsgreatbrita2goul,256,portrait,0,Troglodytes europæus,Common Wren,Troglodytes troglodytes,Eurasian Wren,True,high,probable,Caprimulgus europaeus,True,360,True,130,False,,ku-gould:9005
II,64,birdsgreatbrita2goul,260,portrait,0,Certhia familiaris,Tree-creeper,Certhia familiaris,Eurasian Treecreeper,True,high,exact,,True,415,True,237,False,,ku-gould:9001
II,65,birdsgreatbrita2goul,264,portrait,0,Phyllopneuste trochilus,Willow-Wren,Phylloscopus trochilus,Willow Warbler,True,high,probable,Phylloscopus trochilus,False,,True,131,False,,ku-gould:8997
II,66,birdsgreatbrita2goul,268,portrait,0,Phyllopneuste rufa,Chiff-chaff,Phylloscopus collybita,Common Chiffchaff,True,high,probable,Alectoris rufa;Dendroma rufa;Formicivora rufa;Malacoptila rufa;Sarothrura rufa;Schetba rufa,False,,True,131,False,,ku-gould:8993
II,67,birdsgreatbrita2goul,272,portrait,0,Phyllopneuste sibilatrix,Wood-Wren,Phylloscopus sibilatrix,Wood Warbler,True,high,probable,Mareca sibilatrix;Phacellodomus sibilatrix;Phylloscopus sibilatrix;Syrigma sibilatrix,False,,True,131,False,,ku-gould:8989
II,68,birdsgreatbrita2goul,276,portrait,0,Reguloïdes superciliosus,Yellow-browed Warbler,Phylloscopus inornatus,Yellow-browed Warbler,True,high,probable,Acanthorhynchus superciliosus;Accipiter superciliosus;Artamus superciliosus;Centropus superciliosus;Merops superciliosus;Oriturus superciliosus;Pachyphantes superciliosus;Phaethornis superciliosus;Plocepasser superciliosus;Pomatostomus superciliosus,False,,False,,False,,ku-gould:8985
II,69,birdsgreatbrita2goul,280,portrait,0,Regulus cristatus,"Golden-crested Wren, or Kinglet",Regulus regulus,Goldcrest,True,high,probable,Aegotheles cristatus;Colinus cristatus;Corythornis cristatus;Furnarius cristatus;Lanius cristatus;Lophophanes cristatus;Loriotus cristatus;Oxyruncus cristatus;Pavo cristatus;Podiceps cristatus;Psophodes cristatus;Sakesphorus cristatus,False,,True,148,False,,ku-gould:8981
II,70,birdsgreatbrita2goul,284,portrait,0,Regulus ignicapillus,Fire-crested Wren,Regulus ignicapilla,Common Firecrest,True,high,,,False,,True,148,False,,ku-gould:8977
II,71,birdsgreatbrita2goul,288,portrait,0,Ficedula hypolais,Melodious Warbler,Hippolais icterina,Icterine Warbler,True,low,,,False,,True,133,False,"Gould's British ""Melodious Warbler"" (Hypolais icterina of Yarrell); check plate vs polyglotta",ku-gould:8973
II,72,birdsgreatbrita2goul,292,portrait,0,Acrocephalus turdoides,Thrush-Warbler,Acrocephalus arundinaceus,Great Reed Warbler,True,high,,,False,,True,106,False,,ku-gould:8969
II,73,birdsgreatbrita2goul,296,portrait,0,Calamoherpe arundinacea,Reed-Warbler,Acrocephalus scirpaceus,Eurasian Reed Warbler,True,high,,,False,,True,108,False,,ku-gould:8965
II,74,birdsgreatbrita2goul,300,portrait,0,Calamoherpe palustris,Marsh-Warbler,Acrocephalus palustris,Marsh Warbler,True,high,probable,Acrocephalus palustris;Cistothorus palustris;Lithobates palustris;Megalurus palustris;Poecile palustris;Sporophila palustris,False,,True,109,False,,ku-gould:8961
II,75,birdsgreatbrita2goul,304,portrait,0,Calamodyta phragmitis,"Sedge-Warbler, or Chat",Acrocephalus schoenobaenus,Sedge Warbler,True,high,,,False,,True,110,False,,ku-gould:8957
II,76,birdsgreatbrita2goul,308,portrait,0,Calamodyta aquatica,Aquatic Warbler,Acrocephalus paludicola,Aquatic Warbler,True,high,probable,Muscicapa aquatica,False,,True,111,False,,ku-gould:8953
II,77,birdsgreatbrita2goul,312,portrait,0,Lusciniopsis luscinioides,Savi's Warbler,Locustella luscinioides,Savi's Warbler,True,high,probable,Locustella luscinioides,False,,True,104,False,,ku-gould:8949
II,78,birdsgreatbrita2goul,316,landscape,270,Locustella avicula,Grasshopper Warbler,Locustella naevia,Common Grasshopper-Warbler,True,high,,,False,,True,103,False,,ku-gould:8945
III,1,birdsgreatbrita3goul,12,landscape,270,Motacilla Yarrelli,Pied Wagtail,Motacilla alba,White Wagtail,True,high,,,False,,True,141,False,subspecies (yarrellii),ku-gould:8923
III,2,birdsgreatbrita3goul,16,landscape,270,Motacilla alba,White Wagtail,Motacilla alba,White Wagtail,True,high,exact,,False,,True,141,False,,ku-gould:8919
III,3,birdsgreatbrita3goul,20,landscape,270,Budytes Rayi,Yellow Wagtail,Motacilla flava,Western Yellow Wagtail,True,high,,,False,,True,145,False,subspecies (flavissima),ku-gould:8915
III,4,birdsgreatbrita3goul,24,landscape,270,Budytes flava,Grey-headed Wagtail,Motacilla flava,Western Yellow Wagtail,True,high,probable,Campephaga flava;Chlorodrepanis flava;Motacilla flava;Piranga flava,False,,True,145,False,,ku-gould:8911
III,5,birdsgreatbrita3goul,28,landscape,270,Budytes cinereocapilla,Grey-capped Wagtail,Motacilla flava,Western Yellow Wagtail,True,high,,,False,,True,145,False,subspecies (cinereocapilla),ku-gould:8907
III,6,birdsgreatbrita3goul,32,landscape,270,Calobates sulphurea,Grey Wagtail (summer plumage),Motacilla cinerea,Gray Wagtail,True,high,probable,Gerygone sulphurea;Tyrannopsis sulphurea,False,,True,147,False,,ku-gould:8903
III,7,birdsgreatbrita3goul,35,landscape,270,Calobates sulphurea,Grey Wagtail (winter plumage),Motacilla cinerea,Gray Wagtail,True,high,probable,Gerygone sulphurea;Tyrannopsis sulphurea,False,,True,147,False,,ku-gould:8900
III,8,birdsgreatbrita3goul,38,landscape,270,Anthus Richardii,Richard's Pipit,Anthus richardi,Richard's Pipit,True,high,,,False,,True,135,False,,ku-gould:8897
III,9,birdsgreatbrita3goul,42,landscape,270,Anthus campestris,Tawny Pipit,Anthus campestris,Tawny Pipit,True,high,exact,,False,,True,137,False,,ku-gould:8893
III,10,birdsgreatbrita3goul,46,portrait,0,Anthus obscurus,Rock-Pipit,Anthus petrosus,Rock Pipit,True,high,probable,Dendragapus obscurus;Myadestes obscurus;Turdus obscurus,False,,False,,False,,ku-gould:8889
III,11,birdsgreatbrita3goul,50,portrait,0,Anthus spinoletta,Vinous Pipit,Anthus spinoletta,Water Pipit,True,high,exact,,False,,False,,False,,ku-gould:8885
III,12,birdsgreatbrita3goul,54,portrait,0,Anthus cervinus,Red-throated Pipit,Anthus cervinus,Red-throated Pipit,True,high,exact,,False,,True,140,False,,ku-gould:8881
III,13,birdsgreatbrita3goul,58,landscape,270,Anthus pratensis,"Meadow-Pipit, or Titlark",Anthus pratensis,Meadow Pipit,True,high,exact,,False,,True,136,False,,ku-gould:8877
III,14,birdsgreatbrita3goul,62,portrait,0,Anthus arboreus,Tree-Pipit,Anthus trivialis,Tree Pipit,True,high,,,False,,True,139,False,,ku-gould:8873
III,15,birdsgreatbrita3goul,66,portrait,0,Alauda arvensis,Sky-Lark,Alauda arvensis,Eurasian Skylark,True,high,exact,,False,,True,166,False,,ku-gould:8869
III,16,birdsgreatbrita3goul,70,portrait,0,Alauda arborea,Wood-Lark,Lullula arborea,Wood Lark,True,high,probable,Lullula arborea;Spizelloides arborea,False,,True,167,False,,ku-gould:8865
III,17,birdsgreatbrita3goul,74,landscape,270,Galerita cristata,Crested Lark,Galerida cristata,Crested Lark,True,high,probable,Cariama cristata;Corythaeola cristata;Coua cristata;Cyanocitta cristata;Elaenia cristata;Fulica cristata;Galerida cristata;Gubernatrix cristata;Habia cristata;Lophostrix cristata;Pseudoseisura cristata;Rhegmatorhina cristata,False,,True,165,False,,ku-gould:8861
III,18,birdsgreatbrita3goul,78,portrait,0,Otocoris alpestris,Shore-Lark,Eremophila alpestris,Horned Lark,True,high,probable,Eremophila alpestris,True,200,True,164,False,,ku-gould:8857
III,19,birdsgreatbrita3goul,82,portrait,0,Melanocorypha calandra,Calandra Lark,Melanocorypha calandra,Calandra Lark,True,high,exact,,False,,True,162,False,,ku-gould:8853
III,20,birdsgreatbrita3goul,86,portrait,0,Melanocorypha leucoptera,White-winged Lark,Alauda leucoptera,,False,high,probable,Henicorhina leucoptera;Loxia leucoptera;Piranga leucoptera;Psophia leucoptera;Pyriglena leucoptera;Sporophila leucoptera,False,,False,,False,,ku-gould:8849
III,21,birdsgreatbrita3goul,90,landscape,270,Calandrella brachydactyla,Short-toed Lark,Calandrella brachydactyla,Greater Short-toed Lark,True,high,exact,,False,,True,163,False,,ku-gould:8845
III,22,birdsgreatbrita3goul,94,portrait,0,Emberiza citrinella,"Yellowhammer, or Yellow Bunting",Emberiza citrinella,Yellowhammer,True,high,exact,,False,,True,173,False,,ku-gould:8841
III,23,birdsgreatbrita3goul,98,portrait,0,Emberiza cirlus,Cirl Bunting,Emberiza cirlus,Cirl Bunting,True,high,exact,,False,,True,175,False,,ku-gould:8837
III,24,birdsgreatbrita3goul,102,portrait,0,Emberiza rustica,Rustic Bunting,Emberiza rustica,Rustic Bunting,True,high,exact,,False,,True,177,False,,ku-gould:8833
III,25,birdsgreatbrita3goul,106,portrait,0,Emberiza pusilla,Dwarf Bunting,Emberiza pusilla,Little Bunting,True,high,exact,,False,,False,,False,,ku-gould:8829
III,26,birdsgreatbrita3goul,110,portrait,0,Crithophaga miliaria,Common Bunting,Emberiza calandra,Corn Bunting,True,high,,,False,,True,171,False,,ku-gould:8825
III,27,birdsgreatbrita3goul,114,portrait,0,Glycyspina hortulana,Ortolan Bunting,Emberiza hortulana,Ortolan Bunting,True,high,probable,Emberiza hortulana,False,,True,176,False,,ku-gould:8821
III,28,birdsgreatbrita3goul,118,portrait,0,Euspiza melanocephala,Black-headed Bunting,Emberiza melanocephala,Black-headed Bunting,True,high,probable,Apalis melanocephala;Ardea melanocephala;Arenaria melanocephala;Carpornis melanocephala;Curruca melanocephala;Emberiza melanocephala;Manorina melanocephala;Tricholaema melanocephala,False,,True,172,False,,ku-gould:8817
III,29,birdsgreatbrita3goul,122,portrait,0,Schœnicola arundinacea,Reed-Bunting,Emberiza schoeniclus,Reed Bunting,True,high,,,False,,True,182,False,,ku-gould:8813
III,30,birdsgreatbrita3goul,126,portrait,0,Centrophanes lapponica,Lapland Bunting,Calcarius lapponicus,Lapland Longspur,True,high,probable,Limosa lapponica,True,365,True,169,False,,ku-gould:8809
III,31,birdsgreatbrita3goul,130,portrait,0,Plectrophanes nivalis,"Snow-Bunting, or Snowflake",Plectrophenax nivalis,Snow Bunting,True,high,probable,Montifringilla nivalis;Plectrophenax nivalis,True,189,True,170,False,,ku-gould:8805
III,32,birdsgreatbrita3goul,134,portrait,0,Passer domesticus,Common or House-Sparrow,Passer domesticus,House Sparrow,True,high,exact,,True,none,True,184,False,,ku-gould:8801
III,33,birdsgreatbrita3goul,138,portrait,0,Passer montanus,Tree-Sparrow,Passer montanus,Eurasian Tree Sparrow,True,high,exact,,False,,True,184,False,,ku-gould:8797
III,34,birdsgreatbrita3goul,142,portrait,0,Fringilla cœlebs,Chaffinch,Fringilla coelebs,Common Chaffinch,True,high,exact,,False,,True,187,False,,ku-gould:8793
III,35,birdsgreatbrita3goul,146,portrait,0,Fringilla montifringilla,Bramblefinch,Fringilla montifringilla,Brambling,True,high,exact,,False,,True,188,False,,ku-gould:8789
III,36,birdsgreatbrita3goul,150,portrait,0,Carduelis elegans,Goldfinch,Carduelis carduelis,European Goldfinch,True,high,probable,Celeus elegans;Emberiza elegans;Eudromia elegans;Laniisoma elegans;Malurus elegans;Melanopareia elegans;Otus elegans;Periparus elegans;Phaps elegans;Pitta elegans;Platycercus elegans;Progne elegans;Rallus elegans;Sarothrura elegans;Thalasseus elegans;Trogon elegans;Xiphorhynchus elegans,True,none,True,196,False,,ku-gould:8785
III,37,birdsgreatbrita3goul,154,portrait,0,Chrysomitris spinus,Siskin,Spinus spinus,Eurasian Siskin,True,high,probable,Spinus spinus,False,,True,197,False,,ku-gould:8781
III,38,birdsgreatbrita3goul,158,portrait,0,Serinus hortulanus,Serin Finch,Serinus serinus,European Serin,True,high,,,False,,True,195,False,,ku-gould:8777
III,39,birdsgreatbrita3goul,162,portrait,0,Ligurinus chloris,Greenfinch,Chloris chloris,European Greenfinch,True,high,probable,Acanthisitta chloris;Chloris chloris;Nicator chloris;Piprites chloris;Todiramphus chloris,False,,True,200,False,,ku-gould:8773
III,40,birdsgreatbrita3goul,166,portrait,0,Coccothraustes vulgaris,Hawfinch,Coccothraustes coccothraustes,Hawfinch,True,high,probable,Sturnus vulgaris,False,,True,199,False,,ku-gould:8769
III,41,birdsgreatbrita3goul,170,portrait,0,Pyrrhula vulgaris,Bullfinch,Pyrrhula pyrrhula,Eurasian Bullfinch,True,high,probable,Sturnus vulgaris,False,,True,209,False,,ku-gould:8765
III,42,birdsgreatbrita3goul,173,portrait,0,Pyrrhula vulgaris,Bullfinch (young),Pyrrhula pyrrhula,Eurasian Bullfinch,True,high,probable,Sturnus vulgaris,False,,True,209,True,young,ku-gould:8762
III,43,birdsgreatbrita3goul,176,portrait,0,Carpodacus erythrinus,Scarlet Bullfinch,Carpodacus erythrinus,Common Rosefinch,True,high,exact,,False,,True,206,False,,ku-gould:8759
III,44,birdsgreatbrita3goul,180,portrait,0,Pinicola enucleator,Pine-Grosbeak,Pinicola enucleator,Pine Grosbeak,True,high,exact,,True,358,True,204,False,,ku-gould:8755
III,45,birdsgreatbrita3goul,184,portrait,0,Loxia curvirostra,Common Crossbill,Loxia curvirostra,Red Crossbill,True,high,exact,,True,197,True,202,False,,ku-gould:8751
III,46,birdsgreatbrita3goul,188,portrait,0,Loxia pityopsittacus,Parrot Crossbill,Loxia pytyopsittacus,Parrot Crossbill,True,high,,,False,,True,201,False,,ku-gould:8747
III,47,birdsgreatbrita3goul,192,portrait,0,Loxia bifasciata,White-winged Crossbill,Loxia leucoptera,White-winged Crossbill,True,high,,,True,364,True,203,False,Two-barred (bifasciata) race,ku-gould:8743
III,48,birdsgreatbrita3goul,196,portrait,0,Loxia leucoptera,American White-winged Crossbill,Loxia leucoptera,White-winged Crossbill,True,high,exact,,True,364,True,203,False,,ku-gould:8739
III,49,birdsgreatbrita3goul,200,portrait,0,Linota cannabina,Linnet,Linaria cannabina,Eurasian Linnet,True,high,probable,Linaria cannabina,False,,True,191,False,,ku-gould:8735
III,50,birdsgreatbrita3goul,204,portrait,0,Linota montium,"Twite, or Mountain-Linnet",Linaria flavirostris,Twite,True,high,,,False,,True,192,False,,ku-gould:8731
III,51,birdsgreatbrita3goul,208,portrait,0,Ægiothus linaria,Mealy Redpole,Acanthis flammea,Common Redpoll,True,high,,,True,375,False,,False,,ku-gould:8727
III,52,birdsgreatbrita3goul,212,portrait,0,Ægiothus rufescens,Lesser Redpole,Acanthis cabaret,Lesser Redpoll,True,high,probable,Acrocephalus rufescens;Aimophila rufescens;Alaudala rufescens;Atrichornis rufescens;Egretta rufescens;Laniocera rufescens;Otus rufescens;Poecile rufescens;Prinia rufescens;Rhynchotus rufescens;Sylvietta rufescens,True,375,True,194,False,,ku-gould:8723
III,53,birdsgreatbrita3goul,216,portrait,0,Sturnus vulgaris,Starling,Sturnus vulgaris,European Starling,True,high,exact,,True,none,True,210,False,,ku-gould:8719
III,54,birdsgreatbrita3goul,219,portrait,0,Sturnus vulgaris,Starling (young),Sturnus vulgaris,European Starling,True,high,exact,,True,none,True,210,True,young,ku-gould:8716
III,55,birdsgreatbrita3goul,222,portrait,0,Pastor roseus,Rose-coloured Pastor,Pastor roseus,Rosy Starling,True,high,exact,,False,,True,212,False,,ku-gould:8713
III,56,birdsgreatbrita3goul,225,portrait,0,Pastor roseus,Rose-coloured Pastor (young),Pastor roseus,Rosy Starling,True,high,exact,,False,,True,212,True,young,ku-gould:8710
III,57,birdsgreatbrita3goul,228,portrait,0,Corvus corax,Raven,Corvus corax,Common Raven,True,high,exact,,True,101,True,220,False,,ku-gould:8707
III,58,birdsgreatbrita3goul,232,portrait,0,Corvus corone,Carrion-Crow,Corvus corone,Carrion Crow,True,high,exact,,False,,True,221,False,,ku-gould:8703
III,59,birdsgreatbrita3goul,236,portrait,0,Corvus cornix,Hooded Crow,Corvus cornix,Hooded Crow,True,high,exact,,False,,True,222,False,,ku-gould:8699
III,60,birdsgreatbrita3goul,240,portrait,0,Corvus frugilegus,Rook,Corvus frugilegus,Rook,True,high,exact,,False,,True,224,False,,ku-gould:8695
III,61,birdsgreatbrita3goul,244,portrait,0,Corvus monedula,Jackdaw,Corvus monedula,Eurasian Jackdaw,True,high,exact,,False,,True,223,False,,ku-gould:8691
III,62,birdsgreatbrita3goul,248,portrait,0,Fregilus graculus,Chough,Pyrrhocorax pyrrhocorax,Red-billed Chough,True,high,probable,Pyrrhocorax graculus,False,,True,219,False,,ku-gould:8687
III,63,birdsgreatbrita3goul,252,portrait,0,Pica caudata,Magpie,Pica pica,Eurasian Magpie,True,high,probable,Argya caudata;Chiroxiphia caudata;Drymophila caudata;Inezia caudata;Locustella caudata,False,,True,216,False,,ku-gould:8683
III,64,birdsgreatbrita3goul,256,portrait,0,Garrulus glandarius,Jay,Garrulus glandarius,Eurasian Jay,True,high,exact,,False,,True,214,False,,ku-gould:8679
III,65,birdsgreatbrita3goul,260,portrait,0,Nucifraga caryocatactes,Nutcracker,Nucifraga caryocatactes,Eurasian Nutcracker,True,high,exact,,False,,True,213,False,,ku-gould:8675
III,66,birdsgreatbrita3goul,263,portrait,0,Nucifraga caryocatactes,Nutcracker (young),Nucifraga caryocatactes,Eurasian Nutcracker,True,high,exact,,False,,True,213,True,young,ku-gould:8672
III,67,birdsgreatbrita3goul,266,portrait,0,Cuculus canorus,Cuckoo,Cuculus canorus,Common Cuckoo,True,high,exact,,False,,True,240,False,,ku-gould:8669
III,68,birdsgreatbrita3goul,269,portrait,0,Cuculus canorus,Cuckoo (young ejecting infant Titlarks),Cuculus canorus,Common Cuckoo,True,high,exact,,False,,True,240,True,young; nest scene with Meadow Pipit nestlings,ku-gould:8666
III,69,birdsgreatbrita3goul,274,portrait,0,Oxylophus glandarius,Great Spotted Cuckoo,Clamator glandarius,Great Spotted Cuckoo,True,high,probable,Clamator glandarius;Garrulus glandarius,False,,True,241,False,,ku-gould:8661
III,70,birdsgreatbrita3goul,278,portrait,0,Picus major,Great Spotted Woodpecker,Dendrocopos major,Great Spotted Woodpecker,True,high,probable,Cettia major;Crotophaga major;Dendrocopos major;Laniarius major;Pachyramphus major;Parus major;Podiceps major;Quiscalus major;Schiffornis major;Sholicola major;Taraba major;Tinamus major;Xiphocolaptes major;Zoothera major,False,,True,229,False,,ku-gould:8657
III,71,birdsgreatbrita3goul,282,portrait,0,Picus leuconotus,White-backed Woodpecker,Dendrocopos leucotos,White-backed Woodpecker,True,high,,,False,,True,228,False,,ku-gould:8653
III,72,birdsgreatbrita3goul,286,portrait,0,Picus minor,Lesser Spotted Woodpecker,Dryobates minor,Lesser Spotted Woodpecker,True,high,probable,Chordeiles minor;Coccyzus minor;Dryobates minor;Eudyptula minor;Fregata minor;Furnarius minor;Hemitriccus minor;Indicator minor;Lanius minor;Mecocerculus minor;Myrmotherula minor;Pachyramphus minor;Paradisaea minor;Parus minor;Phoeniconaias minor;Scolopax minor,False,,True,231,False,,ku-gould:8649
III,73,birdsgreatbrita3goul,290,portrait,0,Drycocopus martius,Great Black Woodpecker,Dryocopus martius,Black Woodpecker,True,high,probable,Dryocopus martius,False,,True,225,False,,ku-gould:8645
III,74,birdsgreatbrita3goul,294,portrait,0,Gecinus viridis,"Green Woodpecker, or Yaffle",Picus viridis,Eurasian Green Woodpecker,True,high,probable,Anurolimnas viridis;Calyptomena viridis;Centropus viridis;Cochoa viridis;Frederickena viridis;Gecinulus viridis;Merops viridis;Pachyramphus viridis;Picus viridis;Psarocolius viridis;Psilopogon viridis;Psophia viridis;Ptilinopus viridis;Telophorus viridis;Terpsiphone viridis;Tersina viridis;Trogon viridis,False,,True,226,False,,ku-gould:8641
III,75,birdsgreatbrita3goul,297,portrait,0,Gecinus viridis,Green Woodpecker (young),Picus viridis,Eurasian Green Woodpecker,True,high,probable,Anurolimnas viridis;Calyptomena viridis;Centropus viridis;Cochoa viridis;Frederickena viridis;Gecinulus viridis;Merops viridis;Pachyramphus viridis;Picus viridis;Psarocolius viridis;Psilopogon viridis;Psophia viridis;Ptilinopus viridis;Telophorus viridis;Terpsiphone viridis;Tersina viridis;Trogon viridis,False,,True,226,True,young,ku-gould:8638
III,76,birdsgreatbrita3goul,300,portrait,0,Yunx torquilla,Wryneck,Jynx torquilla,Eurasian Wryneck,True,high,probable,Jynx torquilla,False,,True,233,False,,ku-gould:8635
IV,1,birdsgreatbrita4goul,12,portrait,0,Palumbus torquatus,"Wood-Pigeon, or Cushat",Columba palumbus,Common Wood-Pigeon,True,high,probable,Arremon torquatus;Celeus torquatus;Corythopis torquatus;Cracticus torquatus;Gallirallus torquatus;Gampsorhynchus torquatus;Lybius torquatus;Microspingus torquatus;Myioborus torquatus;Pteroglossus torquatus;Saxicola torquatus;Thamnophilus torquatus;Turdus torquatus,False,,True,243,False,,ku-gould:8613
IV,2,birdsgreatbrita4goul,16,portrait,0,Columba œnas,Stock-Dove,Columba oenas,Stock Dove,True,high,exact,,False,,True,244,False,,ku-gould:8609
IV,3,birdsgreatbrita4goul,20,portrait,0,Columba livia,Rock-Pigeon,Columba livia,Rock Pigeon,True,high,exact,,True,none,True,245,False,,ku-gould:8605
IV,4,birdsgreatbrita4goul,24,portrait,0,Turtur auritus,Turtle Dove,Streptopelia turtur,European Turtle-Dove,True,high,probable,Batrachostomus auritus;Heliothryx auritus;Podiceps auritus,False,,True,246,False,,ku-gould:8601
IV,5,birdsgreatbrita4goul,28,portrait,0,Tetrao urogallus,"Capercailzie, or Cock of the Wood",Tetrao urogallus,Western Capercaillie,True,high,exact,,False,,True,248,False,,ku-gould:8597
IV,6,birdsgreatbrita4goul,32,landscape,270,Tetrao tetrix,Blackcock,Lyrurus tetrix,Black Grouse,True,high,probable,Lyrurus tetrix,False,,True,250,False,,ku-gould:8593
IV,7,birdsgreatbrita4goul,36,landscape,270,Lagopus scoticus,Red Grouse,Lagopus lagopus,Willow Ptarmigan,True,high,,,True,191,True,252,False,subspecies (scotica),ku-gould:8589
IV,8,birdsgreatbrita4goul,40,landscape,270,Lagopus mutus,Ptarmigan,Lagopus muta,Rock Ptarmigan,True,high,,,True,368,True,253,False,,ku-gould:8585
IV,9,birdsgreatbrita4goul,43,landscape,270,Lagopus mutus,Ptarmigan (summer plumage),Lagopus muta,Rock Ptarmigan,True,high,,,True,368,True,253,False,,ku-gould:8582
IV,10,birdsgreatbrita4goul,46,landscape,270,Lagopus mutus,Ptarmigan (autumn plumage),Lagopus muta,Rock Ptarmigan,True,high,,,True,368,True,253,False,,ku-gould:8579
IV,11,birdsgreatbrita4goul,50,landscape,270,Syrrhaptes paradoxus,Pallas's Sand-Grouse,Syrrhaptes paradoxus,Pallas's Sandgrouse,True,high,exact,,False,,False,,False,,ku-gould:8575
IV,12,birdsgreatbrita4goul,54,landscape,270,Phasianus colchicus,Common Pheasant,Phasianus colchicus,Ring-necked Pheasant,True,high,exact,,True,none,True,247,False,,ku-gould:8571
IV,13,birdsgreatbrita4goul,58,landscape,270,Perdix cinerea,Partridge,Perdix perdix,Gray Partridge,True,high,probable,Apalis cinerea;Ardea cinerea;Batara cinerea;Calandrella cinerea;Coccycua cinerea;Coracina cinerea;Creatophora cinerea;Gallicrex cinerea;Motacilla cinerea;Pachycephala cinerea;Serpophaga cinerea;Struthidea cinerea;Synallaxis cinerea,False,,True,262,False,,ku-gould:8567
IV,14,birdsgreatbrita4goul,62,landscape,270,Caccabis rubra,Red-legged Partridge,Alectoris rufa,Red-legged Partridge,True,high,probable,Cardellina rubra;Crax rubra;Foudia rubra;Paradisaea rubra;Piranga rubra,False,,True,260,False,,ku-gould:8563
IV,15,birdsgreatbrita4goul,66,landscape,270,Coturnix communis,Common Quail,Coturnix coturnix,Common Quail,True,high,probable,Curruca communis,False,,True,263,False,,ku-gould:8559
IV,16,birdsgreatbrita4goul,70,landscape,270,Turnix africanus,Andalusian Turnix,Turnix sylvaticus,Small Buttonquail,True,high,probable,Actophilornis africanus;Bubo africanus;Buphagus africanus,False,,True,264,False,,ku-gould:8555
IV,17,birdsgreatbrita4goul,74,landscape,270,Otis tarda,Great Bustard,Otis tarda,,False,high,,,False,,False,,False,,ku-gould:8551
IV,18,birdsgreatbrita4goul,78,landscape,270,Otis tetrax,Little Bustard,Tetrax tetrax,Little Bustard,True,high,probable,Tetrax tetrax,False,,True,269,False,,ku-gould:8547
IV,19,birdsgreatbrita4goul,82,landscape,270,Grus cinerea,Common Crane,Grus grus,Common Crane,True,high,probable,Apalis cinerea;Ardea cinerea;Batara cinerea;Calandrella cinerea;Coccycua cinerea;Coracina cinerea;Creatophora cinerea;Gallicrex cinerea;Motacilla cinerea;Pachycephala cinerea;Serpophaga cinerea;Struthidea cinerea;Synallaxis cinerea,False,,True,270,False,,ku-gould:8543
IV,20,birdsgreatbrita4goul,86,portrait,0,Ardea cinerea,Heron,Ardea cinerea,Gray Heron,True,high,exact,,False,,True,273,False,,ku-gould:8539
IV,21,birdsgreatbrita4goul,90,landscape,270,Ardea purpurea,Purple Heron,Ardea purpurea,Purple Heron,True,high,exact,,False,,True,274,False,,ku-gould:8535
IV,22,birdsgreatbrita4goul,94,landscape,270,Herodias alba,"Great White Egret, or White Heron",Ardea alba,Great Egret,True,high,probable,Ardea alba;Cacatua alba;Calidris alba;Gygis alba;Motacilla alba;Tyto alba,True,386,True,276,False,,ku-gould:8531
IV,23,birdsgreatbrita4goul,98,portrait,0,Herodias garzetta,Little Egret,Egretta garzetta,Little Egret,True,high,probable,Egretta garzetta,False,,True,277,False,,ku-gould:8527
IV,24,birdsgreatbrita4goul,102,landscape,270,Bubulcus russatus,Buff-backed Heron,Bubulcus ibis,Cattle Egret,True,high,probable,Poecilotriccus russatus,False,,True,278,False,,ku-gould:8523
IV,25,birdsgreatbrita4goul,106,landscape,270,Buphus comatus,Squacco Heron,Ardeola ralloides,Squacco Heron,True,high,probable,Berenicornis comatus,False,,True,275,False,,ku-gould:8519
IV,26,birdsgreatbrita4goul,110,landscape,270,Nycticorax griseus,Night-Heron,Nycticorax nycticorax,Black-crowned Night-Heron,True,high,probable,Campylorhynchus griseus;Eremopterix griseus;Limnodromus griseus;Nyctibius griseus;Ocyceros griseus;Passer griseus;Vireo griseus,True,236,True,279,False,,ku-gould:8515
IV,27,birdsgreatbrita4goul,114,landscape,270,Botaurus stellaris,Bittern,Botaurus stellaris,Great Bittern,True,high,exact,,False,,True,280,False,,ku-gould:8511
IV,28,birdsgreatbrita4goul,118,landscape,270,Botaurus lentiginosus,American Bittern,Botaurus lentiginosus,American Bittern,True,high,exact,,True,337,True,281,False,,ku-gould:8507
IV,29,birdsgreatbrita4goul,122,landscape,270,Ardetta minuta,Little Bittern,Ixobrychus minutus,Little Bittern,True,high,probable,Calidris minuta;Coccycua minuta;Columbina minuta;Euphonia minuta;Sporophila minuta,False,,True,282,False,,ku-gould:8503
IV,30,birdsgreatbrita4goul,126,portrait,0,Ciconia alba,Stork,Ciconia ciconia,White Stork,True,high,probable,Ardea alba;Cacatua alba;Calidris alba;Gygis alba;Motacilla alba;Tyto alba,False,,True,283,False,,ku-gould:8499
IV,31,birdsgreatbrita4goul,130,portrait,0,Ciconia nigra,Black Stork,Ciconia nigra,Black Stork,True,high,exact,,False,,True,284,False,,ku-gould:8495
IV,32,birdsgreatbrita4goul,134,landscape,270,Platalea leucorodia,Spoonbill,Platalea leucorodia,Eurasian Spoonbill,True,high,exact,,False,,True,286,False,,ku-gould:8491
IV,33,birdsgreatbrita4goul,138,landscape,270,Vanellus cristatus,"Lapwing, or Peewit",Vanellus vanellus,Northern Lapwing,True,high,probable,Aegotheles cristatus;Colinus cristatus;Corythornis cristatus;Furnarius cristatus;Lanius cristatus;Lophophanes cristatus;Loriotus cristatus;Oxyruncus cristatus;Pavo cristatus;Podiceps cristatus;Psophodes cristatus;Sakesphorus cristatus,False,,True,291,False,,ku-gould:8487
IV,34,birdsgreatbrita4goul,142,landscape,270,Himantopus candidus,"Stilt, or Long-legged Plover",Himantopus himantopus,Black-winged Stilt,True,high,probable,Melanerpes candidus,False,,True,289,False,,ku-gould:8483
IV,35,birdsgreatbrita4goul,146,landscape,270,Œdicnemus crepitans,Thick-kneed Bustard,Burhinus oedicnemus,Eurasian Thick-knee,True,high,probable,Acris crepitans;Psophia crepitans;Rallus crepitans,False,,True,288,False,,ku-gould:8479
IV,36,birdsgreatbrita4goul,150,landscape,270,Squatarola helvetica,Grey Plover,Pluvialis squatarola,Black-bellied Plover,True,high,,,True,334,True,290,False,,ku-gould:8475
IV,37,birdsgreatbrita4goul,153,landscape,270,Squatarola helvetica,Grey Plover (plumage of winter and young),Pluvialis squatarola,Black-bellied Plover,True,high,,,True,334,True,290,True,young,ku-gould:8472
IV,38,birdsgreatbrita4goul,156,landscape,270,Charadrius pluvialis,Golden Plover (summer plumage),Pluvialis apricaria,European Golden-Plover,True,high,,,False,,True,294,False,,ku-gould:8469
IV,39,birdsgreatbrita4goul,159,landscape,270,Charadrius pluvialis,Golden Plover (winter plumage),Pluvialis apricaria,European Golden-Plover,True,high,,,False,,True,294,False,,ku-gould:8466
IV,40,birdsgreatbrita4goul,162,landscape,270,Ægialophilus cantianus,Kentish Plover,Charadrius alexandrinus,Kentish Plover,True,high,,,False,,True,298,False,,ku-gould:8463
IV,41,birdsgreatbrita4goul,166,landscape,270,Ægialitis hiaticula,Ringed Plover,Charadrius hiaticula,Common Ringed Plover,True,high,probable,Charadrius hiaticula,False,,True,296,False,,ku-gould:8459
IV,42,birdsgreatbrita4goul,170,landscape,270,Ægialitis minor,Little Ringed Plover,Charadrius dubius,Little Ringed Plover,True,high,probable,Chordeiles minor;Coccyzus minor;Dryobates minor;Eudyptula minor;Fregata minor;Furnarius minor;Hemitriccus minor;Indicator minor;Lanius minor;Mecocerculus minor;Myrmotherula minor;Pachyramphus minor;Paradisaea minor;Parus minor;Phoeniconaias minor;Scolopax minor,False,,True,297,False,,ku-gould:8455
IV,43,birdsgreatbrita4goul,174,landscape,270,Eudromias morinellus,Dotterel,Charadrius morinellus,Eurasian Dotterel,True,high,probable,Charadrius morinellus,False,,True,295,False,,ku-gould:8451
IV,44,birdsgreatbrita4goul,178,landscape,270,Cursorius gallicus,Cream-coloured Courser,Cursorius cursor,,False,high,probable,Circaetus gallicus,False,,False,,False,,ku-gould:8447
IV,45,birdsgreatbrita4goul,182,landscape,270,Hæmatopus ostralegus,Oyster-catcher,Haematopus ostralegus,Eurasian Oystercatcher,True,high,exact,,False,,True,300,False,,ku-gould:8443
IV,46,birdsgreatbrita4goul,186,landscape,270,Glareola pratincola,Common Pratincole,Glareola pratincola,Collared Pratincole,True,high,exact,,False,,True,265,False,,ku-gould:8439
IV,47,birdsgreatbrita4goul,190,landscape,270,Falcinellus igneus,Glossy Ibis,Plegadis falcinellus,Glossy Ibis,True,high,,,True,387,True,301,False,,ku-gould:8435
IV,48,birdsgreatbrita4goul,194,landscape,270,Numenius arquata,Curlew,Numenius arquata,Eurasian Curlew,True,high,exact,,False,,True,302,False,,ku-gould:8431
IV,49,birdsgreatbrita4goul,198,landscape,270,Numenius phæopus,Whimbrel,Numenius phaeopus,Whimbrel,True,high,exact,,True,237,True,303,False,,ku-gould:8427
IV,50,birdsgreatbrita4goul,202,landscape,270,Limosa melanura,Black-tailed Godwit,Limosa limosa,Black-tailed Godwit,True,high,probable,Anthornis melanura;Oenanthe melanura;Polioptila melanura;Pyrrhura melanura,False,,True,305,False,,ku-gould:8423
IV,51,birdsgreatbrita4goul,206,landscape,270,Limosa rufa,Bar-tailed Godwit,Limosa lapponica,Bar-tailed Godwit,True,high,probable,Alectoris rufa;Dendroma rufa;Formicivora rufa;Malacoptila rufa;Sarothrura rufa;Schetba rufa,False,,True,306,False,,ku-gould:8419
IV,52,birdsgreatbrita4goul,210,landscape,270,Recurvirostra avocetta,Avocet,Recurvirostra avosetta,Pied Avocet,True,high,,,False,,True,308,False,,ku-gould:8415
IV,53,birdsgreatbrita4goul,214,landscape,270,Glottis canescens,Greenshank,Tringa nebularia,Common Greenshank,True,high,,,True,269,True,312,False,,ku-gould:8411
IV,54,birdsgreatbrita4goul,218,landscape,270,Totanus calidris,Redshank,Tringa totanus,Common Redshank,True,high,,,False,,True,310,False,,ku-gould:8407
IV,55,birdsgreatbrita4goul,222,landscape,270,Totanus fuscus,Spotted Redshank,Tringa erythropus,Spotted Redshank,True,high,probable,Acridotheres fuscus;Anabazenops fuscus;Artamus fuscus;Cinclodes fuscus;Cinnyris fuscus;Larus fuscus;Pionus fuscus;Scytalopus fuscus;Teledromas fuscus;Xiphorhynchus fuscus,False,,True,309,False,,ku-gould:8403
IV,56,birdsgreatbrita4goul,226,portrait,0,Totanus ochropus,Green Sandpiper,Tringa ochropus,Green Sandpiper,True,high,probable,Tringa ochropus,False,,True,315,False,,ku-gould:8399
IV,57,birdsgreatbrita4goul,230,landscape,270,Totanus glareola,Wood-Sandpiper,Tringa glareola,Wood Sandpiper,True,high,probable,Tringa glareola,False,,True,315,False,,ku-gould:8395
IV,58,birdsgreatbrita4goul,234,landscape,270,Actitis hypoleucos,Summer Snipe,Actitis hypoleucos,Common Sandpiper,True,high,exact,,False,,True,316,False,,ku-gould:8391
IV,59,birdsgreatbrita4goul,238,landscape,270,Actitis macularius,Spotted Sandpiper,Actitis macularius,Spotted Sandpiper,True,high,exact,,True,310,True,317,False,,ku-gould:8387
IV,60,birdsgreatbrita4goul,242,landscape,270,Strepsilas interpres,Turnstone,Arenaria interpres,Ruddy Turnstone,True,high,probable,Arenaria interpres,True,304,True,318,False,,ku-gould:8383
IV,61,birdsgreatbrita4goul,246,landscape,270,Machetes pugnax,Ruff,Calidris pugnax,Ruff,True,high,probable,Calidris pugnax,False,,True,325,False,,ku-gould:8379
IV,62,birdsgreatbrita4goul,249,landscape,270,Machetes pugnax,Ruff and Reeve in first-autumn plumage,Calidris pugnax,Ruff,True,high,probable,Calidris pugnax,False,,True,325,True,young,ku-gould:8376
IV,63,birdsgreatbrita4goul,252,landscape,270,Actiturus Bartramius,Bartram's Sandpiper,Bartramia longicauda,Upland Sandpiper,True,high,,,True,303,True,313,False,,ku-gould:8373
IV,64,birdsgreatbrita4goul,256,landscape,270,Tryngites rufescens,Buff-breasted Sandpiper,Calidris subruficollis,Buff-breasted Sandpiper,True,high,probable,Acrocephalus rufescens;Aimophila rufescens;Alaudala rufescens;Atrichornis rufescens;Egretta rufescens;Laniocera rufescens;Otus rufescens;Poecile rufescens;Prinia rufescens;Rhynchotus rufescens;Sylvietta rufescens,True,265,True,326,False,,ku-gould:8369
IV,65,birdsgreatbrita4goul,260,landscape,270,Tringa canutus,Knot,Calidris canutus,Red Knot,True,high,probable,Calidris canutus,True,315,True,324,False,,ku-gould:8365
IV,66,birdsgreatbrita4goul,264,landscape,270,Calidris arenaria,Sanderling,Calidris alba,Sanderling,True,high,,,True,230,True,335,False,,ku-gould:8361
IV,67,birdsgreatbrita4goul,268,landscape,270,Limnocinclus pectoralis,Pectoral Sandpiper,Calidris melanotos,Pectoral Sandpiper,True,high,probable,Calliope pectoralis;Caprimulgus pectoralis;Coracina pectoralis;Coturnix pectoralis;Euphonia pectoralis;Herpsilochmus pectoralis;Hierococcyx pectoralis;Hylophilus pectoralis;Icterus pectoralis;Lewinia pectoralis;Malcorus pectoralis;Notharchus pectoralis;Pachycephala pectoralis;Polystictus pectoralis;Pterorhinus pectoralis,True,294,True,327,False,,ku-gould:8357
IV,68,birdsgreatbrita4goul,272,landscape,270,Ancylocheilus subarquata,Curlew Sandpiper,Calidris ferruginea,Curlew Sandpiper,True,high,,,True,263,True,328,False,,ku-gould:8353
IV,69,birdsgreatbrita4goul,276,landscape,270,Pelidna cinclus,Dunlin (summer plumage),Calidris alpina,Dunlin,True,high,probable,Cinclus cinclus,True,290,True,329,False,,ku-gould:8349
IV,70,birdsgreatbrita4goul,279,landscape,270,Pelidna cinclus,Dunlin (winter plumage),Calidris alpina,Dunlin,True,high,probable,Cinclus cinclus,True,290,True,329,False,,ku-gould:8346
IV,71,birdsgreatbrita4goul,282,landscape,270,Pelidna Bonapartei,Bonaparte's Sandpiper,Calidris fuscicollis,White-rumped Sandpiper,True,high,probable,Gymnobucco bonapartei;Nothocercus bonapartei,True,278,True,330,False,,ku-gould:8343
IV,72,birdsgreatbrita4goul,286,landscape,270,Actodromas minuta,Little Stint,Calidris minuta,Little Stint,True,high,probable,Calidris minuta;Coccycua minuta;Columbina minuta;Euphonia minuta;Sporophila minuta,False,,True,332,False,,ku-gould:8339
IV,73,birdsgreatbrita4goul,290,landscape,270,Leimonites Temminckii,Temminck's Stint,Calidris temminckii,Temminck's Stint,True,high,probable,Aethopyga temminckii;Calidris temminckii;Lyncornis temminckii;Orthonyx temminckii;Picumnus temminckii,False,,True,333,False,,ku-gould:8335
IV,74,birdsgreatbrita4goul,294,landscape,270,Arquatella maritima,Purple Sandpiper,Calidris maritima,Purple Sandpiper,True,high,probable,Ammospiza maritima;Calidris maritima,True,284,True,334,False,,ku-gould:8331
IV,75,birdsgreatbrita4goul,298,landscape,270,Limicola pygmæa,Broad-billed Sandpiper,Calidris falcinellus,Broad-billed Sandpiper,True,high,probable,Aethia pygmaea;Calidris pygmaea;Sitta pygmaea,False,,True,331,False,,ku-gould:8327
IV,76,birdsgreatbrita4goul,302,landscape,270,Macrorhamphus griseus,Red-breasted or Brown Snipe,Limnodromus griseus,Short-billed Dowitcher,True,medium,probable,Campylorhynchus griseus;Eremopterix griseus;Limnodromus griseus;Nyctibius griseus;Ocyceros griseus;Passer griseus;Vireo griseus,True,335,True,323,False,British records mostly Long-billed (scolopaceus); check plate,ku-gould:8323
IV,77,birdsgreatbrita4goul,306,landscape,270,Scolopax rusticola,Woodcock,Scolopax rusticola,Eurasian Woodcock,True,high,exact,,False,,True,319,False,,ku-gould:8319
IV,78,birdsgreatbrita4goul,312,landscape,270,Gallinago major,Great Snipe,Gallinago media,Great Snipe,True,high,probable,Cettia major;Crotophaga major;Dendrocopos major;Laniarius major;Pachyramphus major;Parus major;Podiceps major;Quiscalus major;Schiffornis major;Sholicola major;Taraba major;Tinamus major;Xiphocolaptes major;Zoothera major,False,,True,320,False,,ku-gould:8313
IV,79,birdsgreatbrita4goul,316,landscape,270,Gallinago scolopacina,Common Snipe,Gallinago gallinago,Common Snipe,True,high,,,False,,True,321,False,,ku-gould:8309
IV,80,birdsgreatbrita4goul,320,landscape,270,Limnocryptes gallinula,Jack Snipe,Lymnocryptes minimus,Jack Snipe,True,high,,,False,,True,322,False,,ku-gould:8305
IV,81,birdsgreatbrita4goul,324,landscape,270,Phalaropus fulicarius,Grey Phalarope (summer plumage),Phalaropus fulicarius,Red Phalarope,True,high,exact,,True,255,True,337,False,,ku-gould:8301
IV,82,birdsgreatbrita4goul,327,landscape,270,Phalaropus fulicarius,Grey Phalarope (winter plumage),Phalaropus fulicarius,Red Phalarope,True,high,exact,,True,255,True,337,False,,ku-gould:8298
IV,83,birdsgreatbrita4goul,330,landscape,270,Lobipes hyperboreus,Red-necked Phalarope,Phalaropus lobatus,Red-necked Phalarope,True,high,probable,Larus hyperboreus;Plectrophenax hyperboreus,True,215,True,336,False,,ku-gould:8295
IV,84,birdsgreatbrita4goul,334,landscape,270,Fulica atra,Coot,Fulica atra,Eurasian Coot,True,high,exact,,False,,True,338,False,,ku-gould:8291
IV,85,birdsgreatbrita4goul,338,landscape,270,Gallinula chloropus,Moorhen,Gallinula chloropus,Eurasian Moorhen,True,high,exact,,False,,True,342,False,,ku-gould:8287
IV,86,birdsgreatbrita4goul,342,landscape,270,Rallus aquaticus,Water-Rail,Rallus aquaticus,Water Rail,True,high,exact,,False,,True,339,False,,ku-gould:8283
IV,87,birdsgreatbrita4goul,346,landscape,270,Crex pratensis,"Land-Rail, or Corn Crake",Crex crex,Corn Crake,True,high,probable,Anthus pratensis,False,,True,341,False,,ku-gould:8279
IV,88,birdsgreatbrita4goul,350,landscape,270,Porzana maruetta,Spotted Crake,Porzana porzana,Spotted Crake,True,high,,,False,,True,343,False,,ku-gould:8275
IV,89,birdsgreatbrita4goul,354,landscape,270,Porzana pygmæa,Baillon's Crake,Zapornia pusilla,Baillon's Crake,True,high,probable,Aethia pygmaea;Calidris pygmaea;Sitta pygmaea,False,,True,344,False,,ku-gould:8271
IV,90,birdsgreatbrita4goul,358,landscape,270,Porzana minuta,Olivaceous Crake,Zapornia parva,Little Crake,True,high,probable,Calidris minuta;Coccycua minuta;Columbina minuta;Euphonia minuta;Sporophila minuta,False,,True,345,False,,ku-gould:8267
V,1,birdsgreatbrita5goul,12,landscape,270,Anser ferus,Grey Lag Goose,Anser anser,Graylag Goose,True,high,,,False,,True,347,False,,ku-gould:8245
V,2,birdsgreatbrita5goul,16,landscape,270,Anser segetum,Bean-Goose,Anser fabalis,Taiga Bean-Goose,True,low,,,False,,False,,False,,ku-gould:8241
V,3,birdsgreatbrita5goul,20,landscape,270,Anser brachyrhynchus,Pink-footed Goose,Anser brachyrhynchus,Pink-footed Goose,True,high,exact,,False,,False,,False,,ku-gould:8237
V,4,birdsgreatbrita5goul,24,landscape,270,Anser albifrons,White-fronted Goose,Anser albifrons,Greater White-fronted Goose,True,high,exact,,True,286,True,349,False,,ku-gould:8233
V,5,birdsgreatbrita5goul,28,landscape,270,Bernicla leucopsis,Bernicle Goose,Branta leucopsis,Barnacle Goose,True,high,probable,Aphelocephala leucopsis;Branta leucopsis,True,296,True,350,False,,ku-gould:8229
V,6,birdsgreatbrita5goul,32,landscape,270,Bernicla ruficollis,Red-breasted Goose,Branta ruficollis,,False,high,probable,Calidris ruficollis;Caprimulgus ruficollis;Corvus ruficollis;Hypnelus ruficollis;Jynx ruficollis;Micrastur ruficollis;Myiagra ruficollis;Oreopholus ruficollis;Pomatorhinus ruficollis;Pterorhinus ruficollis;Sporophila ruficollis;Stelgidopteryx ruficollis;Syndactyla ruficollis;Tachybaptus ruficollis;Turdus ruficollis,False,,False,,False,,ku-gould:8225
V,7,birdsgreatbrita5goul,36,landscape,270,Bernicla brenta,Brent Goose,Branta bernicla,Brant,True,high,,,True,391,True,352,False,,ku-gould:8221
V,8,birdsgreatbrita5goul,40,landscape,270,Cygnus olor,Mute Swan,Cygnus olor,Mute Swan,True,high,exact,,True,none,True,354,False,,ku-gould:8217
V,9,birdsgreatbrita5goul,44,landscape,270,Cygnus ferus,"Wild Swan, or Whooper",Cygnus cygnus,Whooper Swan,True,high,,,False,,True,355,False,,ku-gould:8213
V,10,birdsgreatbrita5goul,48,landscape,270,Cygnus minor,Bewick's Swan,Cygnus columbianus,Tundra Swan,True,high,probable,Chordeiles minor;Coccyzus minor;Dryobates minor;Eudyptula minor;Fregata minor;Furnarius minor;Hemitriccus minor;Indicator minor;Lanius minor;Mecocerculus minor;Myrmotherula minor;Pachyramphus minor;Paradisaea minor;Parus minor;Phoeniconaias minor;Scolopax minor,True,411,True,356,False,subspecies (bewickii),ku-gould:8209
V,11,birdsgreatbrita5goul,52,landscape,270,Tadorna vulpanser,Sheldrake,Tadorna tadorna,Common Shelduck,True,high,,,False,,True,357,False,,ku-gould:8205
V,12,birdsgreatbrita5goul,56,landscape,270,Casarca rutila,Ruddy Sheldrake,Tadorna ferruginea,Ruddy Shelduck,True,high,probable,Amazilia rutila;Phytotoma rutila;Streptoprocne rutila,False,,True,358,False,,ku-gould:8201
V,13,birdsgreatbrita5goul,60,landscape,270,Mareca penelope,Widgeon,Mareca penelope,Eurasian Wigeon,True,high,exact,,False,,True,359,False,,ku-gould:8197
V,14,birdsgreatbrita5goul,64,landscape,270,Spatula clypeata,Shoveller Duck,Spatula clypeata,Northern Shoveler,True,high,exact,,True,327,True,360,False,,ku-gould:8193
V,15,birdsgreatbrita5goul,68,landscape,270,Anas boschas,"Mallard, or Wild Duck",Anas platyrhynchos,Mallard,True,high,,,True,221,True,361,False,,ku-gould:8189
V,16,birdsgreatbrita5goul,72,landscape,270,Querquedula crecca,Teal,Anas crecca,Green-winged Teal,True,high,probable,Anas crecca,True,228,True,362,False,,ku-gould:8185
V,17,birdsgreatbrita5goul,76,landscape,270,Querquedula circia,Garganey,Spatula querquedula,Garganey,True,high,,,False,,True,364,False,,ku-gould:8181
V,18,birdsgreatbrita5goul,80,landscape,270,Dafila acuta,Pin-tailed Duck,Anas acuta,Northern Pintail,True,high,probable,Anas acuta,True,227,True,365,False,,ku-gould:8177
V,19,birdsgreatbrita5goul,84,landscape,270,Chaulelasmus strepera,Gadwall,Mareca strepera,Gadwall,True,high,probable,Elaenia strepera;Mareca strepera,True,348,True,366,False,,ku-gould:8173
V,20,birdsgreatbrita5goul,88,landscape,270,Nyroca ferina,Pochard,Aythya ferina,Common Pochard,True,high,probable,Aythya ferina,False,,True,367,False,,ku-gould:8169
V,21,birdsgreatbrita5goul,92,landscape,270,Nyroca leucophthalmos,"White-eyed, or Ferruginous Duck",Aythya nyroca,Ferruginous Duck,True,high,,,False,,True,368,False,,ku-gould:8165
V,22,birdsgreatbrita5goul,96,landscape,270,Branta rufina,Red-crested Duck,Netta rufina,Red-crested Pochard,True,high,probable,Netta rufina,False,,True,369,False,,ku-gould:8161
V,23,birdsgreatbrita5goul,100,landscape,270,Fuligula cristata,Tufted Duck,Aythya fuligula,Tufted Duck,True,high,probable,Cariama cristata;Corythaeola cristata;Coua cristata;Cyanocitta cristata;Elaenia cristata;Fulica cristata;Galerida cristata;Gubernatrix cristata;Habia cristata;Lophostrix cristata;Pseudoseisura cristata;Rhegmatorhina cristata,False,,True,370,False,,ku-gould:8157
V,24,birdsgreatbrita5goul,104,landscape,270,Fuligula marila,Scaup Duck,Aythya marila,Greater Scaup,True,high,probable,Aythya marila,True,229,True,371,False,,ku-gould:8153
V,25,birdsgreatbrita5goul,108,landscape,270,Eniconetta Stelleri,Steller's Duck,Polysticta stelleri,,False,high,probable,Cyanocitta stelleri,True,429,False,,False,,ku-gould:8149
V,26,birdsgreatbrita5goul,112,landscape,270,Somateria mollissima,Eider Duck,Somateria mollissima,Common Eider,True,high,exact,,True,246,True,374,False,,ku-gould:8145
V,27,birdsgreatbrita5goul,116,landscape,270,Somateria spectabilis,King Duck,Somateria spectabilis,King Eider,True,high,exact,,True,276,True,375,False,,ku-gould:8141
V,28,birdsgreatbrita5goul,120,landscape,270,Oidemia nigra,Scoter,Melanitta nigra,Common Scoter,True,high,probable,Ciconia nigra;Coracopsis nigra;Lalage nigra;Melanitta nigra;Myrmecocichla nigra;Penelopina nigra,False,,True,378,False,,ku-gould:8137
V,29,birdsgreatbrita5goul,124,landscape,270,Oidemia fusca,Velvet Scoter,Melanitta fusca,Velvet Scoter,True,high,probable,Allenia fusca;Florisuga fusca;Gerygone fusca;Malacoptila fusca;Melanitta fusca;Melozone fusca;Oenanthe fusca;Ptilotula fusca;Setophaga fusca;Zapornia fusca,True,247,True,377,False,,ku-gould:8133
V,30,birdsgreatbrita5goul,128,landscape,270,Oidemia perspicillata,Surf Scoter,Melanitta perspicillata,Surf Scoter,True,high,probable,Ducula perspicillata;Melanitta perspicillata;Pulsatrix perspicillata,True,317,True,376,False,,ku-gould:8129
V,31,birdsgreatbrita5goul,132,landscape,270,Clangula glaucion,Golden-eye,Bucephala clangula,Common Goldeneye,True,high,,,True,342,True,379,False,,ku-gould:8125
V,32,birdsgreatbrita5goul,136,landscape,270,Histrionicus torquatus,Harlequin Duck,Histrionicus histrionicus,Harlequin Duck,True,high,probable,Arremon torquatus;Celeus torquatus;Corythopis torquatus;Cracticus torquatus;Gallirallus torquatus;Gampsorhynchus torquatus;Lybius torquatus;Microspingus torquatus;Myioborus torquatus;Pteroglossus torquatus;Saxicola torquatus;Thamnophilus torquatus;Turdus torquatus,True,297,True,381,False,,ku-gould:8121
V,33,birdsgreatbrita5goul,140,landscape,270,Harelda glacialis,Long-tailed Duck,Clangula hyemalis,Long-tailed Duck,True,high,probable,Fulmarus glacialis,True,312,True,382,False,,ku-gould:8117
V,34,birdsgreatbrita5goul,144,landscape,270,Mergus castor,Goosander,Mergus merganser,Common Merganser,True,high,,,True,331,True,384,False,,ku-gould:8113
V,35,birdsgreatbrita5goul,148,landscape,270,Mergus serrator,Merganser,Mergus serrator,Red-breasted Merganser,True,high,exact,,True,401,True,385,False,,ku-gould:8109
V,36,birdsgreatbrita5goul,152,landscape,270,Mergus cucullatus,Hooded Merganser,Lophodytes cucullatus,Hooded Merganser,True,high,probable,Coryphospingus cucullatus;Icterus cucullatus;Lophodytes cucullatus;Phyllergates cucullatus;Ploceus cucullatus;Spinus cucullatus,True,232,True,386,False,,ku-gould:8105
V,37,birdsgreatbrita5goul,156,landscape,270,Mergus albellus,"Smew, or Nun",Mergellus albellus,Smew,True,high,probable,Mergellus albellus,True,347,True,387,False,,ku-gould:8101
V,38,birdsgreatbrita5goul,160,landscape,270,Podiceps cristatus,Great Crested Grebe,Podiceps cristatus,Great Crested Grebe,True,high,exact,,True,292,True,388,False,,ku-gould:8097
V,39,birdsgreatbrita5goul,164,landscape,270,Podiceps rubricollis,Red-necked Grebe,Podiceps grisegena,Red-necked Grebe,True,high,probable,Campephilus rubricollis;Drymophila rubricollis,True,298,True,389,False,,ku-gould:8093
V,40,birdsgreatbrita5goul,168,landscape,270,Podiceps auritus,Horned Grebe,Podiceps auritus,Horned Grebe,True,high,exact,,True,259,True,390,False,,ku-gould:8089
V,41,birdsgreatbrita5goul,172,landscape,270,Podiceps nigricollis,Eared Grebe,Podiceps nigricollis,Eared Grebe,True,high,exact,,True,404,True,391,False,,ku-gould:8085
V,42,birdsgreatbrita5goul,176,landscape,270,Podiceps minor,"Little Grebe, or Dabchick",Tachybaptus ruficollis,Little Grebe,True,high,probable,Chordeiles minor;Coccyzus minor;Dryobates minor;Eudyptula minor;Fregata minor;Furnarius minor;Hemitriccus minor;Indicator minor;Lanius minor;Mecocerculus minor;Myrmotherula minor;Pachyramphus minor;Paradisaea minor;Parus minor;Phoeniconaias minor;Scolopax minor,False,,True,392,False,,ku-gould:8081
V,43,birdsgreatbrita5goul,180,landscape,270,Colymbus glacialis,Great Northern Diver,Gavia immer,Common Loon,True,high,probable,Fulmarus glacialis,True,306,True,393,False,,ku-gould:8077
V,44,birdsgreatbrita5goul,184,landscape,270,Colymbus arcticus,Black-throated Diver,Gavia arctica,Arctic Loon,True,high,probable,Picoides arcticus,False,,True,394,False,,ku-gould:8073
V,45,birdsgreatbrita5goul,188,landscape,270,Colymbus septentrionalis,Red-throated Diver,Gavia stellata,Red-throated Loon,True,high,,,True,202,True,395,False,,ku-gould:8069
V,46,birdsgreatbrita5goul,192,landscape,270,Alca impennis,Great Auk,Pinguinus impennis,,False,high,,,True,341,False,,False,extinct,ku-gould:8065
V,47,birdsgreatbrita5goul,196,portrait,0,Alca torda,Razorbill,Alca torda,Razorbill,True,high,exact,,True,214,True,401,False,,ku-gould:8061
V,48,birdsgreatbrita5goul,200,landscape,270,Uria troile,Common Guillemot,Uria aalge,Common Murre,True,high,,,True,218,True,396,False,,ku-gould:8057
V,49,birdsgreatbrita5goul,204,landscape,270,Uria grylle,Black Guillemot,Cepphus grylle,Black Guillemot,True,high,probable,Cepphus grylle,True,219,True,399,False,,ku-gould:8053
V,50,birdsgreatbrita5goul,208,portrait,0,Mergulus alle,Little Auk,Alle alle,,False,high,,,True,339,False,,False,,ku-gould:8049
V,51,birdsgreatbrita5goul,212,landscape,270,Fratercula arctica,Puffin,Fratercula arctica,Atlantic Puffin,True,high,exact,,True,213,True,403,False,,ku-gould:8045
V,52,birdsgreatbrita5goul,216,portrait,0,Phalacrocorax carbo,Cormorant,Phalacrocorax carbo,Great Cormorant,True,high,exact,,True,266,True,407,False,,ku-gould:8041
V,53,birdsgreatbrita5goul,220,portrait,0,Phalacrocorax graculus,"Crested Cormorant, or Shag",Gulosus aristotelis,,False,high,probable,Pyrrhocorax graculus,False,,False,,False,,ku-gould:8037
V,54,birdsgreatbrita5goul,224,portrait,0,Sula bassana,"Gannet, or Solan Goose",Morus bassanus,Northern Gannet,True,high,,,True,326,True,412,False,,ku-gould:8033
V,55,birdsgreatbrita5goul,228,landscape,270,Larus marinus,Great Black-backed Gull,Larus marinus,Great Black-backed Gull,True,high,exact,,True,241,True,430,False,,ku-gould:8029
V,56,birdsgreatbrita5goul,232,landscape,270,Larus fuscus,Lesser Black-backed Gull,Larus fuscus,Lesser Black-backed Gull,True,high,exact,,False,,True,431,False,,ku-gould:8025
V,57,birdsgreatbrita5goul,236,landscape,270,Larus glaucus,Glaucous Gull,Larus hyperboreus,Glaucous Gull,True,high,,,True,396,True,432,False,,ku-gould:8021
V,58,birdsgreatbrita5goul,240,landscape,270,Larus islandicus,Iceland Gull,Larus glaucoides,Iceland Gull,True,high,,,True,282,True,433,False,,ku-gould:8017
V,59,birdsgreatbrita5goul,244,landscape,270,Larus argentatus,Herring-Gull,Larus argentatus,Herring Gull,True,high,exact,,True,291,True,434,False,,ku-gould:8013
V,60,birdsgreatbrita5goul,248,landscape,270,Larus canus,Common Gull,Larus canus,Common Gull,True,high,exact,,False,,True,437,False,,ku-gould:8009
V,61,birdsgreatbrita5goul,252,landscape,270,Rissa tridactyla,Kittiwake,Rissa tridactyla,Black-legged Kittiwake,True,high,exact,,True,224,True,435,False,,ku-gould:8005
V,62,birdsgreatbrita5goul,256,landscape,270,Pagophila eburnea,Ivory Gull,Pagophila eburnea,,False,high,,,True,287,False,,False,,ku-gould:8001
V,63,birdsgreatbrita5goul,260,landscape,270,Rhodostethia Rossii,Ross's Gull,Rhodostethia rosea,Ross's Gull,True,high,probable,Anser rossii,False,,False,,False,,ku-gould:7997
V,64,birdsgreatbrita5goul,264,landscape,270,Chroicocephalus ridibundus,Black-headed Gull,Chroicocephalus ridibundus,Black-headed Gull,True,high,exact,,True,none,True,425,False,,ku-gould:7993
V,65,birdsgreatbrita5goul,268,landscape,270,Chroicocephalus philadelphia,Bonaparte's Gull,Chroicocephalus philadelphia,Bonaparte's Gull,True,high,exact,,True,324,False,,False,,ku-gould:7989
V,66,birdsgreatbrita5goul,272,landscape,270,Hydrocolœus minutus,Little Gull,Hydrocoloeus minutus,Little Gull,True,high,exact,,False,,True,428,False,,ku-gould:7985
V,67,birdsgreatbrita5goul,276,landscape,270,Xema Sabini,Sabine's Gull,Xema sabini,Sabine's Gull,True,high,exact,,True,285,True,429,False,,ku-gould:7981
V,68,birdsgreatbrita5goul,280,landscape,270,Hydroprogne caspia,Caspian Tern,Hydroprogne caspia,Caspian Tern,True,high,exact,,True,none,True,414,False,,ku-gould:7977
V,69,birdsgreatbrita5goul,284,landscape,270,Actochelidon cantiaca,Sandwich Tern,Thalasseus sandvicensis,Sandwich Tern,True,high,,,True,279,True,415,False,,ku-gould:7973
V,70,birdsgreatbrita5goul,288,landscape,270,Sterna hirundo,Common Tern,Sterna hirundo,Common Tern,True,high,exact,,True,309,True,417,False,,ku-gould:7969
V,71,birdsgreatbrita5goul,292,portrait,0,Sterna paradisea,Roseate Tern,Sterna dougallii,Roseate Tern,True,high,,,True,240,True,418,False,Latin trap: Gould's paradisea is today's Roseate,ku-gould:7965
V,72,birdsgreatbrita5goul,296,landscape,270,Sterna macrura,Arctic Tern,Sterna paradisaea,Arctic Tern,True,high,,,True,250,True,419,False,Latin trap: Gould's macrura is today's Arctic (paradisaea),ku-gould:7961
V,73,birdsgreatbrita5goul,300,portrait,0,Sternula minuta,Little Tern,Sternula albifrons,Little Tern,True,high,probable,Calidris minuta;Coccycua minuta;Columbina minuta;Euphonia minuta;Sporophila minuta,False,,True,420,False,,ku-gould:7957
V,74,birdsgreatbrita5goul,304,landscape,270,Gelochelidon anglica,Gull-billed Tern,Gelochelidon nilotica,Gull-billed Tern,True,high,,,True,410,True,416,False,,ku-gould:7953
V,75,birdsgreatbrita5goul,308,landscape,270,Hydrochelidon nigra,Black Tern,Chlidonias niger,Black Tern,True,high,probable,Ciconia nigra;Coracopsis nigra;Lalage nigra;Melanitta nigra;Myrmecocichla nigra;Penelopina nigra,True,280,True,422,False,,ku-gould:7949
V,76,birdsgreatbrita5goul,312,landscape,270,Hydrochelidon leucoptera,White-winged Tern,Chlidonias leucopterus,White-winged Tern,True,high,probable,Henicorhina leucoptera;Loxia leucoptera;Piranga leucoptera;Psophia leucoptera;Pyriglena leucoptera;Sporophila leucoptera,False,,True,423,False,,ku-gould:7945
V,77,birdsgreatbrita5goul,316,landscape,270,Hydrochelidon leucopareia,Whiskered Tern,Chlidonias hybrida,Whiskered Tern,True,high,,,False,,True,424,False,,ku-gould:7941
V,78,birdsgreatbrita5goul,320,landscape,270,Stercorarius catarrhactes,Great Skua,Stercorarius skua,Great Skua,True,high,,,False,,True,439,False,,ku-gould:7937
V,79,birdsgreatbrita5goul,324,landscape,270,Stercorarius pomatorhinus,Pomatorhine Skua,Stercorarius pomarinus,Pomarine Jaeger,True,high,,,True,253,True,440,False,,ku-gould:7933
V,80,birdsgreatbrita5goul,328,landscape,270,Stercorarius parasiticus,Arctic Skua,Stercorarius parasiticus,Parasitic Jaeger,True,high,exact,,True,272,True,441,False,,ku-gould:7929
V,81,birdsgreatbrita5goul,332,landscape,270,Stercorarius longicaudus,Long-tailed Skua,Stercorarius longicaudus,Long-tailed Jaeger,True,high,exact,,True,267,True,442,False,,ku-gould:7925
V,82,birdsgreatbrita5goul,336,landscape,270,Procellaria glacialis,Fulmar,Fulmarus glacialis,Northern Fulmar,True,high,probable,Fulmarus glacialis,True,264,True,446,False,,ku-gould:7921
V,83,birdsgreatbrita5goul,340,landscape,270,Puffinus major,Great Shearwater,Ardenna gravis,,False,high,probable,Cettia major;Crotophaga major;Dendrocopos major;Laniarius major;Pachyramphus major;Parus major;Podiceps major;Quiscalus major;Schiffornis major;Sholicola major;Taraba major;Tinamus major;Xiphocolaptes major;Zoothera major,True,283,False,,False,,ku-gould:7917
V,84,birdsgreatbrita5goul,344,landscape,270,Puffinus anglorum,Manx Shearwater,Puffinus puffinus,Manx Shearwater,True,high,,,True,295,True,443,False,,ku-gould:7913
V,85,birdsgreatbrita5goul,348,landscape,270,Thalassidroma Leachii,Forked-tailed Storm-Petrel,Hydrobates leucorhous,Leach's Storm-Petrel,True,high,probable,Dacelo leachii;Mackenziaena leachii,True,260,True,447,False,,ku-gould:7909
V,86,birdsgreatbrita5goul,352,landscape,270,Thalassidroma pelagica,Storm-Petrel,Hydrobates pelagicus,European Storm-Petrel,True,high,probable,Chaetura pelagica,True,340,True,448,False,,ku-gould:7905
