volume,plate,leaf,left_box,right_box,ocr,read,note
I,1,140,623 5652 1271 5748,2852 5647 3276 5739,I. Gould and H.C Richter delt | C. Hullmandel 1mp,eye,stop after Imp faint
I,2,144,522 5375 1088 5459,3073 5388 3493 5468,I.Gould and H.CRichterdett | C Hullmandel Imp,eye,
I,3,148,853 5346 1185 5426,2695 5364 3043 5444,J&E Gomer Anit | C.Hutmandel imp,scan,read from the scan; Gould poorly printed
I,4,152,577 5164 1205 5222,2947 5172 3353 5252,I.Could and E.C.Richter del etlith. | C. Etaltmandel Imp.,eye,
I,5,156,268 5539 890 5601,2949 5538 3333 5612,Lbrald and HCRihter del tlah. | CHalanandet 1g,eye,no stop visible after Imp
I,6,160,376 5559 998 5621,3076 5551 3478 5635,I. Goatd and H-C'Richter del et litk. | C' Hullmandel Imp.,eye,
I,7,164,219 5388 945 5462,3094 5369 3722 5453,Fcould vnd N-C.lichter del e tith. | Hallmandel & Wollon Imp.,eye,
I,8,168,867 5536 1243 5594,2568 5539 2892 5609,I & E. Gould del et lith. | C.Hultmandet Imp.,eye,
I,9,172,174 5450 852 5516,3337 5412 3722 5508,Z. Genld and B CRichter del ot lith. | Halmande t Waltm,scan,"right credit line cut off by the binding after ""Hullmandel & Walton"""
I,10,176,778 5576 1186 5642,2533 5568 2889 5642,J &c E. Gould del et lith. | C.Frttmandel Imp.,eye,
I,11,180,402 5431 1000 5493,3097 5406 3471 5480,TGonla and BC Hichter dd e lith. | C• Ealtnandel tmp.,eye,
I,12,184,548 5570 1120 5636,2902 5539 3234 5609,"I.Goold and A Chichter dd et lith. | C. Halimandel Imp,",eye,
I,13,188,608 5408 1252 5474,2979 5394 3383 5474,Y Could and MARichter del elith | EHtattmandel Imp,eye,
I,14,192,416 5613 1018 5675,3004 5599 3368 5669,T. Covla and ECHichter del et Vion. | CButtmanart Imp.,eye,Hullmandel and Imp nearly run together
I,15,196,574 5609 1150 5671,2798 5590 3180 5670,Marlal and HCHichierdel et lith. | C Halimandel tip.,eye,
I,16,200,480 5659 1116 5729,3074 5635 3496 5727,IGemd and HC Kichter de a liin. | E Hillmandel Imp,eye,
I,17,204,354 5415 906 5485,3075 5416 3475 5496,"1. Guld and H6 buchterde, | C. Hullmandel Imp",eye,
I,18,208,493 5291 1045 5343,3067 5275 3523 5341,bould ond I.C Richter del dlith. | Hullmandel & Waltun Lip.,eye,
I,19,212,398 5548 924 5636,3102 5557 3446 5627,"JGould anch FrPichtor del, | C.Ihrttmandei Imp.",eye,smudge over del
I,20,216,484 5568 966 5634,2891 5576 3239 5642,TGould and HeRichto đã? | C. Hattmanoil Imp.,eye,t of delt is superscript; stop under it faint
I,21,220,596 5306 1198 5394,2773 5312 3175 5392,I. Gould and HCRichter del? | C.Hallmandel Imp,eye,
I,22,224,1050 5351 1444 5457,2514 5345 2932 5437,I x: E. Golđ ứữ} | C Zhallnanded Iomp,eye,
I,23,228,549 5432 1129 5506,2700 5441 3084 5511,I Gonld and Hl Rachtemi! | C: Htallmanded Iop,eye,
I,24,232,543 5584 1073 5664,2669 5576 3055 5656,I.Gould and H.C. Zichter del? | CBullmardd Tip.,eye,
I,25,236,482 5473 1108 5561,3031 5445 3435 5533,IGould and HC Richter del et lith. | CHailmandel Imp.,eye,
I,26,240,528 5651 1098 5721,2725 5638 3091 5704,I. Gould and H.C. Richter dd it lith | C. Ehullmandel Imp.,eye,no stop after lith
I,27,244,493 5602 1181 5676,2911 5584 3323 5672,"I. Gould and H.C. Richter del, et lith. | C. Hultmandel Ip.",eye,
I,28,248,291 5574 857 5626,2961 5558 3427 5624,J. Gould and H-C.Hickter del it Tith. | Hullmandel & Walton Inep.,eye,
I,29,252,364 5409 1014 5475,3191 5373 3683 5483,L.Could and He-Fichter del & hth. | Hollmande & Walton Ip.,scan,"read from the scan; the right line runs into the binding after Imp, so a stop after it may be lost"
I,30,256,424 5363 1040 5429,3154 5357 3683 5431,L. Gould and HeBichter Ad Aliã. | Hullmandel & Walten Fup.,eye,
I,31,260,462 5400 1072 5470,2946 5381 3448 5461,I. Gould and H CRichter del etlith. | Hallmandel & Walton Imp.,eye,no stops after H or C
I,32,264,931 5353 1473 5411,2763 5349 3199 5415,I. Could and FCHichter del et lith. | Euttmandil & Watton Imp:,eye,colon after Imp
I,33,268,622 5416 1238 5500,2673 5399 3157 5465,TGoud and HCkcherddehh | Hulmondd & Walten In,eye,no stop visible after lith or Imp; the right crop ends just after Imp
I,34,272,358 5647 898 5695,3040 5646 3386 5720,: IConld andHCHiditr Ad o ith. | CHhallmandel Inp.,eye,
I,35,276,387 5333 979 5391,2847 5338 3233 5422,I.Conld nd I.C.RchterAd tith. | C. Holimandd Imp.,eye,
I,36,280,432 5393 1018 5459,3074 5355 3683 5451,T.Goold and HC Richter del dlith. | Hultmandel & Watton Imp.,eye,
II,1,12,540 5426 884 5488,2831 5423 3237 5511,J K E Goutá Aavi | C. Huttmandel Imp.,eye,
II,2,16,590 5238 1188 5300,2821 5254 3215 5338,JGuia ud HChicher de e tith. | C.Hallmandel Imp.,eye,Gould broken in the print
II,3,20,480 5662 800 5728,2827 5648 3205 5736,JK H Goud tos | C.Fultmandel Imp.,scan,"read from the scan; the l of Gould and the del are broken in the print, and no superscript shows after del"
II,4,24,446 5451 1088 5517,3023 5462 3559 5546,KGnld and HC Richter dA A Lih.,scan,read from the scan; printer's line faint and broken
II,5,28,509 5470 1087 5522,2762 5462 3128 5536,I.Gontà anà EC Richter del ethih. | C. Iottmandel Imp.,eye,
II,6,32,280 5575 904 5637,2934 5583 3452 5667,J. Gould and H.C. Richter del et lith. | Hhaltmandel & Walton Imp.,eye,
II,7,36,370 5290 866 5352,2921 5308 3241 5378,AGeuld and HC RichterAdY | C•Ballmantal inp.,eye,superscript t after del; no stop visible under it
II,8,40,446 5036 998 5106,2892 5055 3294 5135,I. Goald andl H.C. Bichter detf | (. Hrtmandel Iz.,eye,
II,9,44,372 5212 978 5282,3000 5235 3398 5331,/Boold und B.i. Richhvdet & lith. | E. Hhultmandel Imp.,eye,
II,10,48,667 5546 1183 5620,2807 5569 3209 5653,ioud i/ Hichhe d | C. Balimandel Ir.,scan,read from the scan
II,11,52,277 5355 871 5429,2808 5367 3210 5441,A.Geuld and H.C. Richterdel! | C. Ballmaudel Inp.,eye,left line faint
II,12,56,480 4900 1024 4970,2938 4913 3292 4965,LGeuld and HCKichterdatt | Clidmand brp,eye,right line faint; no stop after Imp visible
II,13,60,490 5426 982 5488,3020 5429 3390 5508,"J. Gould and HCRichter,det? | CHullmandet Imp",eye,
II,14,64,548 5281 1040 5347,2762 5287 3118 5367,I Gratd and ERide del | C. Hallmandel Smp.,eye,
II,15,68,391 5321 977 5401,2887 5346 3315 5394,NPAUH P P,scan,read from the scan
II,16,72,670 5202 1172 5264,2619 5223 2951 5289,I Gould and BC Zachtar litheg | C. Hultmandd Imp.,eye,"wording reads lithog., not del et lith."
II,17,76,646 5380 1308 5442,2723 5380 3157 5464,I. Couild and H.C Richterdel et tith. | C. Hallmandel Emp,eye,
II,18,80,545 5549 1085 5601,3261 5548 3613 5617,J.Goala and ECHichter del et lith. | C Hultmandel Imp.,eye,no stop after C of the printer's line
II,19,84,521 5267 1067 5319,3059 5256 3509 5326,F. Gould and H.C.Bichter dd tith. | Hullmandel & Walton Lup.,eye,mark after del looks like a comma
II,20,88,506 5495 1120 5557,3266 5491 3608 5553,A Gonid cua HEHichto deta lith | CHallmandel Ip,eye,stop after C faint
II,21,92,599 5646 959 5720,3035 5660 3413 5748,JXE. Gould del. | C Hullmandel Imp:,eye,colon after del and after Imp
II,22,96,602 5210 1040 5316,2977 5194 3397 5286,"I&E. Gould del,"" | C. Hullmandel imp.",eye,
II,23,100,396 5530 1042 5592,3111 5525 3591 5591,I. bonlid und EC.Richter del et lith. | Hullmndd & Walton Irr.,eye,
II,24,104,360 5515 1066 5581,3110 5519 3508 5592,IGonit und HCHichtor del attisy | C•Batimondel Imp,eye,
II,25,108,463 5119 1031 5177,3136 5111 3600 5185,JUmd and Ec Hichter del e lith. | Bullmandel & Watsn Imp.,eye,
II,26,112,984 5131 1630 5193,2959 5138 3343 5218,I.Coald and HURichter del el tiA. | ( Hullmandel Imp,eye,
II,27,116,403 5377 873 5451,2934 5375 3328 5470,EFiskter det!,scan,read from the scan; J. Gould faint
II,28,120,441 5518 967 5598,3111 5519 3447 5581,Favid und F.C. Richter deit | CFrtmandel Imxt,scan,read from the scan; J. G faint; no stop visible after the printer's C
II,29,124,659 5131 1203 5211,2933 5155 3335 5243,"J. Gold and HC Richter dett | CHtuttmandet Imp""",eye,t of Impt is superscript
II,30,128,395 5103 1005 5161,2803 5096 3269 5158,I. Gould and HC Richter del et tith. | Hulbundel & Wolton Imp.,eye,
II,31,132,424 5348 898 5432,2807 5352 3167 5436,"I Gaudd & H: C'Richter del, | CEutnandet Imx""",eye,superscript t after Imp
II,32,136,761 5375 1273 5449,2841 5355 3239 5443,"I. Gould and H. C.Richter del,t | C. Huttmandel Imp.",eye,"initial reads I, not J; t of Impt is superscript"
II,33,140,669 5189 1141 5247,1994 5018 3500 5418,"""Soaia ane BGEachterdel"" | DPYGIALIS: Gould:",scan,"read from the scan; the printer's line is very faint and broken, below the caption"
II,34,144,738 5584 1148 5650,2766 5584 3110 5664,J & E. Gould del et lith: | ( Hultmandel Imp.,eye,colon after lith could be a stop with a speck
II,35,148,444 5533 970 5581,3011 5527 3357 5597,J. Cold and DCHihter Ad eblith. | C. Hultmandd trp.,eye,
II,36,152,278 5368 868 5438,2592 5399 3120 5478,Lanid and HCKichterdd A ith. | Haltmandit & Halten Imp.,eye,
II,37,156,712 5095 1340 5161,2822 5107 3214 5187,TGovld and HChicher del et lith. | C. Itattmandel Iip.,eye,
II,38,160,671 5333 1181 5385,2939 5324 3229 5372,L.Gould and IC-llichter del at tith. | ChalmandA bry.,eye,Imp. faint
II,39,164,693 5411 1079 5490,2996 5422 3390 5496,I K.È Gortd del.,eye,no stop visible after E
II,40,168,383 5143 967 5201,3080 5155 3558 5235,ICould and HCRichter Ad et Lith. | Haltnandd & Walton Ing,eye,no stop after Imp
II,41,172,626 5186 1028 5278,2698 5189 3110 5291,JLE.Gould Kel' | C. Hullmandel Imp.,eye,
II,42,176,402 5571 1070 5641,3161 5552 3519 5618,L.Gvnld and H.C.Richer del etlith. | C Hullmandel Iup.,eye,no stop after C of the printer's line
II,43,180,228 5389 810 5451,3258 5352 3690 5440,Lbrdd ond nchichterde alith. | Hellinandet & Walion Imy,eye,printer's line runs into the gutter; a stop after Imp may be hidden
II,44,184,514 5386 1130 5452,3007 5374 3473 5448,I. Gould and H.C. Richter de et tith. | Hultmandil & Watton Imp.,eye,
II,45,188,114 5610 784 5676,3061 5612 3683 5700,1. Could and BCRichterde ettith. | Hulmande & Walten Imu,eye,no stop visible after Imp (gutter shadow)
II,46,192,341 5367 899 5419,3073 5360 3437 5430,I.Boud end He-fichter delelith. | CHtullmandd inp.,eye,
II,47,196,388 5505 1038 5575,2850 5502 3224 5582,J. Gould and HCRichiter del et lith. | C. Hullmande Imp.,eye,colon after Imp could be a stop and a speck
II,48,200,491 5299 1059 5357,2931 5299 3387 5365,A taud and REfachterdd et hth. | Hollnandel & Willon bup.,eye,left line faint but legible
II,49,204,433 5289 1045 5369,2856 5281 3332 5355,""" Gould and HERichter del ettith. | Hullmande & Walton Imp.",eye,
II,50,208,509 5538 1097 5596,3119 5517 3561 5587,3. Coula and EChichter dã alith. | Fotmandel & Walton Imp.,eye,
II,51,212,209 5337 947 5417,3134 5353 3625 5433,I. bould and. H C.Kichter del et lith. | Hullmandel & Watton Ing,scan,"read from the scan; a dot before the J, none after it; the right line runs into the binding at Imp"
II,52,216,388 5334 982 5396,3015 5327 3495 5393,V. Gould and M.L. Pichter del alith. | Bellimandel & Worltan Iurgs.,eye,mark after C looks like a comma
II,53,220,675 5321 1247 5373,2913 5316 3373 5386,1. Gould and H-C Richter del et tith. | Hullmandel & Walton bap,eye,stop after Imp faint
II,54,224,551 5542 1179 5600,2595 5536 2981 5602,TCoulA and HCRichter del alith. | C. Haltmandd Lg.,eye,
II,55,228,632 5321 1214 5387,2738 5301 3212 5375,Y.Gonld wd ECHichler nel it Hh. | Zaltmandel & Walton Imp.,eye,
II,56,232,187 5415 765 5472,3215 5406 3625 5475,муР1Р орИУИ тУ PМL | Dullmended t Hallon ),scan,"right credit line cut off by the binding after ""Hullmandel & Walton I"""
II,57,236,476 5474 1114 5540,2752 5470 3256 5550,F. Goald and BCRichter del et lith. | Muttmandel & Watton Iinp.,eye,
II,58,240,622 5078 1198 5144,2900 5075 3368 5145,J.bouldand H.Cluchter del et lith. | Hullmandd & Walten Lnp;,eye,mark after H could be a colon; mark after Imp looks like a semicolon
II,59,244,146 5298 800 5360,3022 5287 3532 5367,L. Goutd and HCkichter del et litk. | Hullmande & Walton Imp.,eye,stray mark after Walton
II,60,248,285 5300 997 5374,2904 5268 3452 5356,"J Gould and H.C.Richter del etlith, | Hullmandel & Watton bnp.",eye,mark after lith looks like a comma
II,61,252,370 5056 1030 5122,3006 5037 3508 5107,J Conld and HORichter Nd dlith. | Hullmandels Walton Ip.,eye,
II,62,256,406 5518 1044 5584,3103 5470 3576 5566,L.GoulA and HCRichter del bth. | Thullmandel & Walton Imp,scan,read from the scan; the right line runs into the binding at Imp
II,63,260,253 5482 945 5556,3037 5472 3547 5552,I.Gould and H.C.Hichter-del etlith. | Bhullmandet & Walton Imps.,eye,
II,64,264,438 5248 1032 5314,2869 5256 3363 5330,J. Gould and H.C.Richter Ad t lith. | Hallmandel & Walton Imp.,eye,
II,65,268,745 5294 1307 5352,2762 5290 3194 5356,I.Goudd and UCHichter del eilith. | HaUmandd & Walton Imo.,eye,
II,66,272,638 5333 1188 5395,3322 5303 3576 5387,F.Coutd and H. C.Richter del et tith. | Kellmande &,scan,"right credit line cut off by the binding after ""Hullmandel &"""
II,67,276,816 5131 1378 5193,2693 5142 3025 5200,Inavnfim Nature & or Stone by I &e E. Goutd. | Innied by C Htalimandei.,eye,no stop visible after J or C
II,68,280,322 5217 972 5287,2643 5230 3181 5304,Jould and HC Hchter del lith. | Tihmandel K Wallet frg.,eye,colon after J could be a stop with a speck
II,69,284,332 5293 922 5355,3122 5304 3468 5370,LGould anA HC. Lichter del ettith | C. Hhillmandel Imp.,eye,mark after lith looks like a comma
II,70,288,463 5176 1017 5228,2922 5185 3330 5247,F Goala and BCHiher deker Uh. | Mullmande & Wilten Ing,eye,no stop visible after Imp
II,71,292,547 5130 1121 5188,2828 5127 3300 5197,I. Goala and HC-Richter del elih. | Huthmandel & Walton Ip.,eye,
II,72,296,560 5107 1144 5169,2869 5098 3337 5156,Iald and I.CKrchter Ael et lith. | Hallnandd & Walton fne,eye,no stop after J; Imp faint
II,73,300,198 5177 762 5239,3192 5095 3576 5209,I. Goold and HC.Ruchier Ae ethih. | Hettmendel & Walten I,scan,"right credit line cut off by the binding after ""Hullmandel & Walton Im"""
II,74,304,442 5527 1060 5589,2944 5521 3410 5591,TGonld aud HC Hichter del d lith. | Thillmandel & Walton Imp.,eye,
II,75,308,385 5390 935 5442,3044 5373 3520 5435,T Gould and HCRiehderdd et lith. | Ballmandel & Walton Imp:,eye,mark after Imp looks like a colon
II,76,312,70 5481 706 5543,3124 5456 3576 5544,I.Gouta and H.C.Richter del et lith. | Hhullmandel & Walton Imp.,eye,
II,77,316,233 5326 839 5384,2714 5325 3260 5409,Gould and F-CRichter del & Lith | Stallmandel & Wallon Imp,eye,no stop visible after Imp
II,78,320,546 5297 1118 5359,2921 5286 3403 5360,F. Guzld ond EC Richter dd e lith | Hillmandd & Walton Imp,eye,no stop visible after lith
II,79,324,661 5478 1025 5536,2617 5486 2965 5566,J& L. Gould del et tith. | C. Hulliandel Imp.,eye,
II,80,328,694 5319 1114 5389,2619 5308 2977 5382,J& E. Gould del et lith. | C. Hultmandel Imp.,eye,
II,81,332,424 5387 1094 5457,2764 5385 3182 5469,"I, Gould and HCRichter ded et lith. | CHullmandel tmp.",eye,stop after J is comma-shaped
II,82,336,398 5252 988 5322,3144 5249 3611 5323,IGoil unid IEHichter deFe Wh. | Thallmundel & Watton Imp.,eye,"superscript t after del, with a comma-like mark under it"
II,83,340,261 5344 1994 5744,3287 5518 3549 5570,RHIPIDURA AI,scan,"read from the scan; both lines faint; the printer's line is very broken, in the shadow of the binding, read from the fragments of C, Hull, ndel and Imp"
II,84,344,569 5204 1143 5262,2703 5202 3199 5276,/ Could and HC Fachter de e ith | Hnlmandel & Nalton Imp,eye,mark after lith looks like a comma
II,85,348,414 5227 1034 5289,2849 5208 3379 5282,F.Gouta and H:O Hichter Jel eutith. | Gattmandel & Welton Tomp.,eye,
II,86,352,343 5306 871 5358,2904 5302 3346 5368,J. Gould and HCRichter di üith. | Hultnandet I Walton lons.,eye,
II,87,356,342 5503 956 5565,2720 5484 3216 5550,I Conld and HC:Richitor Ad etlith. | Hullmandel & Walton Imp.,eye,
II,88,360,394 5401 1078 5471,2717 5419 3157 5503,Tbouldand HCLichter del dhth | C. Hallmandel Imp.,eye,
II,89,364,771 5098 1297 5156,3034 5073 3536 5157,IGould and HC Hicher de dlith. | Hullenandel &: Walion Imp.,eye,
II,90,368,375 4978 953 5036,2823 4986 3331 5060,J Gold and H-C-Bichter del et tith | Thillmandel & Walton Inp,eye,mark after H looks like a hyphen; final stops faint
II,91,372,478 5218 1086 5284,2848 5199 3324 5261,A. Coula and P-Chicheer del et lith. | Hallmnanded & Walton tmp,eye,no stop visible after Imp
II,92,376,420 5167 1060 5229,2623 5160 3157 5240,J. Gould and H.C.Richter del et tith. | Hultmandel & Walton Imp.,eye,
II,93,380,288 4842 946 4926,2989 4890 3477 4974,I. Could and H.C.Kichter dil etlith. | Hullmandel & Walton Imp.,eye,mark after lith could be a stop
II,94,384,143 5584 657 5636,2865 5564 3301 5630,I. Coold and HC Ridder del & lith | Hollmanded & Walten Imp.,eye,
II,95,388,318 5430 984 5496,2979 5438 3435 5504,J. Gould und H.C. Richter del et lith. | Haltmand & Walton Imp.,eye,
II,96,392,88 5463 798 5533,2978 5446 3504 5520,1. Gould and H-Ckichter del a lith. | Thallmandel & Waltan Iry,eye,no stop visible after Imp
II,97,396,690 5102 1316 5164,3052 5101 3596 5181,I. Gould and HC Richor Ad c lith. | Hallwandel & Walton Imp.,eye,
II,98,400,406 5172 998 5234,2951 5162 3395 5232,I. Gould and H.C Richter del et tith. | Fullmandel & Walten Imp.,eye,
II,99,404,230 5187 824 5253,2700 5199 3186 5279,I.Could andM CHichter del etlith. | Hullmandet & Waltun Imp.,eye,
II,100,408,452 5198 1064 5268,2771 5185 3261 5251,F Gould and E C Richterdel et lith. | Hallmande & Walton Imp.,eye,a dot sits before the J; Richter and del nearly touch; stop after Imp could be a colon
II,101,412,186 5392 970 5480,3184 5358 3668 5446,3. Eouled and H•C Richter del et lith. | Hallmuendet &Walten 20,eye,no stop visible after Imp in the gutter shadow
II,102,416,18 5289 616 5355,2725 5306 3219 5390,I. Coule and ICftichter dd etlith. | Hultmandel & Walton Imp.,eye,
II,103,420,0 5420 666 5512,3310 5389 3729 5463,J. Goutd and M.C. Lichter del it lith. | Hallmandet & Wulton,scan,"right credit line cut off at the scan's edge, in the binding, after ""Hullmandel & Walton"""
II,104,424,221 5149 793 5207,2927 5159 3367 5225,T. Gould and HCRichter del et lith. | Hallmandel & Watton Imp.,eye,
III,1,12,376 5380 882 5446,3020 5370 3382 5436,C. Hullmandel Trp.,scan,read from the scan; left line faint and broken
III,2,16,538 5541 1068 5603,2807 5538 3173 5618,I Gould ond HCRichter delt | C. Fultrnandel Irnp.,eye,
III,3,20,578 5518 1066 5584,2987 5498 3391 5578,IGould and HCHichtr Ad! | C. Iullmundet Ing.,eye,
III,4,24,452 5219 1030 5281,2797 5196 3271 5276,J.Could and H-CRichter Adl ei lith. | Hullmandd & Walton Imp.,eye,stop after Imp faint
III,5,28,456 5155 1056 5239,2786 5172 3260 5260,"I'Ceuld and A,C.Lichter del? | C. Hullmandel Iimp",eye,
III,6,32,300 5443 876 5535,2867 5460 3247 5540,JGouid and HOPichter delt | 1. Ihraltonemstel Imng.,eye,
III,7,36,655 5442 1183 5516,3050 5453 3430 5537,LEcald and HCRichter delt | C.Hullmandel Imp.,eye,
III,8,40,546 5418 1146 5506,2909 5392 3305 5466,1. Could and HC Kichter dat | C Hullmandel Irp,eye,
III,9,44,702 5549 1290 5611,2924 5547 3426 5617,I. Gould and HC Richer del et bith. | Hultmandel & Walton Tiip.,eye,
III,10,48,460 5481 1068 5543,2658 5474 3038 5540,IGould and H.C. Richerel a lithey | C. Haltmandel Imp.,eye,"Richter and del run together with no gap (the r's exit stroke runs into the d); written with a space for now, for the punctuation check; a dot before the J; the ending reads lithog."
III,11,52,458 5539 1108 5601,2744 5528 3154 5616,IGoulà and HC Richter del et lith. | C. Ballmanded Frq.,eye,
III,12,56,498 4989 1100 5051,3155 4976 3527 5056,I. Goild and EC Richter de et lith | (Hatlmandil Iimp.,eye,no stop visible after lith
III,13,60,394 5367 1026 5437,2743 5342 3261 5422,J. Gould and HC-Richter del et lith. | Hillmandet &Walton Iup.,eye,
III,14,64,916 5650 1304 5741,2409 5658 2805 5741,J &c E. Gould detb | C. Hultmandel Imp.,eye,
III,15,68,990 5405 1374 5497,2703 5400 3101 5480,"J & E. Gould del, | C. Hullmandel Imp.",eye,
III,16,72,340 5547 924 5609,3033 5546 3395 5620,I. Could and H.C. Kichter del ei lith. | C. Hatlmandel Tmp.,eye,
III,17,76,857 5298 1267 5400,2722 5298 3120 5386,"I& E. Gould del, | C. Hullmandel Imp.",eye,
III,18,80,919 5460 1279 5562,2509 5481 2881 5565,"J& E Gorld del, | CEultmandel Imp.",eye,
III,19,84,958 5270 1274 5332,2725 5264 3095 5348,"I& F Gould, del | C. Hullmandel Imp.",eye,
III,20,88,972 5154 1372 5260,2521 5164 2899 5248,J & E.Gould delt | (. Hallmandel Ens,eye,
III,21,92,1039 5347 1389 5427,2564 5357 2924 5437,J & E. Goutd det. | C. Huttmandel Imp.,eye,the mark under the superscript t could be a comma
III,22,96,942 5324 1282 5394,2729 5324 3143 5408,J& E. Gould du | C. Hullmandel Imx.,eye,
III,23,100,325 5426 895 5478,2955 5434 3429 5500,J Goutd and HC Pachter ded et Fith. | Hallmandel & Walton Ip,eye,final stops faint
III,24,104,1019 5508 1395 5604,2665 5518 3059 5606,"I & E. Gould del,t | C. Euttmandel Imp.",eye,the mark under the superscript t looks like a comma
III,25,108,676 5246 996 5308,2399 5232 2809 5316,JKE. Gould del. | C. Hullmandel Ip.,eye,
III,26,112,867 5369 1143 5427,2715 5330 3043 5400,KE. Gudat | c Halimandel Imp,scan,read from the scan; the J is a faint trace
III,27,116,963 5359 1251 5411,2687 5345 3051 5411,IkE. Coula del | C Hatmonda Imp:,eye,colon after Imp could be a stop with a speck
III,28,120,1212 5342 1514 5404,2685 5299 3069 5387,ToZ Gula | C Hu'nandel Leo,scan,read from the scan; left line broken in the print; no superscript after del
III,29,124,1016 5332 1392 5416,2421 5322 2833 5414,I & E. Gould del! | C. Hullmandel Imp.,eye,
III,30,128,396 5330 1024 5400,2845 5306 3349 5376,I. Coula and ACkichter del ei lith. | Nullmandel & Walton Imp.,eye,
III,31,132,948 5482 1316 5570,2603 5488 2979 5576,"J&E.Gould, del,® | C. Hultmandel Imp.",eye,comma after Gould
III,32,136,852 5435 1170 5505,2560 5406 2942 5486,J& E. Gould del. | C. Hultmandel Imp.,eye,
III,33,140,907 5526 1263 5606,2601 5524 2961 5612,J & È Goutà del? | C Hultmandei Imp,eye,
III,34,144,596 5482 1252 5548,2818 5466 3176 5546,I. Gould and H•C-Richter det ettith | C Ballmandel tomp.,eye,"Hullmandel and Imp run together, the first word's last stroke touching the next; written with a space here, for the punctuation check"
III,35,148,476 5355 938 5399,2554 5361 2918 5419,y beid und KCeachisdd dk. | Entremtil de Walton Fe,eye,no stop visible after J or after Imp
III,36,152,481 5227 1063 5307,2899 5190 3339 5260,F.Gould and H-C.Ruchter del et lith. | Fallmandel & Walton Iip,eye,no stop visible after Imp
III,37,156,580 5398 1182 5464,2875 5374 3339 5443,"tne nd hulN h. | Hallanendet & Walion Inp,",eye,left line faint
III,38,160,443 5430 1067 5504,3042 5402 3554 5476,J Gould and H.C.Richter del et lith. | Hultmandel & Walton Imp.,eye,
III,39,164,358 5382 1064 5451,3083 5363 3499 5450,I. Gould and HCRichver del et lith. | CHullmandel Imp.,eye,
III,40,168,650 5222 1270 5284,2760 5211 3138 5285,I. Gould and A.C. Richter de etlith. | C.Hallmandel Imp.,eye,
III,41,172,530 5404 1098 5470,3187 5368 3611 5451,I. Gould and HCRichter Ad t lith. | Haltmandei & Walton Imp.,eye,
III,42,176,550 5360 1172 5422,2995 5355 3477 5421,I.Gonta and H.C.Richter de A lith. | aBhtllnonda & Walion Layi:,eye,right line blotchy; colon after Imp could be a stop with a speck
III,43,180,677 5454 1193 5512,3047 5442 3511 5508,"F.Geald and DC-Richter del et lale, | Hallmandel & Walten Imp.",eye,stop after lith could be a comma
III,44,184,414 5311 990 5377,2633 5281 3105 5347,S boold and BCHichter dleelith. | Tultsandel & Walton Emp.,eye,
III,45,188,621 5434 1219 5508,2889 5415 3387 5485,I. Corld ond H.Cticherdel alith. | Hallmandel & Walton Ip.,eye,
III,46,192,616 5355 1214 5421,2678 5341 3074 5421,I. Goulả and HCHichter đel aliơ. | C. Hultmandel Iimp.,eye,
III,47,196,371 5464 1037 5544,3085 5437 3611 5521,I.Coald and HC Richter del it tith. | Hullmmandel & Walton Imp.,eye,
III,48,200,358 5407 996 5477,3131 5368 3611 5459,F.Could and H.C. Richter del at tith. | Hullmandel & Walton Imp,eye,no stop visible after Imp (gutter shadow)
III,49,204,316 5326 870 5388,3061 5306 3513 5376,A. Grala anAHCRécher de et Tith. | Erlinandeh & Walton Emp.,eye,
III,50,208,553 5379 1115 5436,3023 5336 3533 5420,ALud Ad TCuhiAcL GAAN. | Hotimantel & Wation Imp.,scan,read from the scan; left line faint
III,51,212,386 5314 992 5376,2994 5297 3472 5371,J.Could and HCRichterdel a lith. | Hallmandel &Walton Inp.,eye,
III,52,216,609 5526 1125 5578,2925 5516 3375 5582,Loald and MERidhter del dh | Hillmandd & Walton Imp.,eye,
III,53,220,556 5071 1258 5159,2880 5067 3370 5141,I.Could and H-C Richter del d lth. | Hullnundd X Walton Imp,eye,stop after Imp faint
III,54,224,616 5127 1212 5189,2857 5108 3229 5188,LCould and HEKichter del ettith. | C. Hultmandel Iimp,eye,no stop after Imp
III,55,228,644 5299 1290 5369,3001 5286 3361 5366,J. Gould and ECRichter del it lith. | C Hultmandel Emp,eye,no stop after C of the printer's line
III,56,232,526 4971 1062 5033,2744 4939 3164 5009,J.Gould and H.C.Richter del et lith. | Fhiltmandel & Wallon Imp.,eye,
III,57,236,575 5474 1095 5532,2864 5448 3332 5514,FGowd nd BCRuchar AAe lah | Balmaniel i Walim Sraa,scan,read from the scan; both lines faint
III,58,240,424 5102 1054 5168,3002 5064 3512 5152,I Gould und HC Richter ded et Kith | AolheоЛ4 ₺ PEU,scan,read from the scan; left line faint; printer's line broken by foxing
III,59,244,563 5170 1113 5228,2995 5158 3435 5216,J. Grala and H.C. Richter del et lith. | Hullmandel & Watton Imp.,eye,
III,60,248,454 5456 1066 5522,3076 5409 3620 5515,I. Gould and HClichter del et lith. | Hullmandet & Walton Imp.,eye,
III,61,252,348 5245 940 5307,2560 5234 3044 5300,I. Could and HCRichter Ae et lith. | Hallmandel & Walton Iimp.,eye,
III,62,256,566 5431 1206 5501,2890 5409 3380 5479,J. Gould and H.C Richter del t lith. | Hullmandel & Walton Ing.,eye,
III,63,260,700 5327 1270 5397,2907 5302 3283 5376,I.Could and HCRichter del et tith. | C Hullmandet Tirp.,eye,no stop after C of the printer's line
III,64,264,927 4844 1289 4896,2396 4849 2712 4919,J &E' Goulà del et lith. | C Eulimandel Imp.,eye,the stop after E sits high
III,65,268,829 5200 1293 5280,2693 5196 3029 5254,"Nould and HC Fichter Iishog | C.Hallmundel, Smp",eye,J of J. Gould faint; no stop visible after Imp
III,66,272,854 5271 1266 5341,2605 5252 2959 5332,Jớc E. Goulà dei et lith. | C. Hulimandel Imp.,eye,
III,67,276,446 5100 1060 5166,3015 5086 3379 5166,SGould and I-CRichter del et lith. | C. Hrtmandel Imp.,eye,stop after J is comma-shaped
III,68,280,284 5236 896 5302,3001 5236 3383 5316,"I.Coudd and HCRickter del os litk, | C. Htattmandel Irp.",eye,
III,69,284,410 5316 1038 5382,2727 5322 3221 5402,L.Goald and HORidhter del et title. | Frlmeundei & Walion Imp.,eye,mark after lith looks like a comma
III,70,288,431 5302 989 5354,2898 5312 3240 5378,LGoitd and BCRichter dél alih. | C. Hullmanded Ip.,eye,
III,71,292,738 5372 1374 5438,3105 5372 3485 5452,L.Could oud H.C.Kicherde tlith. | CHullmandel Imp.,eye,
III,72,296,508 5261 1088 5323,2862 5274 3346 5362,J. Gould and H-CKichter del et lith. | Bullmanded & Walton Imp,eye,no stop visible after Imp
III,73,300,536 5122 1134 5188,2829 5108 3341 5188,I. Could and H-CRichter del et lith. | Hultmwndd & Walton Imp.,eye,
III,74,304,258 5306 886 5372,2980 5279 3430 5349,7. Could and IFC Richter del et lith. | Bittmandel & Walten Imp.,eye,
III,75,308,471 5262 1011 5314,3019 5254 3489 5334,I.Gould and H C.Richter det et lith. | Hullmandel & Welton Imp.,eye,
III,76,312,591 5024 1181 5082,3099 5006 3563 5080,J.Gonld and HC Richter del et hith. | Hullmandel & Walion Emp,eye,no stop visible after Imp (gutter shadow)
III,77,316,376 5195 1008 5257,2911 5178 3435 5258,J. Gould and HC Richter del et tith. | Hullmandet & Walton Imp.,eye,
III,78,320,589 5174 1143 5232,2508 5164 2936 5230,I. Goald and H.C.Hichter del et lith. | Buttmandel & Watton Imp.,eye,
III,79,324,641 5148 1217 5206,2509 5142 3003 5216,JGould wd HeHahtar dd d lith | Hollmandel & Walten Iip.,eye,left line faint; no stop after lith visible
III,80,328,841 5502 1223 5560,2603 5510 2953 5590,J & E. Goutà del et lith. | C. Hullmandel Imp.,eye,
III,81,332,832 5260 1252 5326,2771 5254 3135 5328,"J&F'. Gould, del et lith. | C. Hullmandel Imp.",eye,
III,82,336,517 5194 1017 5268,2444 5212 2764 5278,J. Goatd and H.C.Rickcer del! | C. Hutmandel Imp.,scan,read from the scan; left line blotchy with heavy ink
III,83,340,681 5074 1239 5148,3046 5076 3434 5164,J.Gould and E.C. Richter del.! | 1. Euttmondel Imp,eye,
III,84,344,713 5170 1243 5244,2610 5149 2964 5219,I.Goutd and ECFlichtertithog. | C. Hattnandel Finp.,eye,"wording reads lithog., not del et lith.; Richter and lithog. nearly touch"
III,85,348,511 5126 1057 5184,2813 5124 3253 5204,J. Gould and F CRichter del et lith. | Hullmandel & Walton Imp.,eye,
III,86,352,706 5327 1342 5389,2770 5329 3162 5413,Itould and HCRichter del et lith | C.Hullmandel Imp.,eye,no stop after lith
III,87,356,214 5176 786 5242,3166 5203 3502 5265,I. Gould and HCHichter đã A lith | CHtulmonda Imp.,eye,no stop after lith
III,88,360,168 5439 804 5501,3064 5435 3396 5497,T Gould and HCRichter Ad at lith. | C•Hullmandel Imp.,eye,
III,89,364,323 5566 887 5618,2823 5554 3297 5628,Could and U Ckichter dd et litte. | Hallmandet &Walton Imp,eye,no stop visible after Imp
III,90,368,342 5057 1016 5163,2816 5049 3252 5133,"J. Gould and HCFichter det,! | C. Hullmandel Ing'.",eye,
III,91,372,638 5182 1148 5248,2536 5177 2988 5239,/Gmldcd Chectlede,scan,read from the scan; both lines faint
III,92,376,463 5178 1031 5230,2760 5174 3220 5240,I.Ginla anA HC Richter del etlith. | Bollmandlet & Waltor Imp.,eye,
III,93,380,734 5284 1326 5390,2577 5309 2975 5375,"I. Gould and, H.C.Frchter det,t | C. Hultmondel Imp.",eye,
III,94,384,611 5199 1195 5279,3074 5207 3470 5281,Mould and H CRichter ddf | C.Hulmendd Inp,eye,t of delt is superscript; a comma-like speck after and; e of Hullmandel faint; no stop visible after Imp
III,95,388,559 5319 1097 5399,2876 5319 3276 5393,LGould ared ECFrchter det | CZullmandel Iip,eye,t of delt is superscript; no stop visible after Imp
III,96,392,450 5396 1082 5466,2782 5379 3282 5453,I. Gould and HCKichter dd etlith. | Hollmandd & Walton Ling.,eye,
III,97,396,671 5209 1213 5283,2622 5223 2978 5281,"J. Gould and HCBrahaer Llb | C, Hallmandel is",eye,
IV,1,12,432 5296 878 5340,3120 5312 3444 5356,and LCRichter | Л vala | C. Enllmendeimp.,eye,"a superscript t after Imp, as after del (checked on the scan); both lines faint"
IV,2,16,396 4823 1000 4893,2728 4838 3036 4882,Drann from Natare & on Stone by J & E. Gould. | Printed by CEultmandel,eye,"no stop visible after J, C or Hullmandel"
IV,3,20,1557 5410 1795 5484,2386 4798 3380 4908,dziald,scan,"left credit line too faint to read on the scan: only ""& H. C. Richter"" can be made out, and not its wording; no C visible before Hullmandel, only a dot"
IV,4,24,547 5284 901 5358,2384 5288 2768 5376,J& E. Gould del: | C: Hullmandel Imp:,eye,colons after del and C and Imp
IV,5,28,641 5376 945 5434,2825 5368 3195 5448,"J & E. Gouid dei. | "" Hullmande Imp.",eye,
IV,6,32,483 5176 1037 5234,2744 5181 3200 5243,I. Gould and H.C. Richter del et lith. | Hallmandel & Walton Imp.,eye,
IV,7,36,465 5280 1073 5338,2921 5258 3409 5338,T.CeulA and HCRichter Ad A litle. | Haltmandd & Welten Ip.,eye,
IV,8,41,0 5333 1228 5362,3926 5182 4308 5270,C Hulmandel Imx,scan,"read from the scan: the release sheet of this fold-out spread ends above the left line, which the BHL scan shows whole; stop after E faint"
IV,9,46,788 5234 1108 5278,2374 5225 2702 5287,J & E. Gould del et lith. | 1 HalmanYel ee,scan,read from the scan; both lines faint
IV,10,51,783 5068 1259 5148,3947 5350 4307 5430,C.Hailmnandel Irx,scan,"read from the scan: the release sheet of this fold-out spread misses the left line, which the BHL scan shows"
IV,11,56,230 5491 792 5553,3233 5478 3709 5552,"I, Ceuld and HCKichter del a lith. | Hallmonde! & Walton Imp.",eye,mark after J looks like a comma
IV,12,60,372 5382 992 5448,2950 5365 3420 5435,J.Could and HCKichter del et lith | Hutlmandel & Walton Imp.,eye,no stop visible after lith
IV,13,64,513 5450 1039 5502,2835 5428 3311 5502,„ bonld and f-Rid del et h | Hullmandil & Valten Imp.,eye,left line faint; no stop visible after J
IV,14,68,394 5373 996 5439,2846 5381 3320 5455,LGendd and Hi-Kichter del et lith. | Hutlmandel & Walton Imp.,scan,"read from the scan; the initial is a single stroke with a short foot, without the loop of this folio's J, and could be I"
IV,15,72,346 5186 876 5234,2941 5159 3421 5225,LOld and HOBidherdet alith. | Haltande & Waltmn Iry.,eye,left line faint; stop after H not visible
IV,16,76,312 5400 886 5462,3092 5381 3580 5455,I. Gould and H.C. Richter del et lith. | Fallmande & Walton Imp.,eye,
IV,17,80,541 5460 1191 5518,2987 5460 3407 5534,J. Goald and HCRichler del alith. | (. Fullmandel Imp.,eye,
IV,18,84,297 5330 915 5388,2901 5316 3429 5390,JCoutdad HChichter Ad dlth. | Hhitimandel & Walton Imp.,eye,
IV,19,88,664 5543 1028 5635,2552 5537 2940 5621,I &E. Gould dely | C. Fultmandel Finjp.,eye,the mark under the superscript t looks like a comma
IV,20,92,138 5404 660 5466,2027 5235 3721 5635,J Goula & FC Richter del er lith. | EMPORALAS: Vịg & Horsf | Aalimandel & Walem,scan,"right credit line cut off at the scan's edge, in the binding, after ""Hullmandel & Walton"""
IV,21,96,391 5371 961 5423,3250 5371 3602 5429,7 trald yd HCBichior dd Wlittk | C. Thalmoude Iup.,eye,
IV,22,100,506 5380 1010 5428,2973 5358 3297 5420,Temld and Hehilter dd dlith. | C. Hallmandel Bnp,eye,left line faint; no stop visible after Imp
IV,23,104,198 5263 826 5329,2912 5235 3326 5309,S. bould ond B.C.hichter de.et lith. | (: Fallmandel Io.,eye,
IV,24,108,108 5382 670 5444,2788 5355 3260 5429,J. Could and H-C-tuchier de et tith. | Nullmande & Walton Iip.,eye,
IV,25,112,555 5464 1265 5538,2782 5442 3198 5522,I. Gould and H.C.Rickter del et lith. | C. Hullmandel Imp.,eye,
IV,26,116,426 5422 1006 5483,2911 5406 3421 5475,I. Fould & H-CHichter del etlith. | Bullimandel & Walton Iimp:,eye,
IV,27,120,640 5426 966 5495,2905 5413 3305 5500,J& E. Gould del.,eye,
IV,28,124,567 5175 1281 5249,2967 5158 3401 5250,J. Gould and H.C. Fichter del etlith. | (: Etultmmandel Imp.,eye,
IV,29,128,276 5269 1018 5335,2720 5261 3132 5341,I. Gould and H.C. Richtér del et lith. | C. Hullmandel Imp.,eye,
IV,30,132,210 5267 888 5333,2719 5235 3111 5301,I Could and HC Kichter Add ih. | C. Dultmandel Imp.,eye,
IV,31,136,742 4970 1322 5032,2918 4949 3454 5029,TCeuld and HC Kichterdd & lith. | Лallmaйa 7 & Welton Inp.,eye,
IV,32,140,430 5343 978 5405,2976 5367 3438 5437,J Cend ont Bolihardd Bl. | Hulenanlel & Walion Ioir.,scan,read from the scan; left line faint and broken at the start
IV,33,144,326 5583 860 5653,3189 5543 3627 5605,F.Goutd and HCRihirs del alith. | ihatlimandel &e Watton Ip.,eye,
IV,34,148,428 5539 1016 5601,2805 5520 3273 5586,J.beuld and HCRichter dal et lith. | Hattnande & Walion Ing.,eye,
IV,35,152,468 5352 980 5400,2765 5326 3211 5396,рр руюи ро рри? т | Holtmanebek & WVeltor trepr.,eye,left line faint
IV,36,156,639 5327 1171 5379,2579 5314 3023 5384,I.Covla and HC•Kichter del erlith. | ' Hullmandel & Walton Eup.,eye,
IV,37,160,823 5135 1381 5193,2899 5122 3273 5192,SCorta ant IC Rihter de alith. | C. Hallandd Ip.,eye,
IV,38,164,595 5402 1167 5454,2897 5405 3241 5475,F.Could and HO Richter de et Tith. | C. Bolimandel Ing.,eye,"Hullmandel and Imp run together, the first word's last stroke touching the next; written with a space here, for the punctuation check"
IV,39,168,806 5483 1180 5567,2899 5475 3321 5581,I K. E. Gould de. | C.Hullman.iel.Imp,eye,
IV,40,172,814 5239 1148 5305,2701 5218 3093 5310,J&.F. Gould del. | C. Hallmandel Iip.,eye,
IV,41,176,397 5309 967 5367,2853 5300 3343 5362,I.Goald and H.C.Richter de A lith. | Hallmaudel & Walten Imp.,eye,
IV,42,180,490 5285 1080 5351,2631 5256 3073 5318,I. Coula and M•C• Hichter del ettith. | Htrlimanddel & Watton Imp.,eye,Walton and Imp nearly touch
IV,43,184,636 5255 1210 5321,2774 5251 3294 5331,I. Could and H-C Hickter del et lith. | Hullimandel & Walton Imp.,eye,
IV,44,188,1119 5239 1543 5313,2569 5222 2915 5306,J & E. Gould del et lith. | C. Haltmandel Imp.,eye,
IV,45,192,504 5242 1114 5304,2573 5248 3091 5340,I. Ceald and EC Richter Ad a lith. | Hullmandel & Walten Imp.,eye,
IV,46,196,271 5388 863 5446,3187 5348 3601 5439,bould and AC.Richter del ettih. | Hallmondel & Walton b,scan,"right credit line cut off by the binding after ""Hullmandel & Walton I"""
IV,47,200,475 5490 917 5570,2607 5455 3013 5547,J & E. Gould del et lith. | (. Hulimandel [mp.,eye,
IV,48,204,324 5280 1006 5350,2912 5269 3320 5349,/. Coald and A.C. Richtor del et lith. | 1. Hellmandel imp.,eye,
IV,49,208,472 5305 1086 5371,3306 5265 3629 5339,M.brald and A.C. Richter did et tith | C Mallmandil Iin,scan,"right credit line cut off by the binding after ""C. Hullmandel Im"""
IV,50,212,652 5328 1318 5390,2692 5323 3090 5397,Jemld and BlHichter del etlul. | C. Pallmandel Iop.,eye,
IV,51,216,670 5109 1286 5175,2736 5101 3118 5175,L'Gonld and HC Hichier da et lth. | C. Haltmandel Imp.,eye,left line faint
IV,52,220,628 5437 1226 5507,2882 5416 3256 5496,"T, Could ond MC Hichior đel ci bith. | C. Zullmandel Emp.",eye,
IV,53,224,340 5252 1008 5314,3032 5239 3410 5313,J.Gotild and HCRichter del et lith. | C.Hallandel Imp.,eye,
IV,54,228,545 5199 1171 5279,2996 5185 3366 5259,Moald and M-CKichter del w lith! | C. Hallmandel Imp,eye,a stray mark after lith.; stop after Imp faint
IV,55,232,515 5353 1069 5411,3228 5317 3619 5419,J.Gold HCRichter del e With. | Hallmandel & Walton s,scan,"right credit line cut off by the binding after ""Hullmandel & Walton I""; no ""and"" or ""&"" between Gould and H.C.Richter"
IV,56,236,730 5457 1136 5563,2542 5454 2928 5534,"JKE. Gould det, | CHullmandel Imp.",eye,
IV,57,240,499 5283 1123 5341,3106 5275 3601 5349,I. Gould and HCRachter dd etlith. | Hullmundel & Walton Imp.,eye,
IV,58,244,743 5590 1161 5692,2833 5592 3231 5680,J & E. Goriú delt | C. Hultmandel Imz,eye,
IV,59,248,679 5351 1013 5430,2798 5341 3198 5421,J& E. Goulà dett | C. Hullmandet Imp.,eye,
IV,60,252,300 5212 914 5274,2980 5203 3460 5277,I Gould and H•C-Richter del etlith. | Huttmandel & Walton Imp.,eye,
IV,61,256,378 5523 1094 5593,2987 5529 3437 5613,. Gould and HC.Richter del et lith. | C. Huttmandel Imp.,eye,
IV,62,260,230 5436 852 5502,2890 5454 3302 5528,7.Goutd and HC Richter di et líth. | E Hatimandel Inp.,eye,mark after lith looks like a comma
IV,63,264,323 5298 1023 5372,3113 5276 3499 5350,LContd and ECRichior del elith | C.Brilmandel Emp.,eye,
IV,64,268,589 5226 1183 5278,2949 5204 3331 5284,J. Goulà anà HCRichter del et lith. | C Huttmandel Enp.,eye,
IV,65,272,539 5406 1129 5464,2739 5406 3123 5486,J. Coold and FOKichier de alith | C.Ftrttnandel Imp.,eye,
IV,66,276,980 5020 1568 5086,2360 5024 2750 5090,PrasmPron Nature &on Fone ty FSE Gould. | Frinted by C. Folmande..,eye,no stop after J
IV,67,280,450 5088 1048 5154,2622 5097 3114 5159,J.Gould and HCRichter del et lith. | Hllmande & Haltr Ire,eye,
IV,68,284,966 5435 1302 5505,2532 5428 3042 5524,I& E. Goutd det. | C. Hullmaintel Lmf,eye,stop after Imp could be a colon
IV,69,288,475 5127 1039 5179,2755 5129 3105 5195,T.Could and E.C.Richter đel a lith. | C-Hultmondel Ing.,eye,
IV,70,292,302 5315 864 5377,2952 5298 3396 5364,I.Codd cnd MCRichte del a lah. | Hettmandel & Walien Imp.,eye,
IV,71,296,498 5218 1114 5284,2766 5227 3238 5297,"J. Could and HC Ruchter del it lith, | Hullmandel & Wation Ig.",eye,mark after lith looks like a comma
IV,72,300,381 4992 973 5050,2926 4985 3394 5055,"J.Gould and H.C Richler del et lith. | Hultmarde & Walton Emp,",eye,
IV,73,304,339 5362 941 5420,2998 5335 3522 5419,I.Could and HC. Richter Ad tlith. | Hllmandet & Walton Imp.,eye,
IV,74,308,281 5396 827 5448,3014 5389 3444 5451,LGould and HCRichter dl & lith. | Hallmandd & Walten Inp.,eye,stop after Imp faint
IV,75,312,372 5237 966 5299,2784 5241 3268 5303,I Gould and HCHichter del et tite | Multmandel & Watton Fm.,scan,read from the scan; printer's line faint
IV,76,316,612 5301 1248 5363,3164 5295 3532 5365,AGralA ant BORiehter Ael etlilv. | C. Balimandd Imp.,eye,stop after Imp lost in the dark edge of the crop
IV,77,320,328 5421 924 5483,3000 5419 3386 5503,Tlouda ant HT-Richter de dlith. | C. Fhilmandel Imp.,eye,
IV,78,324,330 5443 958 5505,3101 5436 3475 5510,"Kbonte and 1CTAtar del et t23. | CHollmandel Imp,",eye,"left line blotchy; mark after J looks like a comma, could be a stop"
IV,79,328,251 5234 879 5292,3081 5206 3553 5286,HCoulet and B-C-Kechiter Aat lith: | Ballmandel & Watten Imp.,eye,stop after lith could be a colon
IV,80,332,515 5320 1113 5378,2596 5304 3134 5392,V.Coald and HC Riduer dd e lith. | Hullmandel & Walton Imp.,eye,stops after H and C not visible
IV,81,336,530 5428 1184 5494,2820 5423 3204 5485,I Gould and HCRichter de ettith. | C.Hullmandel Ire.,eye,no stop after J; mark after C of the printer's line looks like a colon; Imp faint
IV,82,340,633 5208 1219 5266,2851 5204 3245 5284,I. Goald and HC Richter del et lith. | C. Hullandel Imp.,eye,
IV,83,344,470 5509 1140 5571,2708 5509 3092 5579,FGoald and HCHichter del et lith. | CHullmandel Ip.,eye,no stop after J; no stop after C of the printer's line
IV,84,348,468 5323 1030 5393,2986 5325 3428 5395,/ brud rnd H1 Kichire dei o htn | Authrnerich de Mallen torep,eye,right crop ends at Imp; any stop after it is cut off
IV,85,352,549 5262 1149 5320,2897 5254 3415 5350,I. Gould and NC Hichter del et lith. | Aullmandel & Walton Imp.,eye,
IV,86,356,448 5043 1024 5105,2917 5032 3403 5106,"T.Goald and HC Richter de lith, | Hultmaniel & Walton Ip.",eye,mark after lith looks like a comma
IV,87,360,576 5123 1144 5185,2772 5123 3260 5207,I.Gould and H-C. Richter del et lith. | Hallmandel &Walten Imp.,eye,
IV,88,364,266 5135 908 5205,2796 5103 3320 5187,"JCoudd and, Ht ticher Ad e lith | Hallmanded & Walton Irp.",eye,H.C. faint; no stop after lith visible
IV,89,368,384 5137 1006 5199,3023 5146 3485 5220,I.Gould and I CHichter del et lith. | Haltmandel & Watton Imp.,eye,
IV,90,372,11 5520 595 5578,3197 5486 3663 5582,J Govild cnd HCRichier Aet etuith. | Hultnandel & Watton Imp.,eye,
IV,91,376,237 5352 863 5432,3268 5382 3628 5470,J. Geuld and H-C-Richter de a lith. | Ihulimandd & Walton,scan,"right credit line cut off by the binding after ""Hullmandel & Walton I"""
IV,92,380,363 5516 895 5574,2995 5533 3435 5603,I. boula and H.C.Richter deltith. | Hallmandet & Walton Imp.,eye,stop after lith could be a comma
IV,93,384,686 5301 1084 5363,2472 5288 2836 5354,J&E Gould del et lith: | C C. Futtmandel Imp.,eye,no stop visible after E; colon after lith could be a stop with a speck; a stray C before C.Hullmandel
IV,94,388,804 5165 1242 5235,2688 5171 3046 5241,J& E. Gould del et lith. | C. Hultmandel Im,scan,"right credit line printed short: after ""C. Hullmandel Im"" only the foot of the p shows, mid-page"
IV,95,392,638 5150 1012 5216,2526 5173 2876 5257,"? "" E Coulà del et lith. | C. Hullmandel Imp.",eye,J faint
IV,96,396,481 5264 1073 5322,2724 5254 3252 5342,S Conia nad HHcherdd a lith. | Haltmandel & Watton Imp.,eye,
IV,97,400,412 5469 1020 5531,2451 5450 2855 5530,LGould and HCRichter del et lith. | C. Hallmande Imp.,eye,
IV,98,404,946 5227 1316 5289,2805 5232 3141 5306,IK E Gould del et tith. | C. Fullimandei Imp.,eye,no stop visible after E
IV,99,408,145 5336 731 5388,3115 5324 3613 5398,hх Ang I рo pуоg | Hallmandd & Hatten Imp.,eye,both lines faint
IV,100,412,276 5451 840 5513,3272 5451 3648 5543,J. Gould and HCRichter del wlith. | Huttmandel & Walton,scan,"right credit line cut off by the binding after ""Hullmandel & Walton I"""
IV,101,416,448 5414 1046 5480,3051 5426 3445 5506,Hould and HCRickter del et lith. | C•Hallmandel Ip.,eye,stop after Imp could be a comma
IV,102,420,379 5213 893 5265,2596 5219 3064 5293,LGould and HCHichterdd e lith. | Hultmandel & Walton Imp.,eye,stop after Imp faint
IV,103,424,500 5043 1084 5109,2987 5044 3297 5106,I Gould and HCRichiter del et lah. | C. Hullmandel.ts,scan,"right credit line printed short: after ""C. Hullmandel Im"" only a trace of the p shows, mid-page"
IV,104,428,641 5406 1297 5480,2882 5432 3312 5512,I. Gould and H•CRichter del et tith. | C. Bullmandel Imp.,eye,mark after lith looks like a comma
V,1,12,350 5559 960 5621,2783 5564 3133 5638,IGoald and HC. Kehter Ael et lith | Iubncadel Img.,scan,"read from the scan; both lines faint, the printer's broken"
V,2,16,426 5519 1084 5585,2777 5516 3215 5600,C Hallmandel Ip.,eye,
V,3,20,416 5647 1086 5717,2833 5656 3235 5723,I.boulá and H.C. Richter del et lith. | C Balimandel Ing,eye,mark after C of the printer's line looks like a colon; likely a stop and a speck
V,4,24,379 5532 925 5606,3000 5526 3474 5600,ICoald and HCRácliter del eilith. | Hallmande & Waltor Iup.,eye,
V,5,28,644 5436 1230 5498,2766 5451 3258 5525,J. Gonli and I•C.Richter dã e lith. | Hullmandel & Walton Imp.,eye,
V,6,32,616 5461 1168 5527,2870 5461 3198 5519,Drasm from Natvre & on stone by I&È:Gouid. | Frinted by C. Hallmandel.,eye,
V,7,36,253 5483 783 5535,2960 5487 3386 5544,J. Gould and N.C. Kichtcr da et Tith. | Tatmandel & Walton Ln.,eye,left line faint
V,8,40,0 5595 546 5657,2063 5587 2493 5649,Iiulai anh HCAuche debet Mih. | Inltenasdel KWalten bs.,scan,left credit line's start cut off at the sheet's edge: the initial before Gould is not on the sheet or the scan
V,9,44,250 5532 890 5598,2994 5527 3510 5597,I. Gould and H-CRichter del lith. | Hullmandel & Walten Imp.,eye,
V,10,48,220 5557 842 5619,2941 5540 3449 5620,I. Gould and H.C. Richter del et títh. | Ehslmandel & Walton Imp.,eye,
V,11,52,323 5544 905 5618,2945 5557 3445 5627,I. Goald and HCRishter del d lith. | Hullmandet & Walton Ip.,eye,mark after lith looks like a comma
V,12,56,132 5699 790 5783,1936 5389 3723 5789,F. Gould and H.C.Richter del etlith. | XANTHONOTUS: Gould. | Hullmundel & Walton,scan,"right credit line cut off at the scan's edge, in the binding, after ""Hullmandel & Walton"""
V,13,60,288 5450 894 5516,3006 5461 3478 5531,J. Gould and I.C. Kichter del a lith. | Hullmande & Wallon Ip.,eye,
V,14,64,341 5403 875 5461,2963 5410 3415 5480,"L. Gondd and BCHichordel eith, | Hutmunder & Walton Imp.",eye,
V,15,68,724 5510 1326 5576,3115 5518 3589 5598,TGould aná H.Clichter del e lih. | Hullnandel & Walton Imp.,eye,no stop visible after Imp
V,16,72,453 5367 1061 5425,2971 5356 3447 5418,I.Gould and HC Richter dabret lith. | Eullmandel & Walton Imp.,eye,del and et run together
V,17,76,576 5399 1084 5465,3050 5415 3428 5495,JGould and HClichte dele | C. Hullmandel Ip.,eye,no stop under the superscript t of delt visible
V,18,80,543 5580 1125 5654,3114 5592 3496 5672,CCould and HC Richter del! | C. Hullmandel Imp.,eye,left line faint
V,19,84,352 5436 964 5498,2952 5451 3328 5525,"IBoala and HCRichter del eztik. | c Hetmanilet Imp,",eye,
V,20,88,480 5306 1218 5376,2931 5293 3347 5381,I. Could and A.C. Richter del it lith. | C Htallmandel Imp,eye,no stop after C of the printer's line or after Imp
V,21,92,341 5530 1117 5604,2980 5527 3426 5619,F. Could and H.CRichter del ot tith. | C. Hallmandel Iimp.,eye,
V,22,96,744 5349 1122 5411,2738 5321 3064 5391,J& E. Gould del et lith. | C. Huttmandel Imp.,eye,
V,23,100,322 5496 926 5562,2715 5512 3207 5586,L. Could and HC Hichterde et-lith | Hallnda & Walton Imp.,eye,stop after lith faint
V,24,104,540 5485 1038 5533,2973 5484 3381 5542,V. Gould amd HCHrchter del et hith | Hallmanael & Walton Ip,eye,no stop visible after lith or Imp
V,25,108,801 5012 1187 5070,2667 5004 3025 5084,I & F. Goulà del et lith. | C Hutlmandei Imp,eye,no stop visible after E
V,26,112,903 4998 1263 5056,2752 5003 3074 5073,J &.E. Goutd del et lith. | C.Huttmandel Imp.,eye,
V,27,116,619 5326 1141 5384,3051 5336 3487 5410,J.oald and HCRichter dd ätith. | Hallmondd &Waltor Ip.,eye,
V,28,120,499 5458 1129 5532,3028 5453 3648 5545,I Copid and HChukter dd dtth. | Hullmandel & Walton Imp,eye,
V,29,124,652 5289 1218 5351,2712 5303 3198 5373,IGould and ECRichter del et lith. | Hallmondel & Walton Imp.,eye,
V,30,128,506 5295 1068 5357,2876 5276 3346 5342,I. Gould and H.C.Richter del ülith. | Hallmandel & Walten Imp,eye,
V,31,132,624 5243 1214 5305,2637 5254 3019 5334,1. GoulA and LEC Richter del blith. | C. Hallmandel Imp.,eye,
V,32,136,560 5585 1066 5647,2751 5608 3213 5682,Ibould and WCkichter det wliih. | Hullmandel & Walton Imp.,eye,
V,33,140,119 5314 775 5394,2974 5344 3504 5432,I Gold anà EVHicher del tith. | Hatimandet & Watton Imp.,eye,
V,34,144,481 5153 1003 5211,2838 5133 3258 5191,Iould and ECRidaer del e lith. | Hallmandal X Walten Eng.,eye,left line faint
V,35,148,416 5639 1042 5709,3076 5616 3616 5690,F Goula ond HCHichter de et lith. | Hattmandel & Walton Imp.,eye,
V,36,152,639 5409 1129 5460,2954 5383 3352 5441,LCoula and HCRichter del di lith. | Hillvnandet & Walton imp.,eye,
V,37,156,977 5153 1377 5249,2793 5148 3179 5232,"I& F. Goutd, det} | C. Eullmandel Imp:",eye,colon after Imp could be a stop with a speck
V,38,160,915 5271 1293 5345,2799 5257 3223 5345,J ử E. Gorld del. | C. Hulimandel Imp.,eye,
V,39,164,808 5560 1190 5648,2803 5575 3167 5659,I I.F. Proutd det.! | C. Huttmandel Imp.,eye,
V,40,168,674 5141 1316 5229,2642 5117 3022 5197,IGould and IIClichter del etlith. | C Hattmandel Imp.,eye,mark after lith looks like a comma; mark after C of the printer's line looks like a colon
V,41,172,746 5479 1396 5541,2644 5476 3070 5572,T. Gould and B-C Richter del etlith. | ( Hullmande Iup.,eye,
V,42,176,220 5280 818 5350,3139 5258 3597 5328,J. Goald and H CRichter del etlith. | Hrittmandel & Walton Imp.,eye,
V,43,180,720 5340 1112 5402,2393 5336 2751 5420,I & E. Goald del et tith. | C. Huilmande Imp.,eye,
V,44,184,574 5479 892 5549,2647 5501 3023 5571,J & F. Gorld del. | C Futtmandel Irx,eye,
V,45,188,490 5506 1270 5594,2865 5516 3229 5582,"Pram ou Sone by I & E. Gouid from a Paving by Edw, AIear | Brinted by C. Hritmandei.",eye,I could be J (script capital) and has no stop; d of Edwd is superscript; stop after Lear faint
V,46,192,1374 3471 1934 3519,4016 3461 4460 3523,J. Gould and H.C.Richter del d lith. | Hallmandel & Wulten Imp.,eye,
V,47,196,572 5649 938 5733,2722 5644 3070 5718,I& E. Goulà deli | (. Huiimanda Lmp.,eye,
V,48,200,238 5286 762 5356,3076 5311 3452 5391,ICrald and HORichter det! | C. Hullmandel Imp.,eye,
V,49,204,218 5537 752 5607,3131 5523 3483 5585,Zbaaldand Ee Rihtey det! | Lmmati,scan,"read from the scan; printer's line faint, in the shadow of the binding"
V,50,208,374 5485 936 5547,3075 5470 3445 5536,YCoale and H.C.Richtor del erlits | C. Bullmandd tmp,eye,no stop visible after lith or Imp
V,51,212,437 5480 939 5560,2936 5486 3436 5566,Itenld and H.C. Richter dett | 1. Hullimandel Inp.,scan,read from the scan; J. Gould faint
V,52,216,332 5358 926 5420,3086 5339 3470 5419,J.Could and LCHichter del it tith. | C. Hullmandel Imp.,eye,
V,53,220,612 5354 936 5424,2985 5374 3359 5465,J&E. Gould del. | C. Eultmandel Imp.,eye,colon after Imp could be a stop with a speck
V,54,224,242 5415 882 5485,3087 5372 3465 5441,IGouid and HCHicher del elith. | C.Haltmandel Imp.,eye,mark after lith looks like a colon; could be a stop
V,55,228,503 5299 1011 5379,2823 5314 3113 5376,mid wd Brtohterdete,scan,"right credit line too faint to read after ""C. Hullmand"", so its wording is lost; the J read from the scan"
V,56,232,633 5313 1115 5371,2642 5299 3038 5379,РАУ Н ИК0 | / Hullmandel Imp,scan,"read from the scan: the left crop cut off the faint ""J."""
V,57,236,344 5395 1020 5465,3171 5376 3575 5467,I. Could and HCRichter del ét lith. | C.Huthmandel Ip.,eye,"Hullmandel and Imp run together, the first word's last stroke touching the next; written with a space here, for the punctuation check"
V,58,240,601 5307 1155 5359,2995 5303 3439 5369,I. Gmia und FCRicer dd Auh | nallanandd a iaiton trp,scan,read from the scan; both lines faint and broken
V,59,244,568 5470 1194 5536,2926 5480 3340 5560,I.Gould and H:C'Richter del et Tiik. | C.Itultmandel Imo.,eye,
V,60,248,432 5447 1118 5517,2706 5434 3140 5530,I.Goid and EC Kichter del et lith: | C. Hallmandel Imp.,eye,mark after lith faint and looks like a colon; could be a stop
V,61,252,746 5468 1150 5534,2840 5452 3190 5526,FHE Gonld Bel eith | C. Hulmandel Imp.,eye,
V,62,256,598 5467 1206 5537,2896 5435 3294 5519,I.Gould and HCRichiter del et lith. | i Hallmandel Imp.,eye,
V,63,260,1641 3172 2865 3572,3474 3543 3802 3572,LEUCOSARC | Haloendel Ina,scan,left credit line cut off at the sheet's foot: only the tops of its letters show
V,64,264,422 3641 1450 3670,4696 3622 5056 3666,THA | CHualmandl I.,eye,no stop visible after lith; the left crop ends just after it
V,65,268,988 3433 1636 3495,4174 3426 4566 3492,J.Goald and HC Richter del etlüth. | C. Hullmandel Imp.,eye,
V,66,272,575 3216 2475 3616,3275 3216 5175 3616,,none,credit lines cut off: the sheet ends in the caption
V,67,276,1733 3576 2223 3597,3392 3565 3722 3597,,scan,"left credit line's lower half cut off at the sheet's foot: read from the upper half of its letters, so stops are unreadable, and two letters after ""lith"" (perhaps og) cannot be read"
V,68,280,1671 3584 2153 3621,3908 3593 4226 3621,Gortd and HC. Kichter del! | 2. Huadenandel bry,eye,both lines faint
V,69,284,1569 3562 2151 3614,3626 3565 3986 3613,: Could and H.C. Richter lithog | C Hitmandel Tmp,eye,J faint
V,70,288,693 5217 1395 5291,3297 5206 3655 5298,L. Gould and HChichter dd etlih. | C. Huttmandel Imp.,eye,"Hullmandel and Imp run together, the first word's last stroke touching the next; written with a space here, for the punctuation check"
V,71,292,1210 3491 1954 3553,3751 3462 4181 3536,I. Gould and H.C. Kichter del et lith. | C. Hallmaridel Iimp.,eye,
V,72,296,527 5422 1091 5480,2957 5397 3319 5462,"1, Couta and H.A, Richtes del a lah | C. Balimandel Iap.",eye,
V,73,300,534 5312 1226 5404,2791 5256 3433 5340,Jfould and H C Richter del etlith. | Hullmandel & Walton Irp.,eye,
V,74,304,622 5370 1280 5461,2724 5327 3262 5407,J.Gould and HC Kichter del et lith. | Hullmandd & Walton Imp.,eye,
V,75,308,313 5173 917 5231,2826 5165 3176 5239,TCould ond HC Richter del evlith. | C. Hullmandel Imp.,eye,
V,76,312,1116 3549 1686 3589,3970 3545 4468 3593,J. Gould and H. C.Richter del et lith. | Hullmandel & Wotton Iry.,eye,
V,77,316,575 3277 2475 3677,3275 3277 5175 3677,,scan,"left credit line cut off: the sheet ends in the caption, itself cut; the right credit line's foot is at the sheet's edge"
V,78,320,575 3278 2475 3678,3275 3278 5175 3678,,none,credit lines cut off: the sheet ends in the caption
V,79,324,857 3476 1251 3550,3280 3288 5180 3688,,none,"credit lines cut off: the sheet ends at the foot of the picture, above the caption"
V,80,328,1444 3299 1796 3369,3936 3292 4338 3380,IA: E Gould del. | C. Hullmandel Imp.,eye,no stop visible after E or after del
V,81,332,1443 3306 1977 3364,3753 3292 4231 3366,I Gouild and H.CHuchter del ettith. | Hullmandel & Watten Imp.,eye,mark after H could be a colon
V,82,336,1337 3350 1911 3402,3730 3347 4198 3417,T. Coudd ond HCLichter d & lth. | . HullmondA I Hattm Frgp.,eye,
V,83,340,1265 3352 1843 3410,3912 3351 4350 3421,J. Gould and H•C Kichter del lith. | Huttmandel & Walton Imp.,eye,
V,84,344,1272 3373 1812 3421,3854 3373 4270 3435,·Covtd ana BCRichtra da eWith. | Hullmardel & Walten Imp.,eye,
V,85,348,1174 3359 1796 3421,4105 3366 4477 3440,A. Covld and H.C. Richiter Jet etlih. | C. Hastlmandel Emp.,eye,
V,86,352,1804 3285 2104 3355,3721 3300 4109 3374,& E Coudd delt | C. Hullmandel Imp.,eye,J faint
V,87,356,1678 3403 2024 3473,3358 3412 3742 3478,I& Hlorld de | C Hallmandei inp,scan,read from the scan; both lines faint
V,88,360,1246 3282 1852 3348,4100 3284 4564 3350,I.Gould and H-C.Rechter del it lith. | Hallmande & Walton Imp.,eye,
V,89,364,1323 3498 1965 3556,3878 3497 4298 3581,J. Gould and H.C.Richter del et lith. | C. Huttmandel Fimp.,eye,
V,90,368,901 3458 1497 3516,4162 3437 4672 3507,JGould and BCHichtes dd evlith. | Aulimandel & Walton Ie.,eye,no stop after J visible
V,91,372,997 3346 1593 3404,4322 3349 4766 3411,T. Gould and H.C.Richter del etlith. | Haltmandel & Walten Imp.,eye,
V,92,376,1390 3573 2114 3643,3640 3582 4104 3658,"J, Gould and H•C:Kichter del et lith. | C:Htattmandet Iinp.",eye,mark after J looks like a comma
VI,1,12,513 3482 1637 3578,4202 3478 4792 3566,Drann from Nature and on Stoneby Waterhouse Hawkine. | Hallmandd & Walton Imp.,eye,
VI,2,16,575 3324 2475 3724,3279 3324 5179 3724,,none,credit lines cut off: the sheet ends in the caption
VI,3,20,587 3698 1225 3748,4170 3684 5642 3748,T. Gould and HC-Richter del et lith. | Hutlmandet & Walton In.,eye,
VI,4,24,1440 3576 1888 3642,3756 3563 4150 3633,H.C. Mickler del et lithwg | C. Hulimandel Ime,eye,no stop visible after lithog
VI,5,28,1336 3660 1844 3704,3925 3648 4339 3700,J. Could and. H-C Hichter del et lith. | Hullmandd & Walten Ip.,eye,
VI,6,32,1326 3551 1810 3599,3921 3538 4363 3596,1ouid and HCHidier de d lith. | Mihanda & Waitr Io:,eye,
VI,7,36,1120 3633 1770 3695,3782 3631 4302 3701,J.Gould and HC Hichter dã 1 lith | Hullmandd & Watten Imp.,eye,stop after lith faint
VI,8,40,1403 3512 2053 3586,3844 3518 4486 3606,I.bould and HC Kichter del đ lith. | tultwoudel und Watton Irrop.,eye,and spelled out in the printer's line
VI,9,44,575 3342 2475 3742,3279 3342 5179 3742,,none,"credit lines cut off: the sheet ends in the caption, itself cut"
VI,10,48,1378 3627 1934 3697,3880 3629 4262 3699,I.Gerrld and H.t.Richterdet | C Hullmandel Jop.,eye,no stop visible under the superscript t
VI,11,52,1657 3614 2163 3666,3820 3610 4188 3676,J. Gonld and HC. Biao da | C. Hullmandel Ings,eye,
VI,12,56,1039 3544 1613 3596,4098 3532 4574 3598,J. Gould and H.CHickter del et lith. | Hullmandel & Wilton Ing.,eye,
VI,13,60,889 3564 1605 3644,4318 3576 4826 3642,J. Gorrtà and -C.Bichter del et titt. | Gortenaritet & Wattan Temp.,eye,a speck before Imp
VI,14,64,845 3558 1517 3616,4114 3549 4656 3619,I. Gould and TCBichier đã e Tith. | Hattmandt & Walton tmp.,eye,
VI,15,68,1114 3596 1690 3640,4279 3586 4639 3638,J.Coudlà anđ HCRichter đd et lith. | C. Htallmandel Imp.,eye,
VI,16,72,775 3636 1379 3687,4459 3644 4975 3687,J. Gould and HC.Bichter del et lith. | Beelivunseded & Walton Ivp.,eye,
VI,17,76,1180 3318 1742 3384,3856 3318 4372 3406,J.Gould and H C Prchiter det ettith. | Hullmandel & Walton Iup.,eye,
VI,18,80,1694 3527 2244 3589,3965 3532 4273 3584,Drawn from Nature Kon Stone by J&E. Gouid. | Bintedby CHallmanii.,eye,
VI,19,84,1423 3560 2025 3618,3967 3552 4441 3610,I. Gould aud HC Richter del et tith. | Hullmandd s Wtr Iap,eye,right line faint; no stop visible after Imp
VI,20,88,1381 3628 2015 3680,3726 3639 4200 3687,J. Coald and UCKichter del a lith.,eye,
VI,21,92,1918 3617 2270 3687,3504 3623 3886 3685,"J& F. Gould del, | C. Hultmandel Imx.",eye,
VI,22,96,1402 3375 2070 3437,4097 3370 4657 3444,T Goold and HCRichter del d lith. | Hntlmindd & Walton Inp.,eye,
VI,23,100,1184 3499 1810 3561,4237 3472 4743 3552,I. Gould and HC Richter del et lith. | Hullmandel & Watton Imp.,eye,
VI,24,104,575 3314 2475 3714,3279 3314 5179 3714,HIMANT | LWS: Gould,none,credit lines cut off: the sheet ends in the caption
VI,25,108,575 3323 2475 3723,3279 3323 5179 3723,,none,"credit lines cut off: the sheet ends at the foot of the picture, above the caption"
VI,26,112,1170 3321 2877 3721,3325 3688 4297 3721,,none,"credit lines cut off: the sheet ends at the foot of the picture, above the caption"
VI,27,116,1353 3668 1799 3704,3826 3676 4286 3715,Hallnaue but,eye,
VI,28,120,858 3589 1474 3637,3980 3566 4486 3632,J. Coold and H-C.Richter del t tith. | Fallmandd & Waltn Inp.,eye,
VI,29,124,834 3637 1468 3685,4344 3636 4884 3702,J. Gould and HC.Richter del et birh. | Huttmandel & Walton Imp.,eye,
VI,30,128,1172 3266 1812 3332,3881 3268 4375 3348,I. Goald and HCRichter del a lith. | Hallmandet & Walter Imp.,eye,
VI,31,132,1177 3476 1791 3534,4235 3470 4757 3550,I.Gould and H•C.Richter del et lith. | Hullmandel & Walton Imp.,eye,
VI,32,136,911 3572 1603 3630,4363 3570 4975 3650,1. Gould and AC Hichter del elith. | Hallnandel & Walten Imp.,eye,
VI,33,140,1095 3508 1841 3582,4138 3489 4700 3573,I. Gould and HC tichter del e lith. | Hullmandd & Walton Imp.,eye,
VI,34,144,946 3531 1650 3601,4212 3527 4772 3597,I.Gould and H•C•Richter del et lith. | Halmandel & Walten Imp.,eye,
VI,35,148,708 3498 1374 3564,4366 3509 4888 3579,J. Goulà and HC.Richter del et lith. | Hultmandel & Walton Imp.,eye,stop after Imp faint
VI,36,152,1328 3563 1868 3603,3913 3560 4245 3612,J.Coulđ and H.C.Hichter del a lith. | C. HiMmandel Imp.,eye,
VI,37,156,937 3498 1573 3556,4277 3490 4835 3570,1. Gould and HCHichter dd Mith. | Bullmandet & Walton Imp.,eye,
VI,38,160,1153 3620 1715 3650,4047 3634 4519 3670,1. Coulà and B•C.Hichter de ctlith. | Hedmandel & Walen Imp.,eye,
VI,39,164,801 3466 1529 3540,4576 3467 5190 3559,I. Gould and HC Richter del et tith. | Hullmandel & Walton Imp.,eye,
VI,40,168,790 3564 1428 3608,4293 3554 4825 3612,J. Could and H•C Richter đe et tith. | Hullmandel & Watton Imp.,eye,
VI,41,172,1467 3644 1945 3680,3860 3649 4196 3681,,eye,t after del is superscript; spacing in H.C.Richter is tight and could be H. C. Richter; a mark between Hullmandel and Imp. looks like a blemish
VI,42,176,666 3470 1420 3536,4617 3462 5161 3542,J. Gould and H•C-Richter del etlith. | Hullmandel & Walton Imp.,eye,
VI,43,180,906 3572 1410 3600,4552 3575 4978 3615,1.Gend end B.Chdhterda e W | Initnondel & Watten Irp,eye,small crops; stops hard to see
VI,44,184,648 3563 1232 3603,4546 3564 4990 3608,T Coald avd HCHichter dd tlith. | Nallmandel & Walton Imp,eye,no stop visible after J or after Imp
VI,45,188,1331 3536 1901 3588,4111 3522 4437 3580,J.Gndd and Ht; Hichter del d-lith. | 1 Bullmandel teng.,eye,"mark after C of H.C. looks like a semicolon, read as a stop; stop after the printer's C shows as a raised mark"
VI,46,192,575 3260 2475 3660,3279 3260 5179 3660,,scan,"left credit line's foot cut off at the sheet's edge, read from the upper half of its letters, so stops are unreadable; right credit line cut off: the sheet ends in the caption"
VI,47,196,1712 3628 2174 3656,4160 3617 4482 3657,1 Covld and HBichter di dlith. | C: HuUmandel Irp.,eye,
VI,48,200,340 5525 968 5587,2928 5515 3460 5585,L.Coula and H-CRichter del alith. | Hallmandel & Walton 1mp.,eye,
VI,49,204,363 5354 1869 5754,1869 5354 3267 5754,PLATALEA FI | AVIPE S: Gould,scan,read from the scan; both lines faint
VI,50,208,535 5354 1955 5754,2784 5581 3194 5651,PLATALEA | CFnlinanda imp.,scan,left credit line not visible on the scan: the paper level with the printer's line is blank
VI,51,212,526 5527 1106 5597,2900 5506 3346 5572,I. Gorld and H.CRichter del et lith. | • Fultmandit & Walton Imp.,eye,mark after J looks like a comma
VI,52,216,805 3578 1441 3608,4232 3579 4730 3619,J. Conđ and H.CRicher de d lith. | Halnandel & Walton Imp.,eye,
VI,53,220,0 3656 1055 3714,3854 3314 5754 3714,,none,"credit lines cut off: the sheet ends in the caption, itself cut"
VI,54,224,57 5594 719 5674,1954 5354 3647 5754,LGoudanA B.C.Hiclto del elith | Htaltmandel & Wtten lang | IROSTRIS: Gould.,scan,"right credit line cut off at the scan's edge, in the binding, after ""Hullmandel & Walton"""
VI,55,228,198 5534 862 5600,3162 5505 3626 5589,F. Gould and H-C Kichter del eitith.. | Hultrnandel & Watton brp..,eye,no stop visible after lith
VI,56,232,1187 3572 1757 3602,3728 3567 4202 3607,I. Gould ana HORichter del At lith. | Halmandd & Nalton bp.,eye,
VI,57,236,673 3640 1283 3665,4364 3628 4848 3656,а Сн.,eye,
VI,58,240,575 3259 2475 3659,3279 3259 5179 3659,,scan,"left credit line cut off at the sheet's foot: only the tops of its letters show; the right one's foot is cut too, read from the upper part of its letters, so its punctuation is unreadable"
VI,59,244,575 3270 2475 3670,3279 3270 5179 3670,,none,"credit lines cut off: the sheet ends at the foot of the picture, above the caption"
VI,60,248,575 3281 2475 3681,3279 3281 5179 3681,,none,"credit lines cut off: the sheet ends at the foot of the picture, above the caption"
VI,61,252,546 3638 1448 3666,4380 3625 4880 3673,lilh | Halimandel & Walten Imp.,eye,"J faint; no stop visible after lith, which ends at the crop's edge"
VI,62,256,1151 3265 2877 3665,3508 3635 4316 3665,,none,credit lines cut off at the sheet's foot: only the tops of a few letters show
VI,63,260,1168 3274 2877 3674,3893 3624 4299 3660,Halmandel & Waltor Inp.,scan,read from the scan; both lines sit on the sheet's foot; the word between del and lith is et
VI,64,264,690 3603 1292 3643,4600 3587 5074 3635,"1,Gould and H.t. Richer dd evlith. | BalnanAel & Walton bnp.",eye,stop after J is comma-shaped
VI,65,268,1361 3616 1857 3652,4032 3609 4482 3649,J. Gonda and U.C Hichter del et liBhr. | Hullmandel & Walten Imy.,eye,
VI,66,272,766 3279 2666 3679,4187 3610 4701 3662,TR TTANDA | Hutmandel & Watten Imp.,eye,left crop is wide (art and caption); its line sits at the bottom edge
VI,67,276,832 3589 1466 3629,4452 3588 4910 3632,Jbould and H.t.lachter dd zlith | Halmandet & Walter Inp.,eye,both lines faint; no stop after lith visible
VI,68,280,1093 3370 1637 3422,4252 3378 4750 3444,T.Could and H.C. Richter Ail etih. | Hallmandd & Walton Imp.,eye,
VI,69,284,604 3509 1140 3549,4651 3512 5133 3570,I. Geutà ondU-C Richler dd e tith. | Hlimandet & Walton Imp.,eye,
VI,70,288,1695 3632 2045 3654,2804 3254 4200 3654,IS 1 Coulat dei e | BJEMANUYS: Goudd,scan,right credit line not on the sheet: the paper level with the left line is blank to the sheet's foot
VI,71,292,761 3598 1273 3628,4358 3601 4846 3641,J. Genbt nd H.C. Hichrer Ad a lite. | Hullnandet & Walton Ip.,eye,
VI,72,296,1504 3537 2046 3585,3999 3534 4433 3586,I. Couid and EiCBachter dd tath. | Hacllnandel & Waltun trrp.,eye,
VI,73,300,1276 3373 1892 3435,4402 3392 4830 3458,J. Could ond HC Rkter del e Bh | HaTmautei & WaltonIng,scan,read from the scan; both lines faint
VI,74,304,1423 3492 1971 3544,3777 3494 4243 3546,J.Coald anà HC Ridhđer dã &ịth. | Hallmandd & Walton Imp.,eye,
VI,75,308,1481 3602 2129 3632,2874 3259 4554 3659,I. Could and H.C. Hichier Aet.ev titte. | ТАФA: Тнт,eye,"right line at the foot of a tall crop, beside the caption (NACEA: Temm.)"
VI,76,312,1253 3402 1865 3454,3958 3415 4394 3477,"J. Goald, and H.C. Richter del et lith | Hallmandel & Watton Imp.",eye,comma after Gould could be a flourish of the d; no stop after lith
VI,77,316,1152 3543 1810 3591,4231 3540 4765 3592,1. Godld cnd HOBachder dd dtith. | Hulnandl X Watten Inp,eye,no stop visible after Imp
VI,78,320,1326 3618 1776 3646,4149 3622 4425 3652,LGold and HCHichto Ad a tith. | C. Hhalnande Imp.,eye,
VI,79,324,1435 3572 2095 3608,3958 3573 4332 3621,J. Gould and H.C. Bichter del et lith. | C. Hadimandel bg,eye,
VI,80,328,1395 3454 2109 3528,3815 3480 4229 3554,I. Goald and H.C. Richter de etlith. | C. Huttmandel Imp.,eye,
VI,81,332,1124 3445 1716 3493,3792 3446 4270 3512,J. Caddand BoHichter Ad a lih. | Hultmandd & Halten I,eye,
VI,82,336,1291 3490 1841 3542,3898 3493 4350 3555,I Goalà and HCRichter đã clah. | Halmandel & Walten bp.,eye,
VII,1,12,1093 3598 1469 3650,4440 3605 4954 3675,HV98 00222 | Hntlmmaadel d Welir Ag,scan,"read from the scan: the left crop missed the start of the faint left line; the word between del and lith is et; the n of Walton is broken, its second stroke not printed, so the word could be taken for Walter"
VII,2,16,2500 2995 2772 3101,2885 2848 3558 3248,,none,"credit lines cut off: the sheet ends at the foot of the picture, above the caption"
VII,3,20,1284 3605 1784 3653,3988 3590 4446 3656,"I. Could and HC Richter del a lilh. | Hullmandd & Walton Imp,",eye,"mark after Imp looks like a comma, could be a stop"
VII,4,24,1393 3628 1889 3700,4121 3622 4487 3674,I Goad and IICkichier äd! | O. Hudimanaei,eye,superscript t after Imp
VII,5,28,1771 3450 2121 3486,3948 3431 4256 3479,,scan,"left credit line's start did not print: before Gould only a dot shows, and no initial; read from the scan, both lines faint and broken; a faint mark after del may be a superscript t"
VII,6,32,2060 3479 2326 3563,2885 3321 3998 3721,,none,"credit lines cut off: the sheet ends in the caption, itself cut"
VII,7,36,1360 3613 1946 3675,3868 3593 4240 3663,M. Geald and H C.Richtor del et tith. | C. Bultmandel Einp.,eye,mark after C of the printer's line looks like a colon
VII,8,40,577 3316 2477 3716,3293 3316 5193 3716,,none,"credit lines cut off: the sheet ends at the foot of the picture, above the caption"
VII,9,44,1095 3688 1631 3740,4031 3684 4523 3742,I.Could and HCRichter del et tith. | Hollmandel & Walton Tup,eye,no stop after Imp visible
VII,10,48,2138 3652 2586 3684,3657 3652 3993 3684,tel eo,eye,no stop visible after J or after C
VII,11,52,1395 3514 1945 3572,3588 3498 4024 3564,LCordd and HC-Richter dd a lith. | Hultmandd & Walton bngs.,eye,comma after Walton could be a stop
VII,12,56,1369 3590 1947 3642,4100 3568 4574 3634,1. Gould ana K.C. Hiekzer Zet e tith. | Hallnandel & Waltem Inep.,eye,
VII,13,60,1112 3605 1750 3663,3791 3598 4307 3663,I.Gould and H-C-Hichter del it lith. | Hullmandd & Walton Imp.,eye,
VII,14,64,577 3332 2477 3732,3293 3332 5193 3732,,none,"credit lines cut off: the sheet ends at the foot of the picture, above the caption"
VII,15,68,365 3664 1461 3716,3654 3675 4106 3715,Bulmandel & Walton Imp.,scan,"read from the scan: the left crop stopped after ""J. Gould and H""; both lines sit on the sheet's foot"
VII,16,72,1142 3523 1734 3585,3841 3498 4369 3578,LGeuld and HCLichter de d lith | Aullmandel & Walton Imp.,eye,
VII,17,76,1447 3710 2017 3732,3696 3700 4022 3732,C: Halmandel Iny.,eye,
VII,18,80,0 3722 1116 3770,3907 3380 5807 3780,,none,"credit lines cut off: the sheet ends at the foot of the picture, above the caption"
VII,19,84,946 3324 2837 3724,3990 3686 4440 3724,Mallmandat & Walton tnp.,scan,left credit line cut off at the sheet's foot: only the tops of a few letters show
VII,20,88,551 3668 1121 3720,4539 3656 5027 3708,J.Gould and HC.Hichter del et lith | Hallimande & Nalien Iip,eye,no stop after lith or after Imp
VII,21,92,699 3704 1417 3734,4540 3690 4968 3734,Coold and H.C:Hichter del a lith. | Thallandel & Walten Ing.,eye,
VII,22,96,582 3515 1188 3577,4294 3515 4738 3585,F Could and HE RzchterAd alith | Iuttmandel & Walton Imp.,eye,
VII,23,100,704 3548 1380 3614,4400 3529 4934 3621,Ltold and HCRiader dd rhrh | HolimandI & Watton Imp.,eye,
VII,24,104,611 3436 1257 3510,3387 3223 5287 3623,/GoA aA HCRidterdã a a,scan,read from the scan; the printer's line is very faint and broken
VII,25,108,709 3382 1305 3440,4139 3378 4639 3458,"NHN PP WPHA P PRST | Hultmandel & Walten Lup,",eye,
VII,26,112,577 3289 2477 3689,3293 3289 5193 3689,,none,credit lines cut off: the sheet ends in the caption
VII,27,116,906 3595 1782 3665,3717 3608 4191 3665,I.Gould and H.C.Richter đet et lith. | Ballmandel & Walton Imp.,eye,
VII,28,120,864 3533 1504 3595,4208 3525 4702 3595,I. Gould and HC Kichter đel A Tith. | Balmandd & Walton Iup.,eye,
VII,29,124,1475 3490 2137 3548,4017 3484 4429 3564,I.Gould and H-O Richter del ettüh. | C. Hallmondet Iimp.,eye,
VII,30,128,728 3559 1574 3621,4270 3525 4796 3595,T. Gould and HCRichter del tuh. | Hullmandet & Walton Emp.,eye,
VII,31,132,896 3569 1512 3609,4262 3576 4776 3620,1. Goald and H.C• Rickderdel lith. | Hilmnandel & Walton Imp.,eye,
VII,32,136,1003 3532 1625 3590,4083 3504 4569 3578,J. Gould and H. C. Richter del et lith. | Hultmandel & Walton Imp.,eye,
VII,33,140,893 3540 1503 3592,4246 3524 4730 3590,I. Goulà and Hc Richtey dd đ lith. | Hallmandel & Walton Tp.,eye,
VII,34,144,1359 3586 1947 3638,3930 3580 4422 3646,J.Goaldand HChichter de & lith. | Mullraandd & Walton Jup.,eye,"Gould and and run together, the first word's last stroke touching the next; written with a space here, for the punctuation check"
VII,35,148,768 3637 1362 3677,4308 3648 4790 3690,J. Goud and HCRichter del et lith. | Bhillinantel & Walton Ip.,eye,
VII,36,152,935 3326 1551 3384,4310 3315 4784 3385,I. Govld and H-C Riehter del eA lith. | Hallmandel & Walton trop.,eye,
VII,37,156,868 3488 1536 3554,4364 3479 4926 3563,I Gould and HC Kichter del et lith. | Hatlmandel & Walton Imp.,eye,no stop after J visible
VII,38,160,2448 3557 2786 3641,4765 3616 5167 3674,C: Stellninde bagi:,scan,"read from the scan: left credit line's foot cut off at the sheet's edge, read from the upper half of its letters, so stops are unreadable; stop after Imp could be a colon"
VII,39,164,577 3265 2477 3665,3293 3265 5193 3665,,none,"credit lines cut off: the sheet ends in the caption, itself cut"
VII,40,168,577 3281 2477 3681,3293 3281 5193 3681,,none,"credit lines cut off: the sheet ends in the caption, itself cut"
VII,41,172,577 3273 2477 3673,3293 3273 5193 3673,,none,"credit lines cut off: the sheet ends in the caption, itself cut"
VII,42,176,577 3249 2477 3649,3293 3249 5193 3649,,scan,"feet of both credit lines cut off at the sheet's edge, read from the upper half of their letters, so stops are unreadable"
VII,43,180,1759 3368 2057 3420,3217 3194 4963 3594,,none,credit lines cut off at the sheet's foot: only the tops of the right one's letters show
VII,44,184,577 3265 2477 3665,3293 3265 5193 3665,,scan,"read from the scan, whose left edge the crop had cut: left credit line's foot cut off at the sheet's edge, read from the upper part of its letters, so stops are unreadable; right credit line not on the sheet: the paper right of the caption is blank to the sheet's foot"
VII,45,188,241 3265 2141 3665,4725 3614 5241 3650,1 А /ри0,scan,"left credit line cut off at the sheet's foot: only the tops of its letters show; the right one's foot is cut too, read from the upper part of its letters"
VII,46,192,577 3265 2477 3665,3293 3265 5193 3665,,none,credit lines cut off at the sheet's foot: only the tops of a few of the right one's letters show
VII,47,196,851 3540 1505 3592,4602 3535 5130 3597,T. Gould and RRichter dd đ lith | Hattmandd & Walten Fap.,eye,
VII,48,200,600 3552 1296 3618,4494 3523 5016 3585,1 !nuldand h/ tá hte de u tth | Hullmandd & Walten tinp,eye,"crops blurred, stops hard to see; none visible after Imp"
VII,49,204,978 3563 1610 3611,4181 3542 4685 3616,1. Could and HC.Richter đel et lith: | Halmanda & Walivie Ionp.,eye,mark after lith looks like a colon
VII,50,208,996 3265 2896 3665,4478 3593 4936 3641,PROCELLARLA | Haltmxndel & Walton Irp.,scan,left credit line cut off at the sheet's foot: only the tops of its letters show
VII,51,212,1464 3593 1966 3633,3799 3572 4237 3624,A. werald and Bt. Kachordit et lith. | Beudkoranted & Weltvn torsp.,eye,
VII,52,216,1023 3520 1597 3572,4166 3507 4680 3577,I. Goald and FCRichter de tith. | Fulimandet &e Waltor Imngze.,eye,
VII,53,220,520 3509 1158 3571,4898 3492 5388 3558,J. Could and H-CKichter dd et lith. | Hullmandet & Walton Imp,eye,no stop after Imp visible
VII,54,224,1194 3627 1836 3675,2506 3281 4106 3681,,scan,read from the scan; right credit line cut off at the sheet's foot: only marks at the edge show
VII,55,228,1426 3569 1982 3617,3799 3552 4133 3610,T. Could and H.C. Richter đel et lith. | C. Hutlmandel lirp.,eye,
VII,56,232,1276 3511 1838 3559,3877 3486 4325 3544,ma IGRichier del lith. | Hallmondel & Walton Imp.,eye,J. Gould faint
VII,57,236,577 3257 2477 3657,3293 3257 5193 3657,,none,"credit lines cut off: the sheet ends in the caption, itself cut"
VII,58,240,912 3535 1536 3597,4257 3512 4811 3592,J. Gould and HC. Richter del et lith. | Hullmandel & Walton Imp.,eye,
VII,59,244,1355 3404 1939 3456,3890 3397 4354 3459,I. Gorlà and H-CRichter del et lith. | Hallmandel & Walton Enp,eye,
VII,60,248,1228 3600 1830 3644,4025 3588 4353 3646,C Huttmandel Limp.,scan,"read from the scan; the left credit line sits on the sheet's foot, the edge of the paper running through its lower half; no stop visible after the printer's C"
VII,61,252,1233 3516 1883 3568,3694 3509 4166 3571,clah- | Balmande & Watiem tng,scan,read from the scan; both lines faint and grey; the J is not visible
VII,62,256,734 3613 1456 3653,2882 3265 4782 3665,,none,"credit lines cut off at the sheet's foot: of the left one only the lower part of its letters shows, under a line in the paper, unreadable; the paper right of the caption is blank"
VII,63,260,483 3536 1101 3594,4402 3532 4942 3598,I. Gould and H.CRichterdl & lith. | Hallmandel & Watton Ip.,eye,
VII,64,264,577 3281 2447 3681,3293 3281 5193 3681,,none,"credit lines cut off at the sheet's foot: the left one is broken by a line in the paper through its letters, unreadable; the paper right of the caption is blank"
VII,65,268,1337 3554 1895 3606,3913 3536 4387 3594,"J, Goald and H C Hichter del et lith | Hallmandel & Walton Limp.",eye,"mark after J looks like a comma, could be a stop; no stops after H or C, none after lith"
VII,66,272,701 3652 1571 3688,3457 3322 5357 3722,,scan,"left credit line cut off at the sheet's foot: only the tops of its letters show; the right one's foot is cut too, read from the upper part of its letters"
VII,67,276,577 3257 2477 3657,3293 3257 5193 3657,,none,credit lines cut off at the sheet's foot: only the tops of a few of the left one's letters show
VII,68,280,577 3266 2477 3666,3293 3266 5193 3666,TP THLA T | TEUCUS,none,credit lines cut off: the sheet ends in the caption
VII,69,284,0 3645 842 3685,3870 3298 5770 3698,,none,"credit lines cut off: the sheet ends in the caption, itself cut"
VII,70,288,577 3282 2477 3682,3293 3282 5193 3682,,none,"credit lines cut off: the sheet ends in the caption, itself cut"
VII,71,292,577 3282 2477 3682,3293 3282 5193 3682,PHAI,none,credit lines cut off: the sheet ends in the caption
VII,72,296,0 3298 1900 3698,4343 3644 5745 3698,,scan,"left credit line cut off: the sheet ends in the caption; the right one's foot is cut too, read from the upper part of its letters"
VII,73,300,676 3557 1370 3619,4566 3539 5112 3609,I. Could and H.C Richter để et lith. | Bhlmandel & Watten Lmp.,eye,
VII,74,304,0 3657 1140 3705,3870 3322 5770 3722,,none,"credit lines cut off: the sheet ends at the foot of the picture, above the caption"
VII,75,308,0 3289 1900 3689,5031 3650 5733 3686,,none,"credit lines cut off: the sheet ends at the foot of the picture, above the caption"
VII,76,312,841 3574 1423 3626,4517 3568 4999 3620,I.Gould and HCRichter del et lith. | Hallmandd & Walton Ip,eye,no stop after Imp visible
VII,77,316,1412 3633 2012 3681,4170 3631 4652 3693,I Gouldand He Richtr dd lith. | Thullmandet & Walton Inp.,eye,no stop after J visible
VII,78,320,1091 3602 1755 3654,4090 3591 4606 3653,J. Gould and HC Bichter dd lith: | Hultmandet & Wälton Imp:,eye,"colon after lith and after Imp, could be a stop with a speck"
VII,79,324,1529 3548 2083 3600,3960 3555 4456 3617,T. Gould and HCRichder del A ith. | Haltmandd & Walton imp.,eye,
VII,80,328,1464 3614 1992 3658,4136 3607 4480 3669,A. GadA and HChichter dd A lith. | C: Italtmaadel Ip.,eye,
VII,81,332,1487 3586 2135 3638,3780 3580 4158 3646,J. Gould and H.C Kichter det et lith. | C Haltmondet Ivnp.,eye,no stop after C of the printer's line
VII,82,336,1427 3606 2099 3658,3978 3604 4392 3670,I. Goald and H-C Hichter det it lith. | C.Hutlmandel Trup.,eye,
VII,83,340,962 3647 1546 3687,4204 3635 4666 3683,J. Gould and HCHichter del etlith. | Hallmondd & Walten bg.,eye,
VII,84,344,1644 3652 2234 3696,3730 3665 4050 3713,1. Coald and HCHichter del tlith. | :Haltmandel hap.,eye,
VII,85,348,652 3514 1342 3580,4487 3528 5051 3608,J. Gould and HC-Hichter del et lith. | ultmandet & Walton Iup.,eye,
Supp,1,16,666 5550 1262 5638,2958 5541 3224 5633,"I.Gould &HCRichter, del et lith. | Walter, Imp.",eye,
Supp,2,20,517 5472 1157 5552,2571 5468 3115 5564,"JGeuld and H.CFichter, del &t hith. | Hullmandel & Halton, Imp.",eye,stop after del faint
Supp,3,24,512 5367 1098 5451,2485 5368 3031 5464,"I.Gould and HC Richter, del. et lith. | Hullmandel & Walton, Imp.",eye,"the mark after Richter looks like a semicolon: read as the r's terminal over a comma, as ruled for Great Britain"
Supp,4,28,640 5344 1286 5432,2670 5353 3202 5445,"J. Gould and H.C. Prichter, det. et Vith. | Hultmanddet & Walton, Imp.",eye,
Supp,5,32,404 5417 1000 5465,2806 5399 3290 5469,F. Gould and EC Richter de et lith. | Tullmande& Walton Imp.,eye,
Supp,6,36,347 5390 921 5442,2915 5390 3335 5448,7. Ga lA and H.C.Rika đd & lah. | Hullnande & Walten Imp.,eye,
Supp,7,40,84 5452 684 5540,3100 5465 3376 5557,"J.Gould & E.CRichter, del et lith. | Walter Imp.",eye,stop after Walter could be a comma
Supp,8,44,567 5448 1101 5528,2486 5391 2674 5453,"J.Gould & HCRichter, del et littv",scan,"read from the scan: the right crop missed the printer's line, which sits right of the caption; no stop visible after Imp"
Supp,9,48,775 5352 1427 5454,2821 5376 3349 5472,"I.Gouldt and H.C.Prichter; del et lith. | Hullmandct & Wailton, Imp.",eye,"the mark after Richter looks like a semicolon: read as the r's terminal over a comma, as ruled for Great Britain"
Supp,10,52,600 5445 1156 5493,2853 5438 3295 5490,"I. Bould and, H-C Richter del d üth. | Hattandel & Walton Imp.",eye,
Supp,11,56,325 5360 935 5418,3148 5365 3640 5449,I Could and HCRedder AA ef htk. | Huttmande & Walion Inp.,eye,
Supp,12,60,357 5416 927 5474,3031 5420 3485 5494,I. Goulz and BClichter de it lih | Kartlmantel & Walton Imp.,eye,
Supp,13,64,672 5483 1246 5567,3029 5518 3311 5614,"I.Gould & H.CRichter, del et tith. | Walter.Imp.",eye,stop after Walter could be a comma
Supp,14,68,380 5439 990 5523,2839 5452 3125 5548,"J.Crould & H.C.Richter, del. et lith. | Walter, Imp.",eye,
Supp,15,72,534 5451 1176 5535,2603 5450 3167 5546,"J. Gould and H.CFrichter, del et lith. | Freltmandel & Walton, Imp.",eye,"the mark after Richter looks like a semicolon: read as the letter's terminal stroke over a comma, as ruled for Great Britain"
Supp,16,76,445 5528 987 5580,3002 5513 3422 5575,I. bovld asd. IC Richter dd etlith. | Halimandd & Walten iny,eye,
Supp,17,80,328 5314 874 5384,2352 5307 2804 5387,"J. Gould and H.C.Piichter, del et lith. | Hultmandel & Walton, Imp",eye,no stop after Imp visible
Supp,18,84,170 5465 780 5557,2890 5489 3168 5581,"J.Gould & H.CRichier, del et lith. | Walter, Imp.",eye,
Supp,19,88,383 5568 917 5620,3164 5590 3620 5656,I. Corld ant H.C.hienter del et ush. | Nullmandel & Walion Imp.,eye,
Supp,20,92,439 5494 1031 5568,2537 5498 3049 5594,"S. Could and H.C. Pichter, del et lith. | Hullmandel & Walton, Imp.",eye,"the mark after Richter looks like a semicolon: read as the letter's terminal stroke over a comma, as ruled for Great Britain"
Supp,21,96,335 5296 941 5376,2420 5283 2906 5375,"J.Gould and H.C.Richter, del it tithe | Huttmandel & Walton, Imp.",eye,
Supp,22,100,320 5433 894 5517,3089 5462 3367 5558,"J.Gould & HCRichter, del et lith. | Walter, Imp.",eye,
Supp,23,104,388 5500 1036 5583,2610 5485 2894 5586,"J. Gould and H.C. Richiter, del et lith. | Walter Imp.",eye,
Supp,24,108,398 5464 980 5534,2709 5451 2987 5539,"J.Gould & HC.Richter dev et lith. | Walter, Emp.",eye,no comma after Richter
Supp,25,112,314 5496 878 5579,3183 5452 3443 5536,"T.Gould & H.CRichter, del et lith. | Walier Imp.",eye,comma after Walter faint
Supp,26,116,545 5522 1157 5602,3157 5503 3425 5595,"J.Gould and H.C.Kichter, del et lith | Walter; Imp.",eye,"the mark after Richter and after Walter looks like a semicolon: read as the letter's terminal stroke over a comma, as ruled for Great Britain"
Supp,27,120,434 5519 964 5567,2979 5505 3413 5570,"T.Cerld cnd H.C. Richter del it lirl. | Halhmandel & Walten hup,",eye,"both lines faint; mark after Imp looks like a comma, could be a stop"
Supp,28,124,521 5367 1123 5463,2562 5339 3082 5441,"J.Gould and H. C. Richter, del. et lith. | Hullmandel & Walton, Imp.",eye,
Supp,29,128,400 5527 958 5611,2973 5516 3245 5604,"J.Gould & HCRichter, del et lith. | Walter; Imp.",eye,comma after Walter could be a semicolon
Supp,30,132,590 5565 1146 5635,2673 5539 3157 5623,"S.Gould and H.CRichter, del et lith. | Fulimandel & Watton, Ip",eye,
Supp,31,136,548 5320 1142 5404,2589 5312 3087 5396,"J. Gould und H.C. Pichter, del. et lith. | Huttmandel & Watton, Imp.",eye,
Supp,32,140,641 5365 1221 5439,2589 5354 3131 5460,"J. Gould ond I.C.Richter, del et lith. | Hutimandel & Walton, Imp.",eye,
Supp,33,144,366 5486 982 5552,2986 5448 3448 5522,T. Gould and FC Hichter del et Bih. | Hullmandel & Walton Imp.,eye,
Supp,34,148,365 5452 979 5532,2965 5457 3249 5541,"J. Gould & HCRichter, del et lith. | Walter, Irop.",eye,
Supp,35,152,277 5442 905 5522,2687 5444 2957 5532,"J, Gould and H.C.Richter, det. et lith. | Waliter, Imp.",eye,"the mark after Walter looks like a semicolon: read as the letter's terminal stroke over a comma, as ruled for Great Britain"
Supp,36,156,436 5485 1044 5569,2593 5469 3099 5575,"J. Could and H. C.Fichter, del. et lith. | Hullmandel & Walton, Imp.",eye,
Supp,37,160,377 5409 947 5461,3017 5397 3475 5463,"I, Could and BCHichter da A With. | Hullmandd & Walten Imp.",eye,
Supp,38,164,476 5310 1118 5402,2562 5271 3112 5373,"I.Could and H.C. Richter, del et lith. | Hullmandel & Waltan, Imp.",eye,stop after lith faint
Supp,39,166,214 5521 854 5605,2593 5505 2871 5597,"J. Gould and HC Richter, del et lith. | Wolter, Irap.",eye,colon after del could be a stop with a speck; stop after lith faint
Supp,40,170,498 5314 1126 5384,2577 5306 3089 5398,"Ieuld ud HC Binhter, del d lith. | Hullmandel & Walton, Imp.",eye,
Supp,41,174,378 5466 976 5554,3139 5435 3409 5519,"J.Grould &H.CRichter, del et lith | Walter, Imp.",eye,"& runs into H; no gap after the comma after Walter; the mark after Richter looks like a semicolon: read as the letter's terminal stroke over a comma, as ruled for Great Britain"
Supp,42,178,397 5466 947 5524,3029 5410 3483 5501,J Ceaid and HCRichter dd &tith. | Fullmandel & Walton Imp.,eye,
Supp,43,182,442 5581 1000 5665,2853 5549 3135 5641,"J.Gould &HCRichter, del et lith. | Walter Imp.",eye,"the mark after Walter looks like a semicolon: read as the letter's terminal stroke over a comma, as ruled for Great Britain"
Supp,44,186,464 5289 1038 5377,2503 5268 2981 5360,"J.Gould and H.C Richter, dei et lith. | Hullmandel & Walton, Imp.",eye,
Supp,45,190,469 5433 1051 5490,3131 5427 3601 5492,I. Gould and HC Kichterdd et lith. | Hullmandel & Wulton Imp.,eye,
Supp,46,194,486 5431 1140 5518,2615 5433 3163 5525,"J.Gould and H.C. Prichter, del et lith. | Huttmandel i Wailton, Imp.",eye,
Supp,47,198,411 5486 971 5566,2490 5480 2982 5576,"IGould ard H.C Richter, del et tith. | Hullmandel & Walton, Imp.",eye,"the mark after Richter looks like a semicolon: read as the letter's terminal stroke over a comma, as ruled for Great Britain"
Supp,48,202,426 5280 972 5350,2469 5265 2915 5353,"J.Gould ond H.C.Kichter, del et lith. | Hullmøndel & Halton, Imp",eye,
Supp,49,206,496 5270 1126 5362,2480 5267 3050 5369,"I.Gould and H.C.Pichter, del.et lith | Hudtmandel & Watton, Imp.",eye,stop after lith very faint
Supp,50,210,487 5628 999 5680,3041 5594 3441 5660,J. Gould and H i Rechter Ad et lith. | Thillmandel & Waltom Imp.,eye,no stops visible after H or C in the blotchy print; stop after Imp could be a comma
Supp,51,214,368 5415 844 5459,2995 5418 3397 5480,rbrda cnd HCRiekder dd Atih. | Hellmandel & Watton Imp.,eye,
Supp,52,218,462 5493 1084 5585,2617 5485 3149 5591,"J. Gould und I. C. Richter, ded.et lith. | Hultmandet & Walton, Imp.",eye,
Supp,53,222,409 5480 1007 5560,2921 5465 3187 5549,"J.Gould & H.CRichter, del et lith. | Walter, Imp",eye,no stop after Imp
Supp,54,226,322 5584 898 5672,2913 5593 3165 5663,"J.Gould & HCRichter, del et lith. | Walter: Imu",eye,"p of Imp broken; no stop visible after it; the mark after Walter looks like a colon: read as the r's terminal over a stop, as ruled for Great Britain"
Supp,55,230,505 5440 1057 5514,2825 5443 3097 5535,"J.Gould &.H.CRichter, del et lithv. | Walter, Imip.",eye,
Supp,56,234,332 5487 896 5557,2439 5479 2959 5571,"I.Gould and HCPichter, del et lith. | Hullmandet & Watten, Imp",eye,"the mark after Richter and after Walton looks like a semicolon: read as the letter's terminal stroke over a comma, as ruled for Great Britain"
Supp,57,238,626 5298 1146 5364,2699 5288 3173 5362,"I.Gould H.C.Fickter, det it Wih. | Hullmandet & Watton, Imp.",eye,no and or & between Gould and H.C.Richter
Supp,58,244,674 5474 1258 5540,2800 5457 3308 5563,"J.Gould andII.C. Richter, del.et bith. | Hullmandel & Walton, Imp.",eye,
Supp,59,248,341 5371 979 5445,2495 5362 3031 5454,"J.Gould and H.C. Richter, del. ot lith. | Hultmandet & Walton, Imp.",eye,"the mark after Richter looks like a semicolon: read as the letter's terminal stroke over a comma, as ruled for Great Britain"
Supp,60,252,576 5454 1198 5542,2731 5476 3255 5578,"J. Gould and. H. C. Richter, del. et lith. | Hullmandet & Wallon, Imp.",eye,"the mark after Richter looks like a semicolon: read as the letter's terminal stroke over a comma, as ruled for Great Britain"
Supp,61,256,127 5446 691 5504,3053 5450 3489 5508,I. Gould and F'C Hichter del etlith. | Bullmandel & Walton Imn.,eye,stop after Imp faint
Supp,62,260,329 5474 929 5554,2881 5455 3157 5539,"J.Gould and E.CRichter, del. et lith. | Walter, Imp.",eye,
Supp,63,264,484 5338 1132 5408,2488 5315 3028 5411,"JGould and H.C. Richter, del et lith. | Hullmandel & Walton, Imp.",eye,
Supp,64,268,432 5529 1004 5599,2556 5532 3088 5628,"J.Goull and HC.Richter, del. et tith. | Hultmandel & Walton, Imp.",eye,"the mark after Richter looks like a semicolon: read as the letter's terminal stroke over a comma, as ruled for Great Britain"
Supp,65,272,497 5454 1049 5534,2839 5453 3093 5537,"J.Goutd: &. H.C Richter, del et lith. | Walter, Imp..",eye,"the mark after Richter looks like a semicolon: read as the letter's terminal stroke over a comma, as ruled for Great Britain"
Supp,66,276,1215 3486 1781 3566,4132 3507 4408 3591,"J. Gould & HI CRichter, del et lith. | Walter Irnp.",eye,"no punctuation after Walter; the mark after Richter looks like a semicolon: read as the letter's terminal stroke over a comma, as ruled for Great Britain"
Supp,67,280,503 5219 1047 5293,2418 5213 2952 5315,"J. Gorld and H.C Richter, del et läth. | Hultmandel & Walton, Imp.",eye,
Supp,68,284,308 5428 932 5511,2930 5430 3212 5526,"J. Gould & HRichter, del et lith. | Walter Imp.",eye,faint speck after Walter could be a comma
Supp,69,288,452 5473 1030 5543,2712 5464 2988 5566,"• Jtrould & H.CRichter, del et lith. | Watter, Emp.",eye,comma after Richter faint
Supp,70,292,446 5724 1052 5812,2996 5689 3270 5781,"J.Gould & HCRichter, del et tith. | Walter, Imp.",eye,"the mark after Richter looks like a semicolon: read as the letter's terminal stroke over a comma, as ruled for Great Britain"
Supp,71,295,824 3569 1578 3617,3460 3557 4402 3620,"TGald, & HCRinhton Jnl, ot, Tith, | Walter h",scan,"feet of both credit lines cut off at the sheet's edge, read from the upper part of their letters, so stops are unreadable"
Supp,72,298,618 5443 1160 5509,2702 5435 3222 5537,"I.Gorld and H.C.Richter, del ot lith. | Hiltmande &Walton,Imp.",eye,"the mark after Richter looks like a semicolon: read as the letter's terminal stroke over a comma, as ruled for Great Britain"
Supp,73,301,1101 3628 1715 3702,4384 3622 4904 3710,"S.Gould and H.C. Richter, del.et lith. | Hullmandel & Walton, Irp.",eye,"the mark after Richter looks like a semicolon: read as the letter's terminal stroke over a comma, as ruled for Great Britain"
Supp,74,304,115 5496 713 5576,3225 5494 3495 5582,"J.Gould & H.CRichte, del et lith. | Walter: Irrop.",eye,"the mark after Richter and after Walter looks like a semicolon: read as the letter's terminal stroke over a comma, as ruled for Great Britain"
Supp,75,307,989 3542 1599 3622,4466 3544 4744 3632,"J.Gould & HC.Richter; del et tith. | Walter, Irp.",eye,"the mark after Richter looks like a semicolon: read as the letter's terminal stroke over a comma, as ruled for Great Britain"
Supp,76,311,906 5479 1344 5527,4518 5261 6418 5661,УUamhe del daa | ан Утея,scan,"read from the scan; the printer's line is very faint and broken, legible as word shapes"
Supp,77,316,815 3552 1409 3626,4233 3560 4517 3656,"J.Gould & II.C.Richter, del. et lith. | Walter, Imp.",eye,
Supp,78,320,1174 3474 1780 3562,4093 3504 4373 3600,"J. Gould & HCRichter; del et lith, | Walter Imp.",eye,"left line ends with a comma after lith; comma after Walter faint; the mark after Richter looks like a semicolon: read as the letter's terminal stroke over a comma, as ruled for Great Britain"
Supp,79,324,1066 3507 1652 3591,4001 3506 4279 3586,"J.Gould & HCRichter, del et lith. | Walter, Imp.",eye,"the mark after Richter looks like a semicolon: read as the letter's terminal stroke over a comma, as ruled for Great Britain"
Supp,80,328,1126 3557 1678 3627,4332 3548 4832 3636,"J.Gould and H.C.Richter, del.et lith. | Hullmandel & Wolton, Imp",eye,"the mark after Richter looks like a semicolon: read as the letter's terminal stroke over a comma, as ruled for Great Britain"
Supp,81,332,1164 3528 1716 3594,4450 3533 4956 3617,"1.Could and H.C.Richler, del et lith. | Hullmandel & Walton, Imp.",eye,stop after Imp faint
