volume,plate,kind,ku_id,ku_name,ku_scientific,scientific,common,note
I,4,lumped,ku-gould:17718,Barbary Falcon,Falco pelegrinoides,Falco peregrinus,Peregrine Falcon,"KU's Barbary Falcon (F. pelegrinoides), of which babylonicus is a race, is lumped into the Peregrine by eBird 2025"
I,10,old name,ku-gould:17694,Blyth's Hawk-Eagle,Spizaetus alboniger,Nisaetus alboniger,Blyth's Hawk-Eagle,KU uses the older genus Spizaetus
I,15,old name,ku-gould:17674,Collared Owlet,Glaucidium brodiei,Taenioptynx brodiei,Collared Owlet,an older genus or spelling for the same species
I,17,error,ku-gould:17666,Spotted Owlet,Athene brama indica,Tyto javanica,Eastern Barn Owl,"KU matched the epithet to Athene brama indica; the caption, the text and the bird are a barn owl"
I,18,pre-split,ku-gould:17662,Grass Owl,Tyto capensis,Tyto longimembris,Australasian Grass-Owl,"KU's Tyto capensis is the African Grass-Owl, which once included the eastern birds as T. capensis longimembris"
I,20,error,ku-gould:17654,African Palm Swift,Cypsiurus parvus,Cypsiurus balasiensis,Asian Palm Swift,KU's Cypsiurus parvus is the African Palm Swift
I,27,pre-split,ku-gould:17626,European Striated Swallow,Hirundo (Cecropis) daurica rufula,Cecropis rufula,European Red-rumped Swallow,"KU names it as a race of the old Red-rumped Swallow, Hirundo daurica rufula"
I,28,subspecies,ku-gould:17622,European Striated Swallow,Hirundo (Cecropis) daurica,Cecropis daurica,Eastern Red-rumped Swallow,KU names the race; the row gives its species
I,29,subspecies,ku-gould:17618,Indian Striated Swallow,Hirundo (Cecropis) daurica erythropygia,Cecropis daurica,Eastern Red-rumped Swallow,"KU names the race, daurica erythropygia"
I,30,old name,ku-gould:17614,Sri Lanka Swallow,Hirundo (Cecropis) hyperythra,Cecropis hyperythra,Sri Lanka Swallow,KU files it under Hirundo (Cecropis)
I,33,old name,ku-gould:17602,"Streak-throated Swallow, Indian Cliff Swallow",Hirundo fluvicola,Petrochelidon fluvicola,Streak-throated Swallow,an older genus or spelling for the same species
I,35,printed name,ku-gould:17594,Blue-throated Bee-eater,Merops viridis,Merops orientalis,Asian Green Bee-eater,KU follows the printed Merops viridis; the plate shows the Green Bee-eater
I,38,error,ku-gould:17582,Blue-bearded Bee-eater,Nyctyornis athertoni,Nyctyornis amictus,Red-bearded Bee-eater,"KU names another species; the caption, the text and the bird agree with the row"
I,44,subspecies,ku-gould:17558,White-throated Kingfisher,Halcyon smyrnensis gularis,Halcyon gularis,Brown-breasted Kingfisher,KU names the race; the row gives its species
I,49,subspecies,ku-gould:17538,Banded Kingfisher,Lacedo pulchella melanops,Lacedo pulchella,Banded Kingfisher,KU names the race; the row gives its species
I,55,pre-split,ku-gould:17514,Indian Roller,Coracias benghalensis affinis,Coracias affinis,Indochinese Roller,KU makes affinis a race of Indian Roller; eBird 2025 splits it as Indochinese Roller
I,63,subspecies,ku-gould:17482,Silver-breasted Broadbill,Serilophus lunatus rubropygius,Serilophus rubropygius,Gray-lored Broadbill,KU names the race; the row gives its species
I,67,error,ku-gould:17466,Masked Trogon,Trogon personatus,Harpactes duvaucelii,Scarlet-rumped Trogon,KU names a New World trogon of the same epithet
I,68,error,ku-gould:17462,"Collared Trogon, Trogón de collar",Trogon collaris puella,Harpactes orrhophaeus,Cinnamon-rumped Trogon,KU names a New World trogon (Collared Trogon)
I,69,error,ku-gould:17458,"Violaceous Trogon, Trogón violáceo",Trogon violaceus ramonianus,Harpactes erythrocephalus,Red-headed Trogon,KU names a New World trogon (Violaceous Trogon)
I,70,error,ku-gould:17454,"Black-headed Trogon, Trogón cabeza negra",Trogon melanocephalus,Harpactes diardii,Diard's Trogon,KU names a New World trogon of the same epithet
I,71,error,ku-gould:17450,"Amazonian White-tailed Trogon, White-tailed Trogon",Trogon viridis,Harpactes oreskios,Orange-breasted Trogon,KU names a New World trogon of the same epithet
I,72,error,ku-gould:17446,Black-throated Trogon,Trogon rufus tenellus,Apalharpactes reinwardtii,Javan Trogon,KU names a New World trogon (Trogon rufus)
I,73,error,ku-gould:17442,Blue-crowned Trogon,Trogon curucui,Apalharpactes mackloti,Sumatran Trogon,KU names a New World trogon (Trogon curucui)
I,74,error,ku-gould:17438,Black-tailed Trogon,Trogon melanurus,Harpactes kasumba,Red-naped Trogon,KU names a New World trogon of the same epithet
I,75,error,ku-gould:17434,"Violaceous Trogon, Trogón violáceo",Trogon violaceus,Harpactes fasciatus,Malabar Trogon,KU names a New World trogon of the same epithet
I,76,error,ku-gould:17430,"Mountain Trogon, Trogón mexicano",Trogon mexicanus,Harpactes ardens,Philippine Trogon,KU names a New World trogon of the same epithet
II,7,pre-split,ku-gould:17356,Scarlet Minivet,Pericrocotus flammeus,Pericrocotus speciosus,Scarlet Minivet,KU gives the parent species before the split
II,13,pre-split,ku-gould:17332,White-browed Shrike-Babbler,Pteruthius flaviscapis,Pteruthius aeralatus,White-browed Shrike-Babbler,KU gives the parent species before the split
II,14,pre-split,ku-gould:17328,White-browed Shrike-Babbler,Pteruthius flaviscapis,Pteruthius aeralatus,White-browed Shrike-Babbler,KU's Pteruthius flaviscapis is the old wide species; eBird 2025's flaviscapis is the Javan Pied Shrike-Babbler
II,19,pre-split,ku-gould:17308,Asian Paradise Flycatcher,Terpsiphone paradisi,Terpsiphone incei,Amur Paradise-Flycatcher,KU gives the parent species before the split
II,23,old name,ku-gould:17292,Nectarinia osea,Nectarinia osea,Cinnyris osea,Palestine Sunbird,an older genus or spelling for the same species
II,24,old name,ku-gould:17288,Nectarinia zeylonica,Nectarinia zeylonica,Leptocoma zeylonica,Purple-rumped Sunbird,an older genus or spelling for the same species
II,25,old name,ku-gould:17284,Nectarinia calcostetha,Nectarinia calcostetha,Leptocoma calcostetha,Copper-throated Sunbird,KU's Nectarinia calcostetha is the older genus
II,30,pre-split,ku-gould:17264,Crimson Sunbird,Aethopyga siparaja,Aethopyga vigorsii,Vigors's Sunbird,KU gives the parent species before the split
II,32,old name,ku-gould:17256,Nectarinia asiatica,Nectarinia asiatica,Cinnyris asiaticus,Purple Sunbird,an older genus or spelling for the same species
II,33,old name,ku-gould:17252,Nectarinia lotenia,Nectarinia lotenia,Cinnyris lotenius,Loten's Sunbird,an older genus or spelling for the same species
II,34,subspecies,ku-gould:17248,Japanese White-eye,Zosterops japonicus  simplex,Zosterops simplex,Swinhoe's White-eye,KU names the race; the row gives its species
II,36,printed name,ku-gould:17240,Scarlet-collared Flowerpecker,Dicaeum retrocinctum,Dicaeum australe,Red-keeled Flowerpecker,KU's record names only the title bird; Gould's supposed female is the Red-keeled Flowerpecker
II,41,old name,ku-gould:17220,Legge's Flowerpecke,Dicaeum vincens,Pachyglossa vincens,White-throated Flowerpecker,KU uses Dicaeum; eBird 2025 puts it in Pachyglossa
II,44,pre-split,ku-gould:17208,Chestnut-bellied Nuthatch,Sitta castanea,Sitta cinnamoventris,Chestnut-bellied Nuthatch,KU gives the parent species before the split
II,49,error,ku-gould:17188,Chestnut-bellied Nuthatch,Sitta castanea,Sittiparus castaneoventris,Chestnut-bellied Tit,"KU names another species; the caption, the text and the bird agree with the row"
II,52,old name,ku-gould:17176,Black-lored Tit,Parus xanthogenys,Machlolophus xanthogenys,Himalayan Black-lored Tit,an older genus or spelling for the same species
II,53,old name,ku-gould:17172,Yellow-cheeked Tit,Parus spilonotus,Machlolophus spilonotus,Yellow-cheeked Tit,an older genus or spelling for the same species
II,54,pre-split,ku-gould:17168,Black-lored Tit,Parus xanthogenys,Machlolophus aplonotus,Indian Yellow Tit,KU's Parus xanthogenys predates the split of the Indian Yellow Tit from Himalayan Black-lored Tit
II,55,pre-split,ku-gould:17164,Great Tit,Parus major,Parus cinereus,Asian Tit,KU gives the parent species before the split
II,56,pre-split,ku-gould:17160,Great Tit,Parus major,Parus cinereus,Asian Tit,KU gives the parent species before the split
II,58,subspecies,ku-gould:17152,Grey Crested Tit,Lophophanes s dichrou,Lophophanes dichrous,Gray-crested Tit,KU names the race; the row gives its species
II,61,lumped,ku-gould:17140,Spot-winged Ti,Periparus melanolophus,Periparus ater,Coal Tit,KU's Periparus melanolophus (Spot-winged Tit) is lumped into Coal Tit in eBird 2025
II,63,old name,ku-gould:17132,Pygmy Bushtit,Psaltria exilis,Aegithalos exilis,Pygmy Tit,KU uses the older genus Psaltria
II,69,pre-split,ku-gould:17108,Long-tailed Bushtit,Aegithalos caudatus,Aegithalos glaucogularis,Silver-throated Tit,KU gives the parent species before the split
III,1,error,ku-gould:17065,Great Thrush,Turdus fuscater,Turdus eunomus,Dusky Thrush,"KU names another species; the caption, the text and the bird agree with the row"
III,12,pre-split,ku-gould:17021,Malagasy Bulbul,Hypsipetes madagascariensis,Hypsipetes leucocephalus,Black Bulbul,KU's H. madagascariensis is the old wide species that once took in the Asian Black Bulbul
III,15,error,ku-gould:17009,Orange-bellied Leafbird,Chloropsis hardwickii,Chloropsis aurifrons,Golden-fronted Leafbird,KU names the Orange-bellied Leafbird (Gould's III.14); the plate and text are the Golden-fronted
III,17,pre-split,ku-gould:17001,Blue-winged Leafbird,Chloropsis cochinchinensis,Chloropsis jerdoni,Jerdon's Leafbird,KU gives the parent species before the split
III,22,old name,ku-gould:16981,Irena cyanogaster,Irena cyanogaster,Irena cyanogastra,Philippine Fairy-bluebird,an older genus or spelling for the same species
III,23,old name,ku-gould:16977,Irena cyanogaster,Irena cyanogaster,Irena cyanogastra,Philippine Fairy-bluebird,KU spells it Irena cyanogaster
III,25,pre-split,ku-gould:16969,Oriental Magpie-Robin,Copsychus saularis,Copsychus mindanensis,Philippine Magpie-Robin,KU gives the parent species before the split
III,27,old name,ku-gould:16961,Myiophonus blighi,Myiophonus blighi,Myophonus blighi,Sri Lanka Whistling-Thrush,KU spells the genus Myiophonus
III,28,old name,ku-gould:16957,Myiophonus insularis,Myiophonus insularis,Myophonus insularis,Taiwan Whistling-Thrush,an older genus or spelling for the same species
III,29,old name,ku-gould:16953,White-bellied Shortwing,Brachypteryx major,Sholicola albiventris,White-bellied Sholakili,an older genus for the same species
III,30,old name,ku-gould:16949,Rufous-backed Sibia,Heterophasia annectens,Leioptila annectens,Rufous-backed Sibia,an older genus or spelling for the same species
III,31,old name,ku-gould:16945,Great Parrotbill,Conostoma oemodium,Paradoxornis aemodius,Great Parrotbill,an older genus or spelling for the same species
III,33,old name,ku-gould:16937,Spot-breasted Scimitar Babbler,Pomatorhinus erythrocnemis,Erythrogenys erythrocnemis,Black-necklaced Scimitar-Babbler,an older genus or spelling for the same species
III,34,old name,ku-gould:16933,Slender-billed Scimitar Babbler,Xiphirhynchus superciliaris,Pomatorhinus superciliaris,Slender-billed Scimitar-Babbler,an older genus or spelling for the same species
III,36,old name,ku-gould:16925,Red-winged Laughingthrush,Garrulax formosus,Trochalopteron formosum,Red-winged Laughingthrush,KU uses the older genus Garrulax
III,37,old name,ku-gould:16921,Black-faced Laughingthrush,Garrulax affinis,Trochalopteron affine,Black-faced Laughingthrush,an older genus or spelling for the same species
III,38,error,ku-gould:16917,Chestnut-crowned Laughingthrush,Garrulax erythrocephalus,Trochalopteron variegatum,Variegated Laughingthrush,"KU names another species; the caption, the text and the bird agree with the row"
III,39,old name,ku-gould:16913,Moustached Laughingthrush,Garrulax cineraceus,Ianthocincla cineracea,Moustached Laughingthrush,KU uses the older genus Garrulax
III,40,old name,ku-gould:16909,Striped Laughingthrush,Garrulax virgatus,Trochalopteron virgatum,Striped Laughingthrush,an older genus or spelling for the same species
III,41,old name,ku-gould:16905,Black-faced Laughingthrush,Garrulax affinis,Trochalopteron affine,Black-faced Laughingthrush,KU uses the older genus Garrulax
III,42,old name,ku-gould:16901,Elliot's Laughingthrush,Garrulax elliotii,Trochalopteron elliotii,Elliot's Laughingthrush,an older genus or spelling for the same species
III,43,pre-split,ku-gould:16897,Chestnut-crowned Laughingthrush,Garrulax erythrocephalus,Trochalopteron melanostigma,Silver-eared Laughingthrush,KU gives the parent species before the split
III,44,old name,ku-gould:16893,Spotted Laughingthrush,Garrulax ocellatus,Ianthocincla ocellata,Spotted Laughingthrush,an older genus or spelling for the same species
III,45,old name,ku-gould:16889,Spotted Laughingthrush,Garrulax ocellatus,Ianthocincla ocellata,Spotted Laughingthrush,KU uses the older genus Garrulax
III,46,old name,ku-gould:16885,Barred Laughingthrush,Garrulax lunulatus,Ianthocincla lunulata,Barred Laughingthrush,KU uses the older genus Garrulax
III,47,old name,ku-gould:16881,Brown-capped Laughingthrush,Garrulax austeni,Trochalopteron austeni,Brown-capped Laughingthrush,KU uses the older genus Garrulax
III,48,old name,ku-gould:16877,Wynaad Laughingthrush,Garrulax delesserti,Pterorhinus delesserti,Wayanad Laughingthrush,an older genus or spelling for the same species
III,49,old name,ku-gould:16873,Rufous-vented Laughingthrush,Garrulax gularis,Pterorhinus gularis,Rufous-vented Laughingthrush,KU uses the older genus Garrulax
III,50,old name,ku-gould:16869,White-throated Laughingthrush,Garrulax albogularis,Pterorhinus albogularis,White-throated Laughingthrush,KU uses the older genus Garrulax
III,51,error,ku-gould:16865,Grey-sided Laughingthrush,Garrulax caerulatus,Pterorhinus poecilorhynchus,Rusty Laughingthrush,"KU names another species; the caption, the text and the bird agree with the row"
III,52,old name,ku-gould:16861,Yellow-throated Laughingthrush,Garrulax galbanus,Pterorhinus galbanus,Yellow-throated Laughingthrush,KU uses the older genus Garrulax
III,53,old name,ku-gould:16857,"Greater Necklaced Laughing Thrush, Greater Necklaced Laughingthrush",Garrulax pectoralis,Pterorhinus pectoralis,Greater Necklaced Laughingthrush,an older genus or spelling for the same species
III,54,old name,ku-gould:16853,Black-throated Laughingthrush,Garrulax chinensis,Pterorhinus chinensis,Black-throated Laughingthrush,an older genus or spelling for the same species
III,55,old name,ku-gould:16849,Plain Laughingthrush,Garrulax davidi,Pterorhinus davidi,Pere David's Laughingthrush,an older genus or spelling for the same species
III,60,old name,ku-gould:16829,Long-billed Wren-Babbler,Rimator malacoptilus,Napothera malacoptila,Long-billed Wren-Babbler,an older genus for the same species
III,61,old name,ku-gould:16825,Gould's Shortwing,Brachypteryx stellata,Heteroxenicus stellatus,Gould's Shortwing,KU uses the older genus Brachypteryx
III,63,old name,ku-gould:16817,Streaked Wren-Babbler,Napothera brevicaudata,Gypsophila brevicaudata,Streaked Wren-Babbler,KU uses Napothera
III,64,old name,ku-gould:16813,White-collared Yuhina,Yuhina diademata,Parayuhina diademata,White-collared Yuhina,KU uses the older genus Yuhina
III,66,old name,ku-gould:16805,Dusky Fulvetta,Alcippe brunnea,Schoeniparus brunneus,Dusky Fulvetta,an older genus or spelling for the same species
III,68,pre-split,ku-gould:16797,Vinous-throated Parrotbill,Paradoxornis webbianus,Suthora brunnea,Brown-winged Parrotbill,"KU gives Vinous-throated Parrotbill, which once included brunnea as a race; eBird keeps Brown-winged separate"
III,69,old name,ku-gould:16793,Black-throated Parrotbill,Paradoxornis nipalensis,Suthora nipalensis,Black-throated Parrotbill,KU uses the older genus Paradoxornis
III,70,old name,ku-gould:16789,Black-throated Parrotbill,Paradoxornis nipalensis,Suthora nipalensis,Black-throated Parrotbill,an older genus or spelling for the same species
III,71,old name,ku-gould:16785,Fulvous Parrotbil,Paradoxornis fulvifrons,Suthora fulvifrons,Fulvous Parrotbill,KU uses the older genus Paradoxornis
III,72,old name,ku-gould:16781,Vinous-throated Parrotbill,Paradoxornis webbianus,Suthora webbiana,Vinous-throated Parrotbill,an older genus or spelling for the same species
IV,2,old name,ku-gould:16732,Tesia castaneocoronata,Tesia castaneocoronata,Cettia castaneocoronata,Chestnut-headed Tesia,an older genus or spelling for the same species
IV,4,pre-split,ku-gould:16724,Graceful Prinia,Prinia gracilis,Prinia lepida,Delicate Prinia,KU gives the parent Graceful Prinia; Blyth's lepida and the Sind bird are the Delicate Prinia
IV,8,pre-split,ku-gould:16708,Striated Yuhina,Yuhina castaniceps,Staphida torqueola,Indochinese Yuhina,KU gives the parent species before the split
IV,9,old name,ku-gould:16704,Black-chinned Babbler,Stachyris pyrrhops,Cyanoderma pyrrhops,Black-chinned Babbler,an older genus or spelling for the same species
IV,10,old name,ku-gould:16700,Rufous-capped Babbler,Stachyris ruficeps,Cyanoderma ruficeps,Rufous-capped Babbler,an older genus or spelling for the same species
IV,11,old name,ku-gould:16696,Striated Yuhina,Yuhina castaniceps,Staphida castaniceps,Striated Yuhina,an older genus (Yuhina) for the same species
IV,18,old name,ku-gould:16668,Chestnut-tailed Minla,Minla strigula,Actinodura strigula,Chestnut-tailed Minla,an older genus or spelling for the same species
IV,19,old name,ku-gould:16664,Blue-winged Minla,Minla cyanouroptera,Actinodura cyanouroptera,Blue-winged Minla,an older genus or spelling for the same species
IV,23,error,ku-gould:16648,Brown Dipper,Cinclus pallasii,Cinclus cinclus,White-throated Dipper,KU reads Brown Dipper; the paler bib in Gould's text and on the plate makes it the White-throated Dipper's dark sordidus morph
IV,33,old name,ku-gould:16608,Saxicola leucura,Saxicola leucura,Saxicola leucurus,White-tailed Stonechat,a spelling of the same epithet (leucura)
IV,34,pre-split,ku-gould:16604,Saxicola torquatus,Saxicola torquatus,Saxicola maurus,Siberian Stonechat,"KU gives Saxicola torquatus, in eBird 2025 the African Stonechat; the Indian bird is the Siberian Stonechat"
IV,36,error,ku-gould:16596,White-capped Redstart,Chaimarrornis leucocephalus,Phoenicurus erythrogastrus,White-winged Redstart,"KU followed Gould's English name; his Ruticilla erythrogastra, with its white wing patch and brown female, is Güldenstädt's (White-winged) Redstart"
IV,38,old name,ku-gould:16588,Siberian Rubythroat,Luscinia calliope,Calliope calliope,Siberian Rubythroat,an older genus or spelling for the same species
IV,39,old name,ku-gould:16584,White-tailed Rubythroat,Luscinia pectoralis,Calliope pectoralis,Himalayan Rubythroat,an older genus or spelling for the same species
IV,40,subspecies,ku-gould:16580,White-tailed Rubythroat,Luscinia pectoralis tschebaiewi,Calliope tschebaiewi,Chinese Rubythroat,KU names the race; the row gives its species
IV,50,old name,ku-gould:16540,Asian Desert Warbler,Sylvia nana,Curruca nana,Asian Desert Warbler,an older genus (Sylvia) for the same species
IV,52,old name,ku-gould:16532,Spotted Wren-Babbler,Spelaeornis formosus,Elachura formosa,Spotted Elachura,an older genus or spelling for the same species
IV,54,pre-split,ku-gould:16524,Wedge-billed Wren-Babbler,Sphenocichla humei,Stachyris roberti,Cachar Wedge-billed Babbler,KU gives the lumped Wedge-billed Wren-Babbler (Sphenocichla humei); roberti is the Cachar Wedge-billed Babbler
IV,55,old name,ku-gould:16520,Wedge-billed Wren-Babbler,Sphenocichla humei,Stachyris humei,Sikkim Wedge-billed Babbler,an older genus (Sphenocichla) for the same species
IV,56,pre-split,ku-gould:16516,Spotted Creeper,Salpornis spilonotus,Salpornis spilonota,Indian Spotted Creeper,KU's Spotted Creeper is the species before the split; the Indian daughter keeps the name
IV,57,printed name,ku-gould:16512,Rusty-flanked Treecreeper,Certhia nipalensis,Certhia discolor,Sikkim Treecreeper,KU gives only the printed Certhia nipalensis; Gould's text makes the lower figure Blyth's C. discolor
IV,61,old name,ku-gould:16496,White-browed Wagtail,Motacilla madaraspatensis,Motacilla maderaspatensis,White-browed Wagtail,a spelling of the same epithet
IV,64,old name,ku-gould:16484,Citrine Wagtail,Motacill citreola ,Motacilla citreola,Citrine Wagtail,KU's 'Motacill citreola' is a misspelling of the same species
V,1,subspecies,ku-gould:16431,Tibetan Snowfinch,Montifringilla adamsi haematopygia,Montifringilla adamsi,Black-winged Snowfinch,"KU names a race, haematopygia, Gould's name for the Leucosticte on V.3; its 'Tibetan Snowfinch' is now eBird's name for M. henrici"
V,4,subspecies,ku-gould:16419,"Asian Rosy Finch, Rosy Finch",Leucosticte arctoa brunneonucha,Leucosticte arctoa,Asian Rosy-Finch,KU names the race; the row gives its species
V,5,old name,ku-gould:16415,Montifringilla ruficollis,Montifringilla ruficollis,Pyrgilauda ruficollis,Rufous-necked Snowfinch,an older genus (Montifringilla) for the same species
V,17,pre-split,ku-gould:16367,"Eurasian Goldfinch, European Goldfinch, chardonneret élégant",Carduelis carduelis,Carduelis caniceps,Gray-crowned Goldfinch,KU gives the parent species before the split
V,24,old name,ku-gould:16339,Scarlet Finch,Haematospiza sipahi,Carpodacus sipahi,Scarlet Finch,an older genus (Haematospiza) for the same species
V,27,old name,ku-gould:16327,Long-tailed Rosefinch,Uragus sibiricus,Carpodacus sibiricus,Long-tailed Rosefinch,an older genus or spelling for the same species
V,30,old name,ku-gould:16315,Mongolian Finch,Eremopsaltria mongolica,Bucanetes mongolicus,Mongolian Finch,an older genus for the same species
V,47,old name,ku-gould:16247,Red-billed Blue Magpie,Urocissa erythrorhyncha,Urocissa erythroryncha,Red-billed Blue-Magpie,KU spells the epithet erythrorhyncha; eBird 2025 has erythroryncha
V,48,old name,ku-gould:16243,Red-billed Blue Magpie,Urocissa erythrorhyncha,Urocissa erythroryncha,Red-billed Blue-Magpie,an older genus or spelling for the same species
V,49,old name,ku-gould:16239,Red-billed Blue Magpie,Urocissa erythrorhyncha,Urocissa erythroryncha,Red-billed Blue-Magpie,KU spells the epithet erythrorhyncha; eBird 2025 has erythroryncha
V,57,pre-split,ku-gould:16207,"Black-billed Magpie, Eurasian Magpie, pie bavarde",Pica pica,Pica bottanensis,Black-rumped Magpie,KU gives the parent species before the split
V,59,pre-split,ku-gould:16199,Spotted Nutcracker,Nucifraga caryocatactes,Nucifraga multipunctata,Kashmir Nutcracker,"KU gives the parent Spotted Nutcracker; eBird 2025 splits Kashmir, Northern and Southern Nutcrackers"
V,66,old name,ku-gould:16171,Bar-bellied Pitta,Pitta elliotii,Hydrornis elliotii,Bar-bellied Pitta,an older genus or spelling for the same species
V,67,old name,ku-gould:16167,Garnet Pitta,Pitta granatina,Erythropitta granatina,Garnet Pitta,an older genus or spelling for the same species
V,68,subspecies,ku-gould:16163,Garnet Pitta,Pitta granatina coccinea,Erythropitta granatina,Garnet Pitta,KU names the race; the row gives its species
V,69,old name,ku-gould:16159,Blue-banded Pitta,Pitta arquata,Erythropitta arquata,Blue-banded Pitta,an older genus or spelling for the same species
V,71,old name,ku-gould:16151,Whiskered Pitta,Pitta kochi,Erythropitta kochi,Whiskered Pitta,an older genus or spelling for the same species
V,72,old name,ku-gould:16147,Blue-headed Pitta,Pitta baudii,Hydrornis baudii,Blue-headed Pitta,an older genus or spelling for the same species
V,73,old name,ku-gould:16143,Gurney's Pitta,Pitta gurneyi,Hydrornis gurneyi,Gurney's Pitta,an older genus or spelling for the same species
V,75,error,ku-gould:16135,Graceful Pitta,Pitta venusta,Erythropitta ussheri,Black-crowned Pitta,"KU names another species; the caption, the text and the bird agree with the row"
V,77,pre-split,ku-gould:16127,Banded Pitta,Pitta guajana,Hydrornis guajanus,Javan Banded-Pitta,KU gives the parent Banded Pitta; the Javan daughter keeps the name guajanus
V,78,subspecies,ku-gould:16123,Banded Pitta,Pitta guajana schwaneri,Hydrornis schwaneri,Bornean Banded-Pitta,KU names the race; the row gives its species
V,79,old name,ku-gould:16119,Blue-naped Pitta,Pitta nipalensis,Hydrornis nipalensis,Blue-naped Pitta,an older genus or spelling for the same species
V,80,old name,ku-gould:16115,Blue Pitta,Pitta cyanea,Hydrornis cyaneus,Blue Pitta,an older genus or spelling for the same species
V,81,old name,ku-gould:16111,Giant Pitta,Pitta caerulea,Hydrornis caeruleus,Giant Pitta,an older genus or spelling for the same species
V,83,pre-split,ku-gould:16103,Banded Pitta,Pitta guajana,Hydrornis irena,Malayan Banded-Pitta,KU gives the parent Banded Pitta (Pitta guajana); Sumatran boschii is the Malayan Banded-Pitta
VI,1,old name,ku-gould:16081,Layard's Parakeet,Psittacula calthropae,Psittacula calthrapae,Layard's Parakeet,KU spells it calthropae; eBird 2025 has calthrapae
VI,2,printed name,ku-gould:16077,Blossom-headed Parakeet,Psittacula roseata,Psittacula cyanocephala,Plum-headed Parakeet,KU follows the printed rosa and 'Blossom-headed'; Gould's text and the bird are the Plum-headed Parakeet
VI,3,printed name,ku-gould:16073,Plum-headed Parakeet,Psittacula cyanocephala,Psittacula roseata,Blossom-headed Parakeet,KU follows the printed cyanocephala; Gould's text and the bird are the Blossom-headed Parakeet
VI,14,error,ku-gould:16029,Golden-mantled Racket-tai,Prioniturus platurus,Prioniturus discurus,Blue-crowned Racquet-tail,"KU took Bourjot's spatuliger, partly the Celebes setarius, as P. platurus; the text and the bird are the Philippine Blue-crowned Racquet-tail"
VI,21,old name,ku-gould:16001,Grey-capped Pygmy Woodpecker,Dendrocopos canicapillus scintilliceps,Yungipicus canicapillus,Gray-capped Pygmy Woodpecker,KU has the older genus Dendrocopos
VI,22,old name,ku-gould:15997,Grey-capped Pygmy Woodpecker,Dendrocopos canicapillus doerriesi,Yungipicus canicapillus,Gray-capped Pygmy Woodpecker,KU has the older genus Dendrocopos
VI,23,subspecies,ku-gould:15993,Grey-capped Pygmy Woodpecker,Dendrocopos canicapillus aurantiiventris,Yungipicus canicapillus,Gray-capped Pygmy Woodpecker,KU names the race; the row gives its species
VI,24,pre-split,ku-gould:15989,Philippine Pygmy Woodpecker,Dendrocopos maculatus,Yungipicus ramsayi,Sulu Pygmy Woodpecker,KU gives the parent species before the split
VI,25,old name,ku-gould:15985,Sulawesi Pygmy Woodpecker,Dendrocopos temminckii,Yungipicus temminckii,Sulawesi Pygmy Woodpecker,an older genus or spelling for the same species
VI,26,old name,ku-gould:15981,Grey-capped Pygmy Woodpecker,Dendrocopos canicapillus semicoronatus,Yungipicus canicapillus,Gray-capped Pygmy Woodpecker,KU has the older genus Dendrocopos
VI,27,old name,ku-gould:15977,Grey-capped Pygmy Woodpecker,Dendrocopos canicapillus canicapillus,Yungipicus canicapillus,Gray-capped Pygmy Woodpecker,an older genus or spelling for the same species
VI,28,pre-split,ku-gould:15973,Sunda Pygmy Woodpecker,Dendrocopos moluccensis hardwickii,Yungipicus nanus,Brown-capped Pygmy Woodpecker,"KU keeps the Indian birds in Sunda Pygmy Woodpecker (D. moluccensis), from which Brown-capped is split"
VI,29,printed name,ku-gould:15969,Grey-capped Pygmy Woodpecker,Dendrocopos canicapillus auritus,Yungipicus moluccensis,Sunda Pygmy Woodpecker,"KU follows the printed auritus, now a race of the Gray-capped Pygmy Woodpecker; the text and the brown-capped bird are the Sunda Pygmy"
VI,30,subspecies,ku-gould:15965,Philippine Pygmy Woodpecker,Dendrocopos maculatus maculatus,Yungipicus maculatus,Philippine Pygmy Woodpecker,KU names the nominate race; the row gives its species
VI,31,subspecies,ku-gould:15961,Philippine Pygmy Woodpecker,Dendrocopos maculatus fulvifasciatus,Yungipicus maculatus,Philippine Pygmy Woodpecker,KU names the race; the row gives its species
VI,32,pre-split,ku-gould:15957,Sunda Pygmy Woodpecker,Dendrocopos moluccensis gymnopthalmus,Yungipicus nanus,Brown-capped Pygmy Woodpecker,"KU files it under Dendrocopos moluccensis, which then included the Brown-capped; eBird 2025 puts gymnopthalmos in Yungipicus nanus"
VI,33,pre-split,ku-gould:15953,Sunda Pygmy Woodpecker,Dendrocopos moluccensis,Yungipicus nanus,Brown-capped Pygmy Woodpecker,KU's Dendrocopos moluccensis then included the Brown-capped; eBird 2025 puts the Indian birds in Yungipicus nanus
VI,34,subspecies,ku-gould:15949,Sunda Pygmy Woodpecker,Dendrocopos moluccensis nanus,Yungipicus nanus,Brown-capped Pygmy Woodpecker,KU names the race; the row gives its species
VI,36,old name,ku-gould:15941,Greater Yellownape,Picus flavinucha,Chrysophlegma flavinucha,Greater Yellownape,an older genus or spelling for the same species
VI,37,pre-split,ku-gould:15937,Greater Goldenback,Chrysocolaptes lucidus xanthocephalus,Chrysocolaptes xanthocephalus,Yellow-faced Flameback,"KU gives it as a race of Chrysocolaptes lucidus, the Greater Flameback before the split"
VI,38,printed name,ku-gould:15933,Eurasian Wryneck,Jynx torquilla,Jynx ruficollis,Red-throated Wryneck,"KU matched 'Indian Wryneck' to the Eurasian, the only wryneck of India; the bird is red-throated"
VI,42,old name,ku-gould:15917,Cuculus sparverioides,Cuculus sparverioides,Hierococcyx sparverioides,Large Hawk-Cuckoo,KU has the older genus Cuculus
VI,43,old name,ku-gould:15913,Cuculus hyperythrus,Cuculus hyperythrus,Hierococcyx hyperythrus,Northern Hawk-Cuckoo,an older genus or spelling for the same species
VI,45,old name,ku-gould:15905,Scale-feathered Malkoha,Lepidogrammus cumingi,Dasylophus cumingi,Scale-feathered Malkoha,an older genus or spelling for the same species
VI,49,subspecies,ku-gould:15889,Black-browed Barbet,Megalaima oorti nuchalis,Psilopogon nuchalis,Taiwan Barbet,KU names the race; the row gives its species
VI,50,old name,ku-gould:15885,Golden-throated Barbet,Megalaima franklinii,Psilopogon franklinii,Golden-throated Barbet,an older genus or spelling for the same species
VI,62,printed name,ku-gould:15837,Yellow-throated Sandgrouse,Pterocles gutturalis,Pterocles senegallus,Spotted Sandgrouse,KU follows the printed guttatus; the plate shows the Spotted Sandgrouse
VI,66,error,ku-gould:15821,"Black Grouse, Eurasian Black Grouse",Lyrurus tetrix,Lyrurus mlokosiewiczi,Caucasian Grouse,"KU names the Black Grouse; the caption, the text and the bird are the Caucasian Grouse"
VI,72,subspecies,ku-gould:15797,Bambusicola thoracicus sonorivox,Bambusicola thoracicus sonorivox,Bambusicola sonorivox,Taiwan Bamboo-Partridge,KU names the race; the row gives its species
VI,73,error,ku-gould:15793,"Bearded Wood Partridge, Bearded Wood-Partridge, Codorniz-coluda veracruzana",Dendrortyx barbatus,Perdix dauurica,Daurian Partridge,"KU names the Mexican Bearded Wood-Partridge, Dendrortyx barbatus, of the same epithet"
VII,6,old name,ku-gould:15743,"Blue-breasted Quail, King Quail",Coturnix chinensis,Synoicus chinensis,Blue-breasted Quail,an older genus or spelling for the same species
VII,7,old name,ku-gould:15739,"Blue-breasted Quail, King Quail",Coturnix chinensis,Synoicus chinensis,Blue-breasted Quail,KU has the older genus Coturnix
VII,14,subspecies,ku-gould:15711,Silver Pheasant,Lophura nycthemera lineata,Lophura leucomelanos,Kalij Pheasant,KU puts lineata in Silver Pheasant (L. nycthemera); Clements keeps it in Kalij
VII,15,error,ku-gould:15707,Golden Pheasant,Chrysolophus pictus,Lophura rufa,Malayan Crested Fireback,"KU names the Golden Pheasant; the caption, the text and the bird are the Malayan Crested Fireback"
VII,22,printed name,ku-gould:15679,"Blue Eared Pheasant, White Eared Pheasant",Crossoptilon auritum,Crossoptilon mantchuricum,Brown Eared-Pheasant,"KU follows the printed Crossoptilon auritum, the Blue Eared-Pheasant; the Peking birds on the plate are the Brown Eared-Pheasant"
VII,23,error,ku-gould:15675,Rock Bush Quail,Perdicula argoondah,Syrmaticus ellioti,Elliot's Pheasant,"KU names the Rock Bush-Quail, Perdicula argoondah; the caption, the text and the bird are Elliot's Pheasant"
VII,38,subspecies,ku-gould:15615,Copper Pheasant,Syrmaticus soemmerringii scintillans,Syrmaticus soemmerringii,Copper Pheasant,KU names the race; the row gives its species
VII,51,printed name,ku-gould:15563,Grey Peacock-Pheasant,Polyplectron bicalcaratum,Polyplectron malacense,Malayan Peacock-Pheasant,KU follows the printed bicalcaratum (Gray Peacock-Pheasant); Gould's text and the plate are the Malayan bird
VII,60,printed name,ku-gould:15527,Eurasian Curlew,Numenius arquata,Numenius madagascariensis,Far Eastern Curlew,KU matched rufescens to the Eurasian Curlew; Gould's rufescens is the Far Eastern
VII,66,error,ku-gould:15503,Lady Amherst's Pheasant,Chrysolophus amherstiae,Calidris pygmaea,Spoon-billed Sandpiper,"KU names another species; the caption, the text and the bird agree with the row"
